{
"type": "FeatureCollection",
"name": "chuncheon-admin-dong",
"crs": { "type": "name", "properties": { "name": "urn:ogc:def:crs:OGC:1.3:CRS84" } },
"xy_coordinate_resolution": 1e-06,
"features": [
{"type":"Feature","properties":{"BASE_DATE":"20250630","ADM_CD":"32010110","ADM_NM":"신북읍"},"geometry":{"type":"MultiPolygon","coordinates":[[[[127.775991,38.013897],[127.776539,38.013597],[127.776591,38.013607],[127.776805,38.013645],[127.776807,38.013646],[127.776819,38.013648],[127.776825,38.013649],[127.778218,38.013902],[127.77831,38.013878],[127.779156,38.013657],[127.779206,38.013541],[127.779393,38.013104],[127.779793,38.012663],[127.780188,38.011851],[127.780286,38.011381],[127.780521,38.010256],[127.780656,38.00961],[127.781343,38.008519],[127.783207,38.006491],[127.784271,38.00409],[127.785552,38.00276],[127.785544,38.001524],[127.786296,38.000868],[127.786366,38.000807],[127.786704,38.000513],[127.786602,37.999926],[127.78649,37.999281],[127.786908,37.998975],[127.78774,37.998364],[127.787853,37.998282],[127.787494,37.99747],[127.787117,37.996616],[127.786672,37.995411],[127.787553,37.997279],[127.787751,37.996806],[127.787754,37.9968],[127.787765,37.996642],[127.787813,37.995926],[127.787851,37.995363],[127.787953,37.995057],[127.788202,37.994303],[127.788206,37.994294],[127.788527,37.994293],[127.78905,37.994291],[127.789672,37.994289],[127.790208,37.994287],[127.790465,37.994287],[127.790466,37.994287],[127.790526,37.994314],[127.790689,37.994387],[127.791667,37.994824],[127.791996,37.994913],[127.792219,37.99498],[127.793504,37.995365],[127.794641,37.995706],[127.794619,37.995665],[127.793304,37.993239],[127.793296,37.993224],[127.79317,37.992787],[127.792934,37.991968],[127.792456,37.989889],[127.792477,37.986382],[127.792563,37.986278],[127.793954,37.984596],[127.793964,37.984586],[127.793952,37.984567],[127.792643,37.98242],[127.792831,37.980276],[127.79279,37.978434],[127.792454,37.97723],[127.792442,37.975019],[127.793844,37.973682],[127.794522,37.97245],[127.794682,37.972095],[127.795031,37.971226],[127.795487,37.970023],[127.795537,37.968051],[127.795194,37.966816],[127.79423,37.965115],[127.794283,37.962763],[127.794611,37.961706],[127.794873,37.960374],[127.795284,37.959044],[127.795432,37.958997],[127.797099,37.95847],[127.798354,37.958243],[127.798594,37.958245],[127.799051,37.95825],[127.799791,37.957969],[127.800769,37.957971],[127.801809,37.957442],[127.802082,37.957249],[127.802675,37.956828],[127.803949,37.956389],[127.804606,37.956162],[127.804787,37.955871],[127.805005,37.955523],[127.806194,37.954919],[127.806902,37.95432],[127.807684,37.954084],[127.807851,37.954033],[127.807871,37.953968],[127.808126,37.953126],[127.808314,37.952686],[127.80964,37.951508],[127.809977,37.951367],[127.811101,37.950491],[127.814372,37.94896],[127.814722,37.948914],[127.814985,37.948883],[127.815029,37.948978],[127.815037,37.948996],[127.815052,37.949026],[127.815228,37.94898],[127.815255,37.948972],[127.81527,37.949003],[127.815278,37.949019],[127.81546,37.948962],[127.815446,37.948947],[127.815427,37.948927],[127.815291,37.948787],[127.8153,37.948782],[127.816258,37.948272],[127.816885,37.94784],[127.817334,37.947215],[127.817384,37.947146],[127.817026,37.947008],[127.814186,37.945912],[127.812113,37.94463],[127.810991,37.943886],[127.810849,37.943672],[127.810679,37.943521],[127.810448,37.943381],[127.808484,37.942233],[127.806989,37.94066],[127.804676,37.93867],[127.802158,37.936111],[127.802024,37.935974],[127.797638,37.9335],[127.796722,37.932902],[127.794878,37.931601],[127.794631,37.931452],[127.793108,37.930535],[127.791283,37.929434],[127.790024,37.928967],[127.787547,37.928047],[127.785579,37.927599],[127.783026,37.927269],[127.782404,37.927189],[127.776989,37.927891],[127.776778,37.927872],[127.774214,37.927649],[127.773613,37.927579],[127.772163,37.927412],[127.771746,37.927363],[127.768522,37.927175],[127.766503,37.926811],[127.766104,37.926739],[127.763987,37.926228],[127.763276,37.926054],[127.762823,37.925943],[127.761772,37.925036],[127.757963,37.924245],[127.75751,37.924153],[127.756672,37.923982],[127.751419,37.923028],[127.75129,37.922999],[127.745493,37.921724],[127.745495,37.921874],[127.745495,37.922068],[127.745497,37.922268],[127.745498,37.922347],[127.745501,37.922703],[127.745505,37.923097],[127.745506,37.923129],[127.745502,37.923198],[127.745503,37.923355],[127.745504,37.923464],[127.745505,37.923566],[127.745506,37.923635],[127.745384,37.92359],[127.745351,37.923578],[127.745093,37.923484],[127.744825,37.923387],[127.744519,37.923276],[127.744233,37.923173],[127.743759,37.923],[127.743734,37.922991],[127.743507,37.922909],[127.743281,37.922826],[127.743162,37.922783],[127.742829,37.922662],[127.742392,37.922506],[127.742089,37.922398],[127.741703,37.92226],[127.741354,37.922134],[127.741321,37.922197],[127.741288,37.922259],[127.741216,37.922409],[127.741211,37.922421],[127.741124,37.922567],[127.74111,37.922617],[127.740984,37.923061],[127.741004,37.923357],[127.741021,37.923611],[127.740941,37.924215],[127.740949,37.924276],[127.741015,37.924789],[127.740684,37.925222],[127.740586,37.925351],[127.740589,37.925547],[127.740642,37.925705],[127.740652,37.925734],[127.740842,37.926222],[127.740509,37.926904],[127.740505,37.926912],[127.740397,37.927133],[127.740374,37.927182],[127.740049,37.927568],[127.739686,37.928016],[127.73959,37.928133],[127.739589,37.928135],[127.739571,37.928163],[127.739563,37.928193],[127.739559,37.928245],[127.739491,37.929023],[127.739482,37.929119],[127.739465,37.929317],[127.739459,37.929384],[127.739337,37.930045],[127.739325,37.930108],[127.739119,37.930236],[127.738466,37.930641],[127.738162,37.930832],[127.737899,37.930998],[127.737731,37.931024],[127.737564,37.93105],[127.736856,37.93158],[127.736528,37.931738],[127.736195,37.931899],[127.73593,37.932071],[127.73546,37.932374],[127.735118,37.932682],[127.734326,37.933034],[127.734016,37.933167],[127.733966,37.933189],[127.733926,37.933206],[127.733656,37.93331],[127.73336,37.933947],[127.73336,37.934109],[127.73346,37.934251],[127.733607,37.934461],[127.733889,37.934866],[127.734094,37.935161],[127.734518,37.935444],[127.735546,37.936128],[127.735573,37.936146],[127.735599,37.936164],[127.735909,37.93637],[127.735933,37.936386],[127.73709,37.937274],[127.737487,37.937462],[127.737654,37.937523],[127.738003,37.93738],[127.737927,37.937503],[127.737677,37.937699],[127.737454,37.937889],[127.736641,37.937561],[127.736344,37.938017],[127.735938,37.938296],[127.735913,37.938205],[127.73582,37.938278],[127.735765,37.938422],[127.735735,37.938492],[127.735392,37.938628],[127.735308,37.938651],[127.735306,37.938745],[127.735236,37.938769],[127.73468,37.938959],[127.734563,37.938999],[127.734287,37.93921],[127.734229,37.939469],[127.734016,37.939718],[127.733604,37.939845],[127.73298,37.940384],[127.732738,37.940725],[127.732608,37.941259],[127.732507,37.941294],[127.732234,37.941389],[127.731869,37.941298],[127.731621,37.941234],[127.73134,37.941162],[127.73127,37.941181],[127.731268,37.941182],[127.731058,37.941267],[127.730856,37.941349],[127.73058,37.941462],[127.73047,37.941503],[127.730438,37.941515],[127.73041,37.941522],[127.730251,37.941556],[127.730213,37.941564],[127.730202,37.941579],[127.730069,37.941761],[127.729985,37.941826],[127.729733,37.942042],[127.729665,37.942112],[127.729507,37.942239],[127.729273,37.94237],[127.729241,37.942389],[127.729175,37.942464],[127.729093,37.942556],[127.728947,37.942739],[127.728907,37.942741],[127.728747,37.942926],[127.728458,37.943257],[127.728316,37.943399],[127.728286,37.943458],[127.728134,37.943565],[127.728131,37.943619],[127.728053,37.943697],[127.728035,37.943714],[127.728025,37.943723],[127.728009,37.943695],[127.727982,37.943702],[127.728018,37.943786],[127.72803,37.94382],[127.728073,37.943852],[127.728133,37.943877],[127.728037,37.943935],[127.728009,37.943952],[127.728038,37.943982],[127.72804,37.943984],[127.727954,37.944038],[127.727855,37.944098],[127.727744,37.944112],[127.727733,37.944113],[127.727731,37.944115],[127.727595,37.944202],[127.72754,37.944251],[127.727449,37.944328],[127.727303,37.944289],[127.727231,37.944301],[127.727091,37.944429],[127.727139,37.944501],[127.727219,37.944623],[127.727419,37.944914],[127.727433,37.944935],[127.727437,37.945003],[127.727441,37.94511],[127.727449,37.945273],[127.727449,37.945277],[127.727297,37.945329],[127.72717,37.945374],[127.726827,37.945648],[127.726673,37.945773],[127.726542,37.945834],[127.726307,37.945881],[127.725823,37.94601],[127.725651,37.946142],[127.725568,37.946163],[127.725504,37.946179],[127.725384,37.946185],[127.725353,37.94618],[127.725362,37.946171],[127.725062,37.946085],[127.72505,37.946114],[127.725333,37.946187],[127.725307,37.946196],[127.725192,37.946228],[127.723954,37.946573],[127.723889,37.946591],[127.723879,37.946259],[127.72383,37.946009],[127.723794,37.945858],[127.723774,37.94583],[127.723546,37.945532],[127.723499,37.94547],[127.723024,37.945752],[127.722371,37.945829],[127.722213,37.945721],[127.722185,37.945703],[127.721924,37.945525],[127.721644,37.945335],[127.721828,37.945192],[127.721845,37.945178],[127.721843,37.945142],[127.721829,37.944907],[127.721803,37.944482],[127.72221,37.943863],[127.72205,37.943473],[127.721965,37.943404],[127.721883,37.943338],[127.721601,37.943111],[127.721016,37.943276],[127.720978,37.943287],[127.720855,37.942951],[127.720494,37.942622],[127.720585,37.942456],[127.720317,37.942388],[127.719743,37.94224],[127.719266,37.941744],[127.719154,37.941688],[127.718838,37.941532],[127.718808,37.941503],[127.718644,37.941353],[127.718581,37.941295],[127.718279,37.941081],[127.718129,37.940756],[127.718096,37.940526],[127.717966,37.940408],[127.71791,37.940357],[127.717765,37.940369],[127.717762,37.940369],[127.717636,37.94038],[127.717468,37.940348],[127.717365,37.940251],[127.717285,37.940175],[127.717216,37.940169],[127.717188,37.940166],[127.716951,37.93996],[127.716682,37.939639],[127.716555,37.939592],[127.716514,37.939468],[127.716571,37.939345],[127.716587,37.93931],[127.716565,37.938897],[127.716493,37.938833],[127.716346,37.938703],[127.715921,37.938691],[127.715633,37.938684],[127.715596,37.938716],[127.715411,37.938876],[127.714665,37.938883],[127.714654,37.93888],[127.714491,37.938829],[127.714439,37.938725],[127.714375,37.938595],[127.714338,37.938591],[127.714325,37.938589],[127.714236,37.938579],[127.71422,37.938677],[127.714215,37.938687],[127.714146,37.938828],[127.713945,37.939036],[127.713887,37.93916],[127.713927,37.939317],[127.713864,37.939414],[127.713633,37.939426],[127.713538,37.939347],[127.713509,37.939323],[127.713489,37.939306],[127.713412,37.939272],[127.713369,37.939253],[127.713062,37.939249],[127.712821,37.939187],[127.712106,37.939526],[127.711878,37.939644],[127.712099,37.93951],[127.710221,37.940485],[127.708601,37.941541],[127.708071,37.943015],[127.706648,37.944287],[127.705726,37.94512],[127.70517,37.945552],[127.701013,37.948789],[127.698705,37.951064],[127.697661,37.952092],[127.697088,37.952634],[127.697028,37.952689],[127.694781,37.954731],[127.69351,37.955339],[127.689621,37.957176],[127.684899,37.958188],[127.68282,37.958634],[127.681239,37.958867],[127.677986,37.960286],[127.67445,37.961879],[127.672503,37.962871],[127.672244,37.963133],[127.669904,37.965503],[127.669142,37.966274],[127.669061,37.968308],[127.669008,37.968422],[127.669021,37.968426],[127.668993,37.968487],[127.6692,37.96851],[127.669676,37.968644],[127.669836,37.968654],[127.670483,37.969182],[127.670724,37.969313],[127.670741,37.969323],[127.67126,37.969277],[127.671762,37.969232],[127.67215,37.969305],[127.672484,37.969436],[127.672518,37.969593],[127.672709,37.969685],[127.673282,37.969524],[127.673359,37.969455],[127.673643,37.969404],[127.67392,37.969364],[127.673922,37.969381],[127.674283,37.969433],[127.674607,37.969678],[127.674703,37.96975],[127.674938,37.96974],[127.675009,37.969739],[127.675533,37.969731],[127.675917,37.969322],[127.676453,37.969349],[127.676623,37.969472],[127.677042,37.970025],[127.6774,37.970071],[127.67751,37.970075],[127.677578,37.970083],[127.677651,37.970145],[127.677671,37.970165],[127.677796,37.970294],[127.678493,37.970816],[127.678774,37.971559],[127.679174,37.972186],[127.680101,37.972439],[127.680623,37.972957],[127.681115,37.973576],[127.682025,37.973926],[127.682793,37.974149],[127.683512,37.974066],[127.684468,37.974046],[127.685026,37.973697],[127.68526,37.97355],[127.686106,37.97362],[127.686344,37.973065],[127.686681,37.972951],[127.68698,37.97285],[127.687984,37.972709],[127.688108,37.972674],[127.689164,37.972376],[127.689768,37.971924],[127.689779,37.971915],[127.690074,37.971945],[127.691118,37.972049],[127.691953,37.971938],[127.692833,37.971972],[127.693215,37.972477],[127.693218,37.97248],[127.69387,37.97232],[127.693905,37.972311],[127.694192,37.972512],[127.695426,37.972379],[127.695462,37.972375],[127.695533,37.972341],[127.696003,37.972119],[127.696028,37.972107],[127.69672,37.972381],[127.697383,37.972644],[127.697389,37.972646],[127.69773,37.972566],[127.700523,37.971909],[127.700554,37.971901],[127.701637,37.972081],[127.702171,37.972079],[127.702221,37.972125],[127.702396,37.972288],[127.702918,37.972538],[127.703296,37.97254],[127.70332,37.97254],[127.703753,37.972374],[127.703759,37.972372],[127.703779,37.972364],[127.703807,37.972373],[127.704453,37.972575],[127.70457,37.972612],[127.706419,37.9743],[127.707159,37.974793],[127.707865,37.975264],[127.708994,37.975628],[127.709107,37.975663],[127.709845,37.975893],[127.710248,37.976018],[127.71129,37.97627],[127.712775,37.976762],[127.712799,37.97677],[127.712807,37.976767],[127.713209,37.976584],[127.713944,37.976398],[127.7147,37.976135],[127.715546,37.976007],[127.715887,37.975816],[127.716377,37.975718],[127.717104,37.975829],[127.7173,37.975859],[127.717408,37.975834],[127.71747,37.975821],[127.718163,37.975848],[127.718583,37.975865],[127.718615,37.975857],[127.719533,37.975615],[127.719552,37.97561],[127.721453,37.975649],[127.722804,37.975905],[127.723987,37.975655],[127.724585,37.975823],[127.726103,37.975105],[127.726611,37.975532],[127.726794,37.975772],[127.726862,37.975861],[127.727004,37.976048],[127.727423,37.976595],[127.727661,37.976908],[127.727835,37.976982],[127.728409,37.977228],[127.728902,37.977442],[127.729126,37.9776],[127.72951,37.977686],[127.729732,37.977716],[127.729678,37.977926],[127.729642,37.978068],[127.729637,37.978349],[127.730267,37.978671],[127.730884,37.978871],[127.731584,37.979079],[127.73191,37.979037],[127.732301,37.97925],[127.733001,37.980398],[127.733123,37.980504],[127.733235,37.980601],[127.733562,37.980962],[127.734157,37.980786],[127.735579,37.980725],[127.736074,37.980683],[127.736766,37.980707],[127.736788,37.980707],[127.737199,37.98062],[127.737551,37.980316],[127.737888,37.98023],[127.739598,37.980439],[127.740616,37.979831],[127.74105,37.979338],[127.741516,37.979043],[127.742474,37.978977],[127.743179,37.97908],[127.744465,37.979166],[127.745061,37.979029],[127.745474,37.978742],[127.746252,37.978424],[127.746465,37.978153],[127.746591,37.977992],[127.747423,37.977367],[127.74781,37.977286],[127.750018,37.976828],[127.751221,37.976322],[127.751927,37.976337],[127.752248,37.976599],[127.752399,37.976721],[127.75285,37.976988],[127.753463,37.977483],[127.753604,37.977781],[127.75393,37.977855],[127.754162,37.977908],[127.754468,37.978178],[127.754706,37.978387],[127.755561,37.978524],[127.756148,37.978367],[127.756444,37.97843],[127.757673,37.978388],[127.758151,37.978937],[127.758925,37.978986],[127.759644,37.979169],[127.759876,37.979764],[127.759688,37.980968],[127.759721,37.982267],[127.759569,37.983982],[127.759602,37.984646],[127.759838,37.984857],[127.759836,37.985036],[127.759932,37.985172],[127.759871,37.985417],[127.760127,37.986162],[127.760141,37.986816],[127.760494,37.987047],[127.760501,37.98757],[127.759546,37.988429],[127.759515,37.989946],[127.759445,37.990456],[127.759442,37.990473],[127.759704,37.990609],[127.760511,37.993545],[127.7611,37.994192],[127.761536,37.995079],[127.762237,37.996201],[127.762288,37.996283],[127.762656,37.996682],[127.762717,37.996784],[127.762337,37.997042],[127.762183,37.997646],[127.762165,37.997718],[127.762204,37.997776],[127.762476,37.998182],[127.762681,37.998489],[127.763085,37.998879],[127.764031,37.999062],[127.764426,37.999265],[127.764698,37.999279],[127.765585,37.999685],[127.76571,37.999742],[127.765829,38.000854],[127.765752,38.001053],[127.765742,38.001078],[127.76576,38.001122],[127.765983,38.001671],[127.765952,38.00322],[127.76664,38.004346],[127.766553,38.004646],[127.767694,38.004725],[127.767813,38.005889],[127.769209,38.00671],[127.769444,38.007043],[127.76958,38.007545],[127.769743,38.007699],[127.770062,38.007733],[127.770137,38.007988],[127.770387,38.008293],[127.770527,38.008774],[127.771602,38.009398],[127.772913,38.009695],[127.77332,38.010801],[127.773261,38.010926],[127.772874,38.011754],[127.773186,38.01211],[127.773269,38.012204],[127.773314,38.012603],[127.773304,38.012853],[127.773297,38.013019],[127.773473,38.013194],[127.773812,38.013531],[127.773843,38.013562],[127.773834,38.013576],[127.77395,38.01361],[127.775102,38.013944],[127.775991,38.013897]]]]}},
{"type":"Feature","properties":{"BASE_DATE":"20250630","ADM_CD":"32010310","ADM_NM":"동면"},"geometry":{"type":"MultiPolygon","coordinates":[[[[127.834027,37.933515],[127.835128,37.933472],[127.837035,37.934297],[127.840405,37.935743],[127.841903,37.936819],[127.843274,37.937803],[127.845741,37.939187],[127.848496,37.939961],[127.848572,37.939962],[127.851761,37.940028],[127.85303,37.94012],[127.855514,37.940299],[127.857009,37.939952],[127.859283,37.939171],[127.859537,37.939083],[127.861836,37.938504],[127.865734,37.937783],[127.866377,37.937727],[127.868329,37.937554],[127.868726,37.937519],[127.873848,37.936977],[127.877403,37.936316],[127.878471,37.936021],[127.879822,37.935419],[127.879923,37.93522],[127.882384,37.933445],[127.882937,37.931763],[127.883398,37.930364],[127.883626,37.929743],[127.88538,37.925373],[127.887575,37.924368],[127.886896,37.923877],[127.887269,37.921859],[127.887341,37.921579],[127.887581,37.920046],[127.887781,37.918771],[127.888108,37.918696],[127.888236,37.918676],[127.889768,37.918431],[127.889908,37.91834],[127.891476,37.917324],[127.89154,37.917282],[127.891551,37.917266],[127.891838,37.91683],[127.892747,37.915446],[127.892936,37.915457],[127.893832,37.915511],[127.894431,37.915453],[127.894948,37.915072],[127.895576,37.914611],[127.896232,37.914447],[127.896673,37.914337],[127.897007,37.914254],[127.897101,37.91423],[127.897251,37.914071],[127.897544,37.913756],[127.8977,37.913665],[127.898211,37.913348],[127.898441,37.913205],[127.899341,37.912985],[127.901402,37.912465],[127.901403,37.912234],[127.900848,37.910676],[127.900707,37.910281],[127.900991,37.909914],[127.901248,37.909182],[127.900682,37.907021],[127.899911,37.906028],[127.900338,37.905559],[127.900785,37.905068],[127.901175,37.903592],[127.901272,37.903227],[127.902337,37.901684],[127.903123,37.899535],[127.903272,37.896729],[127.904422,37.894053],[127.90511,37.893819],[127.906364,37.893393],[127.908967,37.892052],[127.909086,37.891991],[127.911305,37.890502],[127.913227,37.890034],[127.915671,37.889637],[127.915981,37.889587],[127.918705,37.889188],[127.919519,37.888751],[127.919955,37.888517],[127.922728,37.888095],[127.922902,37.888023],[127.923187,37.887905],[127.924949,37.886884],[127.92648,37.885671],[127.92644,37.885562],[127.925945,37.884201],[127.926433,37.882166],[127.928207,37.88044],[127.930361,37.878809],[127.930457,37.878812],[127.931778,37.878857],[127.933554,37.879024],[127.936163,37.87968],[127.937268,37.878938],[127.939369,37.878611],[127.941102,37.878731],[127.941945,37.877969],[127.944051,37.877178],[127.944102,37.877149],[127.945719,37.876209],[127.945756,37.876188],[127.945783,37.875998],[127.945841,37.875585],[127.946136,37.873481],[127.946138,37.873468],[127.946806,37.87211],[127.948276,37.871613],[127.948721,37.871462],[127.948917,37.871432],[127.949759,37.871305],[127.953792,37.871491],[127.955138,37.871422],[127.956418,37.871356],[127.956427,37.871356],[127.956443,37.871355],[127.956387,37.871256],[127.956352,37.871194],[127.956266,37.871043],[127.95601,37.87059],[127.955763,37.870154],[127.954639,37.869213],[127.953662,37.867919],[127.953082,37.866434],[127.952915,37.864885],[127.952893,37.86486],[127.952884,37.864854],[127.950625,37.864004],[127.950614,37.863996],[127.950587,37.863973],[127.95005,37.863211],[127.950134,37.862514],[127.950151,37.862371],[127.950146,37.861965],[127.950041,37.861626],[127.949554,37.861127],[127.949443,37.861034],[127.949293,37.860918],[127.948862,37.860584],[127.9483,37.860276],[127.948243,37.860226],[127.948221,37.860203],[127.947802,37.859262],[127.947645,37.858909],[127.947641,37.85889],[127.947627,37.858815],[127.947637,37.858619],[127.947661,37.858154],[127.947592,37.858018],[127.947278,37.857411],[127.947266,37.857393],[127.947265,37.85739],[127.947178,37.857281],[127.946943,37.856985],[127.946885,37.8569],[127.946322,37.855925],[127.946319,37.85592],[127.94631,37.855894],[127.946152,37.855075],[127.946113,37.854932],[127.945884,37.854247],[127.945502,37.853625],[127.944723,37.853059],[127.944701,37.853032],[127.944692,37.853014],[127.94464,37.852707],[127.944484,37.851801],[127.944439,37.851449],[127.944429,37.851357],[127.944423,37.851346],[127.944391,37.851297],[127.944106,37.851061],[127.944084,37.851005],[127.944034,37.850672],[127.944007,37.850474],[127.943828,37.849891],[127.943714,37.849521],[127.94361,37.849177],[127.943603,37.849161],[127.943134,37.84813],[127.94304,37.847924],[127.942995,37.84781],[127.942969,37.847749],[127.94297,37.847733],[127.942974,37.847717],[127.943188,37.847386],[127.943249,37.847314],[127.943515,37.847082],[127.943725,37.846902],[127.944663,37.846283],[127.944738,37.846239],[127.945034,37.846095],[127.945532,37.845851],[127.945564,37.845819],[127.945598,37.845783],[127.94588,37.845139],[127.945974,37.844925],[127.945918,37.844696],[127.945911,37.844667],[127.945909,37.844662],[127.945871,37.844587],[127.945849,37.844557],[127.945772,37.844508],[127.945709,37.844469],[127.945639,37.844433],[127.945353,37.844285],[127.945339,37.844267],[127.945336,37.84405],[127.945856,37.843326],[127.94603,37.842858],[127.946062,37.842751],[127.946052,37.841985],[127.946071,37.841626],[127.946099,37.84108],[127.945042,37.840349],[127.944377,37.839448],[127.94436,37.839425],[127.944725,37.838791],[127.944124,37.838354],[127.942829,37.838225],[127.941646,37.838161],[127.941461,37.838056],[127.939919,37.837179],[127.939256,37.836939],[127.938972,37.836781],[127.938688,37.836623],[127.938537,37.836434],[127.938295,37.836293],[127.937829,37.836011],[127.937797,37.835996],[127.937767,37.836002],[127.937674,37.836007],[127.937514,37.835956],[127.937054,37.835581],[127.93688,37.835277],[127.936312,37.83428],[127.936189,37.833959],[127.935778,37.832878],[127.935507,37.832071],[127.935399,37.831545],[127.935325,37.830874],[127.935274,37.83042],[127.935341,37.830055],[127.935301,37.829514],[127.935228,37.828512],[127.934015,37.827091],[127.932787,37.826357],[127.931807,37.826467],[127.93162,37.826636],[127.931594,37.826659],[127.931554,37.826789],[127.931526,37.826796],[127.930517,37.826899],[127.930457,37.826905],[127.930445,37.826908],[127.93037,37.826937],[127.930326,37.826968],[127.929273,37.827706],[127.929021,37.828296],[127.928641,37.829183],[127.928238,37.829895],[127.926706,37.83266],[127.926494,37.833041],[127.926434,37.83315],[127.926396,37.83325],[127.926222,37.83388],[127.92608,37.834397],[127.925462,37.836648],[127.925373,37.836979],[127.925357,37.837015],[127.924469,37.838316],[127.922327,37.839041],[127.92228,37.839057],[127.922027,37.839286],[127.920985,37.840225],[127.918485,37.844218],[127.918394,37.844263],[127.916625,37.845131],[127.915726,37.845762],[127.915059,37.84589],[127.913606,37.84617],[127.911565,37.847278],[127.910285,37.847972],[127.909787,37.848139],[127.908632,37.84857],[127.908427,37.848677],[127.907685,37.849061],[127.905777,37.849395],[127.905673,37.849414],[127.906374,37.850645],[127.906108,37.851193],[127.906484,37.851786],[127.906658,37.852578],[127.90795,37.853343],[127.90796,37.853348],[127.908822,37.854557],[127.908428,37.855245],[127.908317,37.855438],[127.906187,37.856861],[127.904611,37.85748],[127.90416,37.85761],[127.903763,37.857699],[127.90252,37.857978],[127.902123,37.858067],[127.900678,37.858768],[127.899903,37.858931],[127.899158,37.859087],[127.898651,37.859193],[127.898491,37.859192],[127.898201,37.859161],[127.897455,37.859081],[127.897349,37.859086],[127.897254,37.859108],[127.896036,37.859388],[127.895388,37.860169],[127.894986,37.860952],[127.894961,37.861002],[127.894026,37.861577],[127.893323,37.861945],[127.893285,37.861951],[127.892385,37.862079],[127.892303,37.86211],[127.892052,37.862389],[127.891779,37.862692],[127.891686,37.862795],[127.891267,37.86304],[127.891208,37.86305],[127.890667,37.863123],[127.889744,37.862743],[127.888056,37.862047],[127.887142,37.862056],[127.886449,37.862063],[127.884644,37.86161],[127.883106,37.861042],[127.881438,37.860776],[127.88075,37.86069],[127.87993,37.860144],[127.879927,37.860143],[127.879895,37.860121],[127.879889,37.860099],[127.879752,37.85963],[127.87967,37.859351],[127.878662,37.858466],[127.877614,37.857546],[127.877079,37.857077],[127.876511,37.856488],[127.876508,37.856466],[127.876501,37.856423],[127.87683,37.855987],[127.877306,37.855356],[127.877585,37.854961],[127.877749,37.854729],[127.878023,37.85428],[127.87806,37.854216],[127.878096,37.854146],[127.878187,37.853952],[127.878195,37.853932],[127.878205,37.853906],[127.878473,37.853083],[127.878812,37.852045],[127.878751,37.851792],[127.878332,37.850049],[127.878198,37.849491],[127.877392,37.848464],[127.877378,37.848438],[127.877137,37.84781],[127.877153,37.84775],[127.877364,37.847546],[127.877372,37.847537],[127.877358,37.84751],[127.876098,37.846753],[127.875377,37.845879],[127.875326,37.845816],[127.874562,37.845797],[127.874471,37.845795],[127.873572,37.845615],[127.872771,37.844679],[127.872724,37.844624],[127.872718,37.844598],[127.872583,37.84325],[127.872573,37.843207],[127.871756,37.841031],[127.871747,37.840962],[127.871843,37.839277],[127.871476,37.838968],[127.87133,37.838734],[127.871189,37.838507],[127.87119,37.838466],[127.871241,37.838347],[127.871491,37.837765],[127.87157,37.837582],[127.871605,37.837499],[127.871602,37.837437],[127.871583,37.837433],[127.871158,37.837331],[127.87028,37.837193],[127.870219,37.837169],[127.869306,37.836556],[127.869104,37.836569],[127.868792,37.83659],[127.868482,37.83661],[127.868194,37.836811],[127.867604,37.836726],[127.867578,37.83673],[127.866961,37.836835],[127.866923,37.836823],[127.866305,37.836371],[127.863919,37.836269],[127.863405,37.836247],[127.862936,37.836226],[127.862252,37.836405],[127.861822,37.836588],[127.861676,37.836651],[127.861615,37.836631],[127.861066,37.836195],[127.860343,37.836203],[127.859072,37.83591],[127.857967,37.835892],[127.85718,37.835422],[127.85705,37.835395],[127.854652,37.834809],[127.854651,37.834809],[127.854634,37.834805],[127.854004,37.835071],[127.852793,37.835322],[127.85218,37.835485],[127.851802,37.835556],[127.851124,37.835614],[127.849793,37.83553],[127.849067,37.835535],[127.848261,37.83563],[127.847251,37.836162],[127.845715,37.836838],[127.845444,37.837067],[127.844563,37.83744],[127.842917,37.837775],[127.842442,37.837781],[127.841589,37.838555],[127.840912,37.839],[127.840885,37.839017],[127.839888,37.839388],[127.839656,37.839638],[127.839277,37.839805],[127.838354,37.839772],[127.837549,37.839915],[127.83633,37.84001],[127.835846,37.84044],[127.83459,37.841244],[127.833723,37.841704],[127.833073,37.842218],[127.83227,37.843638],[127.830455,37.843849],[127.830152,37.843884],[127.829507,37.8439],[127.829307,37.844009],[127.829174,37.844081],[127.828741,37.84388],[127.827935,37.843506],[127.82787,37.843495],[127.827379,37.843532],[127.825192,37.843698],[127.824457,37.844296],[127.824401,37.84434],[127.824066,37.844552],[127.823626,37.844826],[127.823134,37.845368],[127.82282,37.845485],[127.822346,37.845662],[127.822257,37.845679],[127.822173,37.845678],[127.822136,37.845667],[127.822127,37.845664],[127.822097,37.84569],[127.822084,37.845701],[127.821793,37.845954],[127.822033,37.847583],[127.821895,37.847789],[127.821549,37.848099],[127.821712,37.848487],[127.821785,37.848662],[127.821784,37.848737],[127.821768,37.849562],[127.821763,37.849819],[127.820223,37.850791],[127.819097,37.851685],[127.817965,37.852976],[127.817491,37.853516],[127.817446,37.853568],[127.81468,37.854859],[127.81283,37.856625],[127.812689,37.856861],[127.812553,37.857089],[127.811435,37.857383],[127.81078,37.858962],[127.809056,37.859102],[127.808281,37.859165],[127.808175,37.859478],[127.808214,37.860049],[127.807902,37.860441],[127.807878,37.860476],[127.807904,37.860618],[127.808074,37.861171],[127.808076,37.861176],[127.808103,37.861261],[127.80805,37.861803],[127.807976,37.862663],[127.807951,37.86275],[127.807746,37.863269],[127.80763,37.863563],[127.807644,37.863747],[127.807672,37.864137],[127.807588,37.864271],[127.807581,37.864281],[127.80677,37.865548],[127.806834,37.865812],[127.807503,37.866662],[127.807755,37.867835],[127.8078,37.86804],[127.807446,37.86825],[127.806632,37.868473],[127.806103,37.868246],[127.806088,37.868185],[127.806005,37.867841],[127.805652,37.866385],[127.805646,37.866382],[127.805116,37.866122],[127.804225,37.866118],[127.8029,37.865827],[127.802494,37.865964],[127.801717,37.865562],[127.80148,37.865641],[127.801352,37.865564],[127.800797,37.865234],[127.800529,37.865321],[127.800012,37.865237],[127.799962,37.865241],[127.799893,37.865332],[127.7996,37.865463],[127.799563,37.865479],[127.798916,37.86541],[127.798901,37.865713],[127.798633,37.865766],[127.797857,37.865839],[127.797648,37.86594],[127.797545,37.866027],[127.797199,37.865957],[127.79674,37.866256],[127.796682,37.866291],[127.796255,37.865957],[127.796062,37.866028],[127.795905,37.866047],[127.795681,37.865923],[127.795607,37.865872],[127.795538,37.865819],[127.79545,37.865744],[127.79539,37.865738],[127.7953,37.865812],[127.795215,37.865866],[127.795128,37.865893],[127.795101,37.865944],[127.795052,37.865967],[127.794846,37.865965],[127.794776,37.865964],[127.794477,37.865861],[127.79444,37.865842],[127.794253,37.865744],[127.794035,37.865665],[127.793465,37.865438],[127.793429,37.865431],[127.793233,37.865374],[127.792932,37.865339],[127.792817,37.865299],[127.792205,37.865597],[127.791961,37.865702],[127.791767,37.865785],[127.791697,37.865745],[127.791501,37.865633],[127.79127,37.865758],[127.791062,37.86587],[127.790145,37.865652],[127.789984,37.865611],[127.789916,37.865562],[127.789797,37.865476],[127.789766,37.86547],[127.789485,37.865413],[127.789426,37.865401],[127.789306,37.865372],[127.789231,37.865354],[127.789015,37.865303],[127.788558,37.865224],[127.788452,37.865206],[127.788408,37.865192],[127.788263,37.865147],[127.788014,37.865069],[127.78784,37.865065],[127.787837,37.865065],[127.78768,37.865062],[127.787516,37.865212],[127.787443,37.865279],[127.787266,37.865317],[127.787167,37.86541],[127.786981,37.865586],[127.786726,37.865828],[127.786569,37.865992],[127.786277,37.865975],[127.785947,37.865921],[127.785643,37.866218],[127.785124,37.866218],[127.784971,37.866255],[127.784877,37.866272],[127.784678,37.866847],[127.784568,37.867167],[127.784329,37.867736],[127.784243,37.867942],[127.784028,37.868079],[127.783918,37.868149],[127.783875,37.868177],[127.783744,37.86826],[127.783699,37.868425],[127.783686,37.868471],[127.783638,37.868648],[127.783522,37.86876],[127.783466,37.868815],[127.783232,37.868964],[127.782525,37.869415],[127.782048,37.869377],[127.781879,37.869364],[127.7817,37.869556],[127.781659,37.869599],[127.781545,37.869657],[127.781417,37.869723],[127.781365,37.869749],[127.781345,37.869798],[127.781315,37.869869],[127.781254,37.870014],[127.781227,37.87008],[127.781203,37.870136],[127.781053,37.870313],[127.780926,37.870319],[127.78087,37.870322],[127.780741,37.870326],[127.780585,37.870331],[127.780034,37.870249],[127.779976,37.87024],[127.779896,37.870228],[127.779473,37.870278],[127.779414,37.870283],[127.779324,37.870292],[127.779264,37.870317],[127.779114,37.870362],[127.778991,37.870304],[127.778925,37.870273],[127.778717,37.870175],[127.778693,37.87012],[127.778589,37.869925],[127.778094,37.869869],[127.777812,37.870011],[127.777785,37.870025],[127.777636,37.870102],[127.777438,37.869984],[127.777345,37.869928],[127.777201,37.869945],[127.777122,37.869957],[127.777113,37.869959],[127.777002,37.86998],[127.776995,37.869981],[127.776967,37.869973],[127.776928,37.869961],[127.776856,37.869935],[127.776802,37.869916],[127.776542,37.869822],[127.776466,37.869802],[127.776451,37.869799],[127.776079,37.869704],[127.776046,37.869683],[127.77574,37.869785],[127.775338,37.869738],[127.77523,37.86967],[127.775071,37.869624],[127.774824,37.869646],[127.774539,37.869693],[127.774266,37.869739],[127.774089,37.869621],[127.774045,37.869592],[127.773784,37.869393],[127.773279,37.86933],[127.77313,37.869311],[127.77293,37.869166],[127.772568,37.869348],[127.772383,37.86944],[127.772363,37.86943],[127.771998,37.869248],[127.771952,37.869225],[127.77187,37.869226],[127.771704,37.86923],[127.771223,37.869199],[127.770944,37.869222],[127.770737,37.869246],[127.77029,37.868998],[127.77009,37.868888],[127.769782,37.869059],[127.769627,37.869145],[127.769447,37.869522],[127.769176,37.869669],[127.769087,37.869717],[127.769036,37.869965],[127.768781,37.870054],[127.768661,37.870094],[127.768611,37.870098],[127.768378,37.870117],[127.768014,37.870104],[127.76763,37.870114],[127.767157,37.870125],[127.767112,37.870126],[127.76683,37.870438],[127.766607,37.870473],[127.766545,37.870548],[127.76628,37.870879],[127.76609,37.871019],[127.766043,37.87105],[127.76598,37.871056],[127.765414,37.871095],[127.764867,37.871129],[127.764559,37.871244],[127.764309,37.871336],[127.764245,37.871335],[127.764187,37.871335],[127.76417,37.871335],[127.764095,37.871334],[127.764093,37.871479],[127.764093,37.871579],[127.764092,37.871596],[127.764172,37.871813],[127.764184,37.871825],[127.764534,37.872157],[127.764689,37.872302],[127.764653,37.872498],[127.764628,37.872626],[127.764626,37.872642],[127.764612,37.872765],[127.764598,37.872838],[127.764585,37.872907],[127.764533,37.872938],[127.76448,37.87297],[127.764423,37.873004],[127.764371,37.873035],[127.764356,37.873044],[127.764343,37.873052],[127.763975,37.873267],[127.763826,37.873476],[127.76368,37.873738],[127.763298,37.874069],[127.763175,37.874269],[127.763045,37.874482],[127.762914,37.874697],[127.762463,37.87489],[127.762267,37.874966],[127.762156,37.875214],[127.762034,37.875381],[127.761932,37.875519],[127.761821,37.875566],[127.761608,37.875738],[127.761597,37.875747],[127.761522,37.875807],[127.761349,37.875947],[127.761283,37.876],[127.761059,37.876159],[127.760938,37.876245],[127.760812,37.876361],[127.760528,37.876624],[127.760496,37.876654],[127.760455,37.876691],[127.760375,37.876842],[127.760291,37.877],[127.760285,37.877006],[127.760203,37.87708],[127.760154,37.877125],[127.760033,37.877235],[127.759827,37.877403],[127.75966,37.877539],[127.759658,37.877538],[127.759645,37.877549],[127.759533,37.877637],[127.759398,37.877745],[127.759373,37.87781],[127.759351,37.877873],[127.759341,37.877901],[127.759337,37.877912],[127.759333,37.877921],[127.759273,37.878081],[127.759271,37.878087],[127.759233,37.878122],[127.759224,37.87813],[127.758863,37.878427],[127.758455,37.878669],[127.758324,37.878747],[127.758242,37.878796],[127.758131,37.878864],[127.757888,37.879011],[127.757869,37.879026],[127.757867,37.879125],[127.757863,37.879298],[127.757835,37.879301],[127.75769,37.879319],[127.757405,37.879508],[127.756982,37.879565],[127.756845,37.879584],[127.756789,37.879544],[127.756701,37.879483],[127.756698,37.87948],[127.756603,37.879416],[127.756378,37.87945],[127.756289,37.879464],[127.756268,37.879505],[127.756122,37.879788],[127.756058,37.879972],[127.756031,37.880046],[127.755974,37.880215],[127.755913,37.880396],[127.755915,37.880462],[127.755917,37.88051],[127.755696,37.880954],[127.755648,37.881051],[127.755554,37.881125],[127.755461,37.881199],[127.755274,37.881347],[127.755306,37.881426],[127.755357,37.88155],[127.755388,37.881627],[127.75544,37.881752],[127.755576,37.882064],[127.75548,37.882081],[127.75499,37.882167],[127.754878,37.88219],[127.754853,37.882195],[127.75473,37.88222],[127.754537,37.882261],[127.754444,37.88228],[127.754302,37.882309],[127.754056,37.882359],[127.753921,37.882387],[127.753651,37.88259],[127.753455,37.882676],[127.753434,37.882693],[127.753375,37.882739],[127.753193,37.882885],[127.753115,37.882947],[127.753091,37.882986],[127.753066,37.883028],[127.753044,37.883064],[127.752989,37.883156],[127.752952,37.883214],[127.752927,37.883255],[127.753003,37.883268],[127.752776,37.88358],[127.752769,37.883608],[127.752755,37.883664],[127.75273,37.883766],[127.753169,37.884168],[127.753205,37.884277],[127.753314,37.884288],[127.753573,37.884364],[127.753681,37.884434],[127.753714,37.884468],[127.753739,37.884522],[127.753806,37.884516],[127.753806,37.884516],[127.753914,37.884507],[127.754019,37.884731],[127.754049,37.884795],[127.754101,37.884905],[127.754132,37.884973],[127.754201,37.885067],[127.754255,37.885141],[127.754268,37.885159],[127.754346,37.885265],[127.754419,37.885367],[127.754424,37.885373],[127.754439,37.885382],[127.754504,37.885357],[127.754506,37.885356],[127.754521,37.885347],[127.754658,37.885269],[127.754705,37.885241],[127.754836,37.885145],[127.75489,37.885096],[127.755034,37.884966],[127.755045,37.884956],[127.75506,37.884968],[127.755115,37.885014],[127.75509,37.88509],[127.755062,37.885162],[127.755017,37.885213],[127.755007,37.885216],[127.754956,37.885234],[127.754864,37.88535],[127.754823,37.885401],[127.754718,37.885532],[127.754725,37.88562],[127.754726,37.885634],[127.7548,37.885867],[127.754783,37.885881],[127.754781,37.885874],[127.754775,37.885873],[127.754737,37.885908],[127.754721,37.885923],[127.754704,37.885939],[127.754764,37.885951],[127.75471,37.88608],[127.754738,37.886092],[127.754739,37.886093],[127.754721,37.886137],[127.754692,37.886207],[127.754708,37.886222],[127.754852,37.886254],[127.754853,37.886254],[127.754969,37.886152],[127.754986,37.886141],[127.755114,37.886064],[127.755147,37.886043],[127.755163,37.886056],[127.75525,37.886109],[127.755273,37.886126],[127.755281,37.886132],[127.755287,37.886129],[127.755372,37.88608],[127.755482,37.886018],[127.755543,37.885941],[127.755634,37.885826],[127.755711,37.885651],[127.75578,37.885553],[127.755875,37.885472],[127.755879,37.885468],[127.755971,37.885439],[127.756031,37.885444],[127.756079,37.885449],[127.756046,37.885537],[127.756028,37.885583],[127.755974,37.885723],[127.755891,37.885872],[127.755874,37.88591],[127.755729,37.886156],[127.755713,37.886207],[127.755598,37.88638],[127.755005,37.886978],[127.754951,37.887033],[127.754776,37.887329],[127.754729,37.887408],[127.75468,37.887493],[127.75463,37.887576],[127.754567,37.887876],[127.754541,37.887997],[127.754548,37.888088],[127.754553,37.888157],[127.754558,37.888277],[127.754573,37.888622],[127.754592,37.888798],[127.754592,37.888799],[127.754593,37.888811],[127.754649,37.889335],[127.75465,37.889337],[127.754655,37.889386],[127.754675,37.889485],[127.754712,37.889672],[127.754724,37.889731],[127.754738,37.889803],[127.754747,37.889847],[127.754748,37.889854],[127.754821,37.890221],[127.754828,37.890365],[127.754828,37.890367],[127.75485,37.890841],[127.754841,37.890894],[127.754797,37.891166],[127.754569,37.891223],[127.754542,37.891319],[127.754509,37.891326],[127.754454,37.891337],[127.754342,37.89136],[127.7542,37.891385],[127.754138,37.891397],[127.754138,37.891421],[127.754139,37.891461],[127.754014,37.891555],[127.754038,37.891576],[127.753988,37.891616],[127.753856,37.891688],[127.753841,37.891679],[127.753836,37.891675],[127.753823,37.891666],[127.753779,37.891687],[127.75378,37.891689],[127.75378,37.891689],[127.753792,37.891703],[127.753682,37.891774],[127.753648,37.891792],[127.753586,37.891832],[127.753562,37.89185],[127.753537,37.891869],[127.753531,37.891873],[127.753506,37.891865],[127.753439,37.891914],[127.753423,37.891926],[127.753421,37.891926],[127.753416,37.891931],[127.753358,37.891974],[127.753355,37.891976],[127.753256,37.892029],[127.753163,37.89208],[127.753146,37.892089],[127.753087,37.892062],[127.752905,37.892206],[127.752751,37.892275],[127.752737,37.892269],[127.752726,37.892256],[127.752691,37.892279],[127.752496,37.892409],[127.752526,37.892453],[127.752392,37.892549],[127.752362,37.892559],[127.752276,37.89259],[127.75226,37.892596],[127.752164,37.892625],[127.751914,37.89269],[127.751771,37.892737],[127.751719,37.892754],[127.751716,37.892755],[127.751657,37.892719],[127.751558,37.892708],[127.751431,37.892712],[127.75139,37.892713],[127.751347,37.892715],[127.751279,37.892742],[127.751249,37.892796],[127.751243,37.892808],[127.751161,37.892789],[127.751085,37.892778],[127.751048,37.892793],[127.751004,37.89281],[127.750961,37.892828],[127.750925,37.892842],[127.750922,37.89288],[127.75083,37.893077],[127.750876,37.893201],[127.75096,37.893457],[127.750987,37.893749],[127.751014,37.893826],[127.751026,37.893935],[127.751014,37.89401],[127.751015,37.894103],[127.750929,37.894115],[127.75093,37.894115],[127.750918,37.894119],[127.750923,37.894142],[127.750926,37.894159],[127.750749,37.894194],[127.750615,37.894208],[127.750597,37.89423],[127.750582,37.89424],[127.750489,37.894302],[127.750297,37.894431],[127.750228,37.894441],[127.75009,37.894462],[127.749718,37.894421],[127.749616,37.894362],[127.749384,37.894226],[127.749065,37.894193],[127.74906,37.894189],[127.749058,37.894188],[127.749017,37.894156],[127.748989,37.894134],[127.748985,37.894134],[127.748875,37.893999],[127.748785,37.89389],[127.748749,37.893823],[127.748715,37.893761],[127.748721,37.893757],[127.748694,37.893729],[127.748567,37.893595],[127.748468,37.893489],[127.747712,37.89349],[127.747416,37.893601],[127.747335,37.893658],[127.747249,37.893718],[127.747063,37.893759],[127.747046,37.893762],[127.746936,37.893787],[127.746933,37.893788],[127.74683,37.893803],[127.746771,37.893811],[127.746758,37.893813],[127.746717,37.893819],[127.746642,37.893829],[127.746517,37.893849],[127.746488,37.893819],[127.746436,37.893766],[127.746417,37.893747],[127.746378,37.89376],[127.746252,37.893802],[127.746051,37.893867],[127.745959,37.893897],[127.745776,37.894031],[127.745747,37.894052],[127.745718,37.894076],[127.745619,37.894154],[127.745542,37.894216],[127.745444,37.894294],[127.745453,37.895256],[127.745459,37.895841],[127.74546,37.895888],[127.745661,37.896004],[127.745661,37.896631],[127.745676,37.897701],[127.745682,37.898302],[127.745682,37.898326],[127.745689,37.899076],[127.745693,37.89949],[127.746757,37.90057],[127.74676,37.900881],[127.746779,37.9025],[127.746792,37.903709],[127.746808,37.905144],[127.746809,37.905188],[127.746824,37.90669],[127.746728,37.907078],[127.746534,37.907871],[127.745998,37.910085],[127.745946,37.910299],[127.745753,37.911208],[127.745622,37.911996],[127.745418,37.912933],[127.745328,37.913343],[127.745191,37.913908],[127.74513,37.914195],[127.745056,37.914541],[127.744421,37.917516],[127.744589,37.918089],[127.745477,37.921113],[127.745493,37.921724],[127.75129,37.922999],[127.751419,37.923028],[127.756672,37.923982],[127.75751,37.924153],[127.757963,37.924245],[127.761772,37.925036],[127.762823,37.925943],[127.763276,37.926054],[127.763987,37.926228],[127.766104,37.926739],[127.766503,37.926811],[127.768522,37.927175],[127.771746,37.927363],[127.772163,37.927412],[127.773613,37.927579],[127.774214,37.927649],[127.776778,37.927872],[127.776989,37.927891],[127.782404,37.927189],[127.783026,37.927269],[127.785579,37.927599],[127.787547,37.928047],[127.790024,37.928967],[127.791283,37.929434],[127.793108,37.930535],[127.794631,37.931452],[127.794878,37.931601],[127.796722,37.932902],[127.797638,37.9335],[127.802024,37.935974],[127.802158,37.936111],[127.804676,37.93867],[127.806989,37.94066],[127.808484,37.942233],[127.810448,37.943381],[127.810679,37.943521],[127.810849,37.943672],[127.810991,37.943886],[127.812113,37.94463],[127.814186,37.945912],[127.817026,37.947008],[127.817384,37.947146],[127.818262,37.946969],[127.819681,37.946645],[127.821511,37.945898],[127.823532,37.944596],[127.82558,37.942806],[127.827502,37.940271],[127.827992,37.939482],[127.828824,37.938081],[127.829216,37.937733],[127.829907,37.936631],[127.830463,37.93633],[127.832692,37.933877],[127.834027,37.933515]]]]}},
{"type":"Feature","properties":{"BASE_DATE":"20250630","ADM_CD":"32010320","ADM_NM":"동산면"},"geometry":{"type":"MultiPolygon","coordinates":[[[[127.786369,37.814843],[127.786777,37.814442],[127.788479,37.814292],[127.788689,37.814273],[127.788803,37.814498],[127.788865,37.814643],[127.788972,37.814895],[127.789215,37.81495],[127.789978,37.815125],[127.790652,37.815412],[127.791028,37.815651],[127.791138,37.815721],[127.791438,37.815734],[127.791854,37.815752],[127.791886,37.815753],[127.792445,37.815771],[127.792864,37.815784],[127.79513,37.815611],[127.795552,37.815169],[127.795627,37.81509],[127.796257,37.815076],[127.798886,37.814625],[127.799091,37.814589],[127.799495,37.813542],[127.799073,37.812561],[127.798751,37.810192],[127.798719,37.809957],[127.799702,37.809031],[127.80061,37.808176],[127.800669,37.80812],[127.802229,37.806682],[127.802414,37.805528],[127.802527,37.805218],[127.802609,37.804959],[127.802768,37.805058],[127.804297,37.805681],[127.804738,37.805861],[127.804803,37.805874],[127.80675,37.806239],[127.807024,37.806253],[127.807873,37.806295],[127.808433,37.806719],[127.809398,37.80745],[127.811495,37.808199],[127.813615,37.808981],[127.815644,37.810909],[127.815706,37.81093],[127.815757,37.810946],[127.816392,37.811157],[127.816607,37.811094],[127.817,37.81098],[127.817177,37.81059],[127.818782,37.810414],[127.819184,37.810617],[127.820651,37.811073],[127.823547,37.810291],[127.823794,37.810411],[127.823913,37.810469],[127.825393,37.81098],[127.825401,37.810982],[127.825411,37.810986],[127.825422,37.810956],[127.826505,37.809496],[127.826863,37.809013],[127.826958,37.808885],[127.827024,37.808804],[127.827158,37.808641],[127.827103,37.807368],[127.827011,37.807245],[127.826661,37.806776],[127.826669,37.806695],[127.826735,37.805974],[127.82672,37.805918],[127.82649,37.805518],[127.826682,37.805338],[127.826689,37.805315],[127.826556,37.804509],[127.826609,37.804193],[127.82663,37.804145],[127.826842,37.803854],[127.826687,37.803687],[127.826162,37.803118],[127.826128,37.803097],[127.825545,37.802925],[127.825437,37.802471],[127.825423,37.802412],[127.825344,37.802299],[127.825223,37.802126],[127.825203,37.802084],[127.82519,37.801986],[127.825096,37.80127],[127.825084,37.801178],[127.825077,37.801141],[127.825081,37.801124],[127.825115,37.801078],[127.825278,37.800857],[127.825332,37.800801],[127.825346,37.800787],[127.825708,37.800426],[127.825711,37.800414],[127.825709,37.800409],[127.825602,37.800267],[127.825143,37.799662],[127.825141,37.799654],[127.825145,37.79951],[127.825168,37.798642],[127.825123,37.798581],[127.824889,37.798263],[127.824889,37.798253],[127.824892,37.79825],[127.825263,37.797915],[127.827088,37.796267],[127.827108,37.796248],[127.827173,37.796199],[127.828373,37.79536],[127.830015,37.794732],[127.830647,37.794067],[127.830676,37.794047],[127.831518,37.793733],[127.831537,37.793721],[127.832346,37.793025],[127.833117,37.792514],[127.833242,37.792431],[127.833357,37.792409],[127.833844,37.792314],[127.834013,37.792278],[127.835228,37.791941],[127.835366,37.791889],[127.83551,37.791836],[127.8356,37.791775],[127.836109,37.791431],[127.836938,37.791134],[127.836995,37.791114],[127.837004,37.79111],[127.837006,37.791107],[127.837113,37.790877],[127.837233,37.790621],[127.837328,37.790418],[127.838452,37.790342],[127.838877,37.79025],[127.839649,37.790084],[127.839703,37.790064],[127.840711,37.789695],[127.84072,37.789692],[127.840735,37.789694],[127.841733,37.789845],[127.84193,37.789918],[127.842277,37.790046],[127.842311,37.790059],[127.843236,37.78969],[127.843244,37.789674],[127.844069,37.787896],[127.84407,37.78785],[127.844045,37.78747],[127.843969,37.786312],[127.844519,37.78437],[127.844668,37.783843],[127.844669,37.783837],[127.844714,37.783761],[127.844775,37.783667],[127.846461,37.781102],[127.846599,37.780774],[127.846669,37.780688],[127.848003,37.780276],[127.84972,37.779195],[127.849785,37.779083],[127.849781,37.778867],[127.849761,37.777865],[127.849836,37.77768],[127.849918,37.777671],[127.851263,37.777534],[127.851674,37.777276],[127.851814,37.777189],[127.851868,37.777037],[127.851842,37.776849],[127.851838,37.776817],[127.851765,37.776286],[127.851838,37.776112],[127.85295,37.774892],[127.853137,37.774526],[127.85321,37.774381],[127.853368,37.774272],[127.85412,37.773752],[127.854154,37.773729],[127.854451,37.773523],[127.85448,37.773472],[127.854488,37.77346],[127.854719,37.772866],[127.854732,37.772842],[127.855287,37.77209],[127.85543,37.771896],[127.85608,37.771015],[127.856254,37.770229],[127.856447,37.769361],[127.856828,37.769024],[127.857397,37.768521],[127.857165,37.768094],[127.857162,37.768089],[127.857145,37.768058],[127.856628,37.76767],[127.856126,37.766946],[127.855984,37.76612],[127.856121,37.765888],[127.85624,37.765687],[127.856257,37.765408],[127.856196,37.765295],[127.855829,37.765134],[127.855716,37.765084],[127.855138,37.764204],[127.855103,37.764151],[127.855024,37.76403],[127.855015,37.763989],[127.854897,37.763457],[127.85486,37.763397],[127.854598,37.763242],[127.851462,37.761388],[127.85136,37.761311],[127.85095,37.760736],[127.850095,37.760526],[127.8498,37.760419],[127.849763,37.760394],[127.849489,37.759997],[127.849432,37.759945],[127.84903,37.759764],[127.84899,37.759738],[127.848135,37.758437],[127.848119,37.758426],[127.847052,37.757996],[127.846801,37.757895],[127.846195,37.757483],[127.845857,37.757464],[127.844371,37.757382],[127.844313,37.757373],[127.842875,37.756971],[127.842814,37.756962],[127.842778,37.756968],[127.842522,37.75702],[127.842492,37.757036],[127.842489,37.757034],[127.84245,37.756983],[127.842353,37.756898],[127.842096,37.75693],[127.841709,37.756966],[127.841657,37.756938],[127.841421,37.756792],[127.841018,37.756602],[127.840439,37.756347],[127.840308,37.756187],[127.840301,37.756174],[127.84034,37.755871],[127.840371,37.755635],[127.840383,37.75559],[127.840571,37.755069],[127.84058,37.755053],[127.840597,37.755019],[127.840615,37.754998],[127.840858,37.754727],[127.84175,37.753844],[127.842862,37.752916],[127.842891,37.752904],[127.843625,37.752682],[127.843688,37.752651],[127.844231,37.752289],[127.844281,37.752267],[127.845161,37.752225],[127.845244,37.752174],[127.845237,37.751673],[127.845137,37.751527],[127.845026,37.751366],[127.844861,37.751259],[127.844804,37.751222],[127.844623,37.751105],[127.844666,37.750037],[127.844814,37.749487],[127.844809,37.749456],[127.844221,37.749292],[127.843457,37.748986],[127.843252,37.748872],[127.841347,37.747514],[127.84102,37.747592],[127.840411,37.747288],[127.839704,37.747407],[127.839414,37.747195],[127.838338,37.746862],[127.837902,37.746775],[127.837604,37.746649],[127.837359,37.746493],[127.835986,37.745669],[127.835953,37.745639],[127.834829,37.744292],[127.834283,37.743358],[127.834249,37.743326],[127.834085,37.743179],[127.833753,37.74258],[127.83375,37.742548],[127.833446,37.742155],[127.833407,37.742104],[127.833399,37.742097],[127.833386,37.742088],[127.833283,37.742017],[127.83325,37.741885],[127.832771,37.741603],[127.832723,37.741585],[127.832598,37.741508],[127.832479,37.741435],[127.832389,37.74138],[127.832321,37.741339],[127.832307,37.741335],[127.83228,37.741353],[127.831993,37.741547],[127.831521,37.742086],[127.831519,37.742086],[127.831412,37.742024],[127.831462,37.741907],[127.83147,37.741895],[127.831532,37.741827],[127.831549,37.741739],[127.831434,37.741458],[127.831392,37.741395],[127.831375,37.741392],[127.831366,37.741392],[127.831331,37.741391],[127.831204,37.741314],[127.831118,37.741268],[127.831032,37.741202],[127.831014,37.741201],[127.830988,37.741198],[127.830922,37.741192],[127.830903,37.741193],[127.83073,37.74122],[127.830429,37.741204],[127.830345,37.741186],[127.830166,37.74116],[127.829959,37.741138],[127.829778,37.741093],[127.829421,37.741043],[127.829386,37.741028],[127.829347,37.741001],[127.829312,37.74099],[127.82835,37.74088],[127.828377,37.741361],[127.82726,37.741285],[127.827104,37.741275],[127.826702,37.741616],[127.826623,37.741619],[127.826595,37.741647],[127.826509,37.741732],[127.826146,37.741648],[127.825731,37.741735],[127.825689,37.741758],[127.825372,37.741957],[127.825289,37.742577],[127.82494,37.742867],[127.824954,37.74305],[127.824969,37.743232],[127.824416,37.743938],[127.82349,37.744517],[127.823205,37.744695],[127.8228,37.744924],[127.822078,37.744947],[127.821814,37.744956],[127.821779,37.74502],[127.821299,37.745884],[127.821089,37.746046],[127.820775,37.746197],[127.820705,37.746259],[127.820457,37.746738],[127.820428,37.746765],[127.819789,37.747169],[127.819755,37.747168],[127.8193,37.747106],[127.819047,37.747064],[127.819018,37.747246],[127.818994,37.747264],[127.818745,37.747299],[127.818704,37.747313],[127.818638,37.747407],[127.818534,37.747542],[127.818,37.747754],[127.817208,37.747795],[127.817208,37.747795],[127.817166,37.747813],[127.817146,37.74783],[127.816331,37.74851],[127.816291,37.748544],[127.816276,37.748552],[127.815703,37.748447],[127.815312,37.748441],[127.815279,37.74844],[127.8139,37.748372],[127.813137,37.747872],[127.813105,37.747847],[127.812943,37.747692],[127.812799,37.747578],[127.812766,37.747561],[127.812417,37.747442],[127.812364,37.747412],[127.812108,37.74709],[127.812028,37.747058],[127.8118,37.747036],[127.811763,37.747038],[127.810989,37.747166],[127.810365,37.746598],[127.810325,37.746599],[127.80944,37.747073],[127.808772,37.746653],[127.808141,37.746604],[127.808028,37.74659],[127.808003,37.746582],[127.807622,37.746379],[127.806709,37.746327],[127.806704,37.746212],[127.806394,37.745898],[127.80648,37.745483],[127.806564,37.745072],[127.806393,37.744766],[127.806706,37.744128],[127.806307,37.742585],[127.805401,37.742227],[127.804611,37.742122],[127.804552,37.742126],[127.804286,37.742208],[127.804227,37.742243],[127.804028,37.742509],[127.804018,37.742515],[127.803718,37.742667],[127.802869,37.742034],[127.802831,37.742005],[127.802688,37.741898],[127.802675,37.741898],[127.801755,37.741837],[127.801454,37.741517],[127.801402,37.741265],[127.801179,37.741093],[127.801221,37.740175],[127.801523,37.739536],[127.801685,37.739194],[127.801499,37.738758],[127.801385,37.738706],[127.801152,37.738599],[127.801028,37.738325],[127.801003,37.738231],[127.80096,37.738062],[127.800756,37.737596],[127.80079,37.737551],[127.801022,37.737132],[127.800632,37.736808],[127.800584,37.736836],[127.800581,37.736838],[127.800521,37.736883],[127.800427,37.736954],[127.800092,37.737173],[127.799376,37.736904],[127.798868,37.736735],[127.798626,37.736689],[127.798408,37.736717],[127.79826,37.736646],[127.798071,37.736573],[127.797943,37.736548],[127.797939,37.736547],[127.797919,37.736545],[127.797895,37.736541],[127.797773,37.736523],[127.797736,37.736525],[127.797722,37.736522],[127.79747,37.736386],[127.797452,37.736355],[127.797282,37.736354],[127.797173,37.736353],[127.797001,37.736332],[127.796876,37.736297],[127.796812,37.736279],[127.796738,37.736241],[127.796613,37.736195],[127.796431,37.736181],[127.796202,37.736097],[127.796149,37.735973],[127.796097,37.735922],[127.796013,37.735881],[127.795641,37.735749],[127.795551,37.735673],[127.795479,37.735548],[127.795345,37.735435],[127.795232,37.735282],[127.795086,37.735219],[127.794905,37.735021],[127.794877,37.73502],[127.794864,37.735007],[127.794861,37.735006],[127.794845,37.735008],[127.794809,37.735014],[127.794622,37.735116],[127.794564,37.735141],[127.794514,37.735152],[127.793805,37.735381],[127.793789,37.735385],[127.793718,37.735394],[127.793715,37.735393],[127.793549,37.73531],[127.793407,37.735303],[127.793404,37.735303],[127.793338,37.73532],[127.793184,37.735268],[127.793179,37.735268],[127.793141,37.73528],[127.793115,37.735282],[127.793117,37.735263],[127.793119,37.73524],[127.793072,37.735205],[127.793064,37.735206],[127.793002,37.735248],[127.792923,37.735278],[127.792859,37.735295],[127.792748,37.735311],[127.792687,37.73533],[127.792637,37.735335],[127.792532,37.735377],[127.792405,37.7354],[127.792285,37.735421],[127.792184,37.735449],[127.792079,37.735559],[127.791998,37.735636],[127.791863,37.735681],[127.791832,37.735699],[127.791823,37.735704],[127.791774,37.735746],[127.791678,37.735764],[127.791531,37.735768],[127.791469,37.735766],[127.791466,37.735766],[127.791377,37.735822],[127.791132,37.735786],[127.790475,37.735823],[127.790286,37.735833],[127.789983,37.735924],[127.788635,37.736326],[127.787794,37.736587],[127.78749,37.736681],[127.787466,37.736711],[127.787439,37.736793],[127.787298,37.736917],[127.787267,37.737021],[127.787244,37.737183],[127.787212,37.737408],[127.787184,37.737595],[127.787182,37.737608],[127.787336,37.738065],[127.787353,37.738096],[127.787743,37.738794],[127.787726,37.738861],[127.787351,37.739182],[127.786481,37.739927],[127.785944,37.740006],[127.785912,37.740013],[127.785113,37.740351],[127.785052,37.740491],[127.785035,37.74051],[127.784589,37.740819],[127.784077,37.741012],[127.783932,37.741109],[127.783623,37.741315],[127.782774,37.741568],[127.781813,37.74232],[127.781563,37.742076],[127.781312,37.741831],[127.781292,37.741811],[127.781264,37.741799],[127.78105,37.741769],[127.78085,37.741741],[127.780777,37.741707],[127.780651,37.741583],[127.780135,37.741073],[127.78011,37.741054],[127.780102,37.741048],[127.780052,37.741024],[127.779971,37.740983],[127.779904,37.74095],[127.779402,37.740671],[127.779364,37.740666],[127.778832,37.740578],[127.778736,37.740571],[127.778081,37.740601],[127.777561,37.740744],[127.777555,37.740744],[127.776842,37.740467],[127.77661,37.740385],[127.776073,37.740216],[127.776061,37.740213],[127.775987,37.740189],[127.775984,37.740187],[127.77592,37.740029],[127.775567,37.739157],[127.775132,37.73906],[127.77477,37.73898],[127.774062,37.738645],[127.77268,37.738423],[127.771537,37.737743],[127.771464,37.737716],[127.77145,37.73772],[127.771397,37.737766],[127.771307,37.73778],[127.771187,37.737774],[127.7711,37.737798],[127.771087,37.737799],[127.770802,37.737761],[127.770778,37.737752],[127.770627,37.737693],[127.77058,37.737674],[127.770144,37.73763],[127.770022,37.737659],[127.769629,37.737799],[127.768389,37.737916],[127.768323,37.737902],[127.76826,37.737874],[127.768002,37.737739],[127.767942,37.737737],[127.767286,37.737795],[127.766764,37.737697],[127.765785,37.737771],[127.764662,37.737841],[127.764415,37.737851],[127.764028,37.737831],[127.763746,37.737474],[127.76374,37.737465],[127.763705,37.737442],[127.763617,37.737397],[127.763461,37.737328],[127.762972,37.737219],[127.762952,37.73722],[127.76217,37.737272],[127.762123,37.737251],[127.761569,37.736859],[127.76092,37.736844],[127.76087,37.736832],[127.760311,37.736565],[127.760294,37.736559],[127.760238,37.736541],[127.759419,37.736332],[127.759322,37.736264],[127.759266,37.736023],[127.759185,37.73594],[127.758817,37.735753],[127.758763,37.735697],[127.758674,37.735431],[127.7586,37.735357],[127.75841,37.735243],[127.758018,37.735335],[127.757958,37.735316],[127.757661,37.734979],[127.757606,37.734894],[127.757457,37.734485],[127.757455,37.734481],[127.757383,37.734398],[127.757319,37.734366],[127.756989,37.734201],[127.756891,37.734131],[127.755132,37.732729],[127.755043,37.732635],[127.754992,37.732546],[127.754926,37.732525],[127.754723,37.732459],[127.754377,37.732574],[127.75355,37.733091],[127.753329,37.733076],[127.753063,37.733065],[127.752784,37.73315],[127.752703,37.733227],[127.752679,37.73325],[127.75246,37.733599],[127.751994,37.73392],[127.751347,37.734158],[127.751274,37.734199],[127.751034,37.734861],[127.751056,37.734915],[127.751298,37.735259],[127.751317,37.735583],[127.750769,37.73595],[127.750781,37.736329],[127.750594,37.73651],[127.750632,37.736905],[127.750347,37.737428],[127.750548,37.737829],[127.750421,37.738426],[127.750171,37.738848],[127.749044,37.740258],[127.748441,37.740699],[127.747844,37.740986],[127.747379,37.741471],[127.747052,37.74163],[127.746453,37.74192],[127.746449,37.741921],[127.746412,37.741927],[127.745953,37.741736],[127.745542,37.741872],[127.744747,37.741503],[127.744587,37.741428],[127.743984,37.741504],[127.743524,37.741654],[127.742995,37.741638],[127.7418,37.740292],[127.739932,37.739286],[127.739457,37.739166],[127.737685,37.738156],[127.736732,37.73765],[127.736351,37.73744],[127.735997,37.737358],[127.734819,37.73735],[127.734404,37.737177],[127.734292,37.737067],[127.734235,37.737035],[127.733943,37.736926],[127.733768,37.736861],[127.733745,37.736828],[127.733712,37.73648],[127.733692,37.736448],[127.733427,37.736321],[127.733362,37.736282],[127.733347,37.736269],[127.733317,37.736242],[127.733275,37.736124],[127.733247,37.736091],[127.733183,37.736081],[127.732642,37.735997],[127.732531,37.736007],[127.732471,37.736013],[127.732361,37.735969],[127.731933,37.735488],[127.731843,37.735436],[127.731808,37.735415],[127.731587,37.735473],[127.73151,37.735486],[127.731395,37.735482],[127.731281,37.735458],[127.731226,37.73544],[127.731127,37.735383],[127.730998,37.735052],[127.730938,37.735009],[127.730709,37.734826],[127.730649,37.734774],[127.73064,37.73479],[127.73048,37.735069],[127.730291,37.735397],[127.729969,37.735824],[127.729913,37.735898],[127.729629,37.736014],[127.72944,37.73613],[127.729418,37.736143],[127.729361,37.736129],[127.72919,37.736086],[127.728885,37.73601],[127.728742,37.736122],[127.728531,37.736288],[127.728432,37.736359],[127.728183,37.73654],[127.727989,37.736626],[127.728029,37.736867],[127.727649,37.736898],[127.727522,37.736908],[127.726888,37.737681],[127.726306,37.737982],[127.725866,37.737968],[127.725758,37.738272],[127.725721,37.738376],[127.725383,37.738393],[127.725367,37.73855],[127.725189,37.738691],[127.725171,37.738705],[127.72513,37.738704],[127.724463,37.738687],[127.724187,37.738834],[127.72382,37.739223],[127.723423,37.739323],[127.722953,37.739328],[127.722581,37.739446],[127.722216,37.739562],[127.721742,37.739669],[127.721704,37.739678],[127.720924,37.740438],[127.719982,37.7408],[127.719506,37.740983],[127.7186,37.741175],[127.718141,37.741129],[127.717316,37.741385],[127.71724,37.741882],[127.717555,37.742359],[127.716976,37.742724],[127.716815,37.743088],[127.716417,37.743652],[127.716034,37.743943],[127.715935,37.744022],[127.715605,37.744281],[127.71553,37.744327],[127.714882,37.744657],[127.714855,37.744671],[127.71483,37.744715],[127.714809,37.744755],[127.715079,37.744927],[127.715109,37.744952],[127.715181,37.74499],[127.715161,37.74501],[127.715124,37.745048],[127.715078,37.745096],[127.715021,37.745095],[127.714935,37.745095],[127.714837,37.745094],[127.714601,37.745083],[127.714515,37.745376],[127.71473,37.745493],[127.714924,37.745599],[127.715263,37.745653],[127.715466,37.746449],[127.715489,37.746676],[127.715498,37.746767],[127.715518,37.746968],[127.715519,37.746981],[127.71524,37.747235],[127.715156,37.74766],[127.715138,37.747788],[127.715046,37.748154],[127.715039,37.748204],[127.714919,37.748675],[127.714839,37.748806],[127.714783,37.748884],[127.714645,37.749078],[127.714988,37.749321],[127.71504,37.749358],[127.715037,37.749408],[127.715026,37.749602],[127.715157,37.749855],[127.715226,37.749909],[127.715422,37.750085],[127.715436,37.750087],[127.71608,37.750215],[127.716086,37.750216],[127.716292,37.750529],[127.716125,37.750647],[127.716066,37.750684],[127.715888,37.750796],[127.715828,37.750881],[127.7158,37.75092],[127.715477,37.75138],[127.715698,37.751839],[127.715805,37.75206],[127.715607,37.752482],[127.715119,37.753371],[127.714789,37.75397],[127.71413,37.754964],[127.713104,37.755209],[127.712973,37.755449],[127.712828,37.755997],[127.713212,37.756452],[127.713563,37.756886],[127.713141,37.757692],[127.713227,37.757852],[127.713178,37.758111],[127.713063,37.758418],[127.713374,37.758936],[127.713283,37.759194],[127.713155,37.759513],[127.713397,37.76017],[127.713608,37.760468],[127.71463,37.760906],[127.71486,37.761004],[127.715246,37.761723],[127.71569,37.762547],[127.716018,37.762473],[127.716494,37.762364],[127.717871,37.762504],[127.718202,37.762706],[127.718637,37.762691],[127.719179,37.763044],[127.719652,37.7632],[127.719768,37.763404],[127.719794,37.763448],[127.719874,37.763464],[127.720204,37.763527],[127.720335,37.763621],[127.720836,37.76388],[127.721369,37.76386],[127.72189,37.7643],[127.721902,37.764484],[127.721922,37.764785],[127.722457,37.764927],[127.723745,37.765267],[127.724228,37.765628],[127.724771,37.766023],[127.725148,37.766251],[127.725202,37.766262],[127.725757,37.766372],[127.726161,37.766572],[127.726223,37.76757],[127.72594,37.76847],[127.725581,37.769118],[127.725771,37.769319],[127.726142,37.76968],[127.726185,37.769772],[127.726004,37.769974],[127.726048,37.770145],[127.72613,37.770461],[127.725928,37.770768],[127.725402,37.771856],[127.725029,37.7727],[127.724858,37.772844],[127.724601,37.77306],[127.725172,37.77347],[127.725861,37.773758],[127.725865,37.773951],[127.725865,37.773988],[127.725867,37.774084],[127.725869,37.774208],[127.725869,37.774218],[127.725809,37.774265],[127.725082,37.774826],[127.725081,37.774897],[127.725076,37.775506],[127.725076,37.775533],[127.725072,37.77554],[127.72485,37.775967],[127.724756,37.776149],[127.724604,37.776228],[127.723756,37.776666],[127.723565,37.776886],[127.723481,37.777178],[127.722701,37.777781],[127.722631,37.778047],[127.72252,37.778465],[127.722146,37.779061],[127.722073,37.779307],[127.721606,37.779549],[127.721542,37.780048],[127.721755,37.780481],[127.721809,37.780592],[127.721642,37.780877],[127.72154,37.781034],[127.721379,37.781284],[127.720364,37.781792],[127.720485,37.782145],[127.720293,37.782464],[127.720446,37.783083],[127.72046,37.783147],[127.720463,37.783331],[127.720526,37.783722],[127.720558,37.783917],[127.720663,37.78457],[127.720685,37.784705],[127.721299,37.785507],[127.721836,37.78618],[127.721881,37.786233],[127.721858,37.786951],[127.722183,37.787613],[127.722415,37.787933],[127.722642,37.788337],[127.722733,37.789084],[127.722827,37.789229],[127.722876,37.789306],[127.723048,37.789586],[127.723598,37.790483],[127.724452,37.790463],[127.725306,37.791162],[127.725781,37.791551],[127.727179,37.792693],[127.727672,37.79297],[127.728002,37.793188],[127.728362,37.793319],[127.728491,37.793365],[127.728515,37.793378],[127.728599,37.793288],[127.728668,37.793278],[127.728755,37.793299],[127.728788,37.79331],[127.728866,37.793314],[127.728997,37.793309],[127.729719,37.793299],[127.73053,37.793286],[127.730843,37.793351],[127.731526,37.793326],[127.731609,37.793466],[127.732001,37.794133],[127.732798,37.793295],[127.732944,37.79314],[127.733361,37.793062],[127.733668,37.792975],[127.73421,37.793092],[127.734467,37.793792],[127.735035,37.793994],[127.735204,37.794053],[127.735582,37.794315],[127.736136,37.7947],[127.736461,37.794925],[127.737507,37.794767],[127.737661,37.794744],[127.737808,37.794794],[127.738063,37.79488],[127.738499,37.795027],[127.738596,37.795171],[127.738673,37.795286],[127.739069,37.795673],[127.739323,37.79587],[127.739704,37.796033],[127.73972,37.796236],[127.739744,37.796552],[127.740107,37.796694],[127.74077,37.797791],[127.741309,37.798139],[127.741473,37.798209],[127.741741,37.798381],[127.741751,37.798387],[127.741869,37.798463],[127.741992,37.798497],[127.742344,37.798594],[127.74245,37.798701],[127.742461,37.79871],[127.742642,37.798849],[127.742864,37.798965],[127.743102,37.79909],[127.743527,37.799431],[127.743538,37.799443],[127.743786,37.799741],[127.744238,37.799919],[127.74476,37.8003],[127.745536,37.800609],[127.745937,37.800678],[127.747922,37.801019],[127.747939,37.801023],[127.748221,37.801087],[127.74837,37.80112],[127.748462,37.801168],[127.748825,37.801357],[127.749165,37.80198],[127.749345,37.802308],[127.749188,37.802452],[127.747852,37.80369],[127.747749,37.804509],[127.74706,37.808369],[127.745456,37.811605],[127.745377,37.811763],[127.745437,37.811929],[127.745504,37.812165],[127.745505,37.812178],[127.74553,37.81218],[127.745531,37.81218],[127.746058,37.812192],[127.747326,37.812649],[127.747852,37.812806],[127.748366,37.812959],[127.748528,37.812748],[127.748547,37.812724],[127.749453,37.812663],[127.749469,37.812668],[127.749923,37.812828],[127.750301,37.813024],[127.751035,37.812729],[127.75123,37.812342],[127.751593,37.811989],[127.751737,37.811631],[127.752387,37.811401],[127.752818,37.810717],[127.753302,37.810265],[127.75351,37.80986],[127.753748,37.809762],[127.75541,37.809438],[127.756103,37.809164],[127.756329,37.808938],[127.756333,37.808933],[127.756344,37.80893],[127.75759,37.808516],[127.757709,37.808477],[127.757592,37.808286],[127.757691,37.807895],[127.757538,37.807251],[127.757451,37.806882],[127.75798,37.806697],[127.758208,37.806131],[127.758718,37.805745],[127.759215,37.805569],[127.759447,37.80524],[127.759593,37.805032],[127.759798,37.80474],[127.759861,37.804778],[127.760849,37.805383],[127.76108,37.805524],[127.762557,37.806392],[127.763837,37.806942],[127.76454,37.807242],[127.765255,37.807738],[127.765449,37.807872],[127.765507,37.807942],[127.765518,37.807954],[127.765664,37.808121],[127.765801,37.808279],[127.76592,37.808415],[127.765935,37.808447],[127.765975,37.808535],[127.765991,37.808571],[127.765962,37.808709],[127.765946,37.808786],[127.765942,37.808803],[127.765963,37.808847],[127.766036,37.809007],[127.766237,37.809266],[127.766265,37.809619],[127.766323,37.810065],[127.766583,37.810219],[127.766784,37.810349],[127.766811,37.810462],[127.766857,37.810745],[127.766881,37.810939],[127.766787,37.811074],[127.766516,37.81146],[127.766491,37.811949],[127.766382,37.812302],[127.766477,37.812621],[127.766491,37.813031],[127.766543,37.813337],[127.766501,37.813479],[127.766671,37.813796],[127.766926,37.813922],[127.76716,37.814038],[127.767506,37.814209],[127.767842,37.81426],[127.767933,37.814274],[127.768281,37.814328],[127.768338,37.814337],[127.768693,37.81477],[127.769037,37.815007],[127.769949,37.815258],[127.770141,37.815294],[127.770865,37.815457],[127.770945,37.815474],[127.771226,37.815546],[127.771422,37.815521],[127.771531,37.81551],[127.771729,37.815563],[127.771778,37.815576],[127.771836,37.815557],[127.772755,37.815256],[127.772945,37.815286],[127.773215,37.815328],[127.773815,37.814892],[127.773851,37.814863],[127.773895,37.814877],[127.774015,37.814916],[127.775062,37.815255],[127.775585,37.815433],[127.775766,37.815435],[127.776117,37.815437],[127.776746,37.815736],[127.776745,37.815995],[127.776817,37.816058],[127.777851,37.816957],[127.778114,37.817185],[127.778448,37.817459],[127.778753,37.817475],[127.779237,37.817687],[127.77967,37.817782],[127.780298,37.817714],[127.780583,37.817698],[127.780776,37.817624],[127.781418,37.817377],[127.781639,37.817291],[127.782629,37.816908],[127.783166,37.816863],[127.783726,37.816691],[127.783974,37.816664],[127.784906,37.816559],[127.785541,37.816277],[127.785883,37.816114],[127.786258,37.815134],[127.786369,37.814843]]]]}},
{"type":"Feature","properties":{"BASE_DATE":"20250630","ADM_CD":"32010330","ADM_NM":"신동면"},"geometry":{"type":"MultiPolygon","coordinates":[[[[127.724565,37.849572],[127.725044,37.849187],[127.725223,37.849058],[127.725421,37.848445],[127.725667,37.848334],[127.725964,37.8482],[127.726677,37.847704],[127.726774,37.847502],[127.727019,37.846914],[127.727386,37.846909],[127.727766,37.846927],[127.727946,37.846935],[127.72808,37.846836],[127.728264,37.846699],[127.728337,37.846645],[127.72887,37.846829],[127.729181,37.846834],[127.729246,37.846836],[127.729309,37.846834],[127.729337,37.84687],[127.729351,37.84688],[127.729752,37.846747],[127.729775,37.846739],[127.729881,37.846609],[127.730148,37.846402],[127.730437,37.846153],[127.73067,37.846002],[127.73079,37.845958],[127.730866,37.845948],[127.731008,37.845912],[127.731226,37.84582],[127.731248,37.845811],[127.731327,37.846036],[127.73137,37.846057],[127.731426,37.846238],[127.731504,37.846438],[127.731656,37.846679],[127.731742,37.846784],[127.731752,37.846779],[127.731874,37.846716],[127.731908,37.846696],[127.732003,37.846686],[127.732006,37.846686],[127.732034,37.846696],[127.732037,37.846697],[127.732053,37.846696],[127.73212,37.846684],[127.732139,37.846682],[127.732155,37.846658],[127.732239,37.846539],[127.732246,37.846529],[127.732313,37.846433],[127.732493,37.846177],[127.732494,37.845993],[127.73258,37.845832],[127.732623,37.845769],[127.732688,37.845673],[127.733086,37.845822],[127.733102,37.845828],[127.73317,37.845854],[127.73324,37.845923],[127.733281,37.845903],[127.733299,37.845894],[127.733322,37.845868],[127.733332,37.845858],[127.73341,37.845755],[127.733538,37.845798],[127.733731,37.845556],[127.733846,37.845411],[127.733981,37.845243],[127.734068,37.845145],[127.734181,37.844855],[127.734764,37.844156],[127.735086,37.844086],[127.735474,37.844001],[127.735577,37.843865],[127.735655,37.843762],[127.735494,37.843529],[127.736023,37.843208],[127.73617,37.843162],[127.736393,37.843093],[127.736903,37.842934],[127.73695,37.842854],[127.737011,37.842751],[127.737073,37.842645],[127.737434,37.842463],[127.737839,37.842083],[127.737978,37.842092],[127.73829,37.84211],[127.73832,37.842112],[127.738359,37.842115],[127.738554,37.842036],[127.738676,37.841979],[127.73884,37.841902],[127.738843,37.841885],[127.738921,37.841509],[127.739201,37.841484],[127.740412,37.84138],[127.740765,37.84135],[127.741009,37.841329],[127.741222,37.841307],[127.741838,37.841139],[127.742645,37.841382],[127.743049,37.841301],[127.743247,37.841432],[127.743496,37.84161],[127.743506,37.841604],[127.744018,37.841288],[127.744045,37.841288],[127.744108,37.841289],[127.744526,37.841304],[127.744792,37.841232],[127.745176,37.84056],[127.745808,37.840367],[127.74583,37.840361],[127.746448,37.840959],[127.746448,37.840959],[127.746534,37.841042],[127.74761,37.841211],[127.74881,37.841399],[127.749199,37.84142],[127.749161,37.84087],[127.749125,37.840362],[127.749075,37.839891],[127.749015,37.839818],[127.748585,37.839272],[127.748347,37.838959],[127.747514,37.837864],[127.747509,37.83774],[127.747488,37.837253],[127.747285,37.836796],[127.747241,37.836695],[127.746636,37.836279],[127.746334,37.835984],[127.746216,37.835819],[127.745772,37.834858],[127.745571,37.834851],[127.745292,37.834843],[127.745069,37.834257],[127.745176,37.833692],[127.745132,37.833259],[127.745126,37.833199],[127.745111,37.833129],[127.745078,37.832971],[127.745055,37.832861],[127.745048,37.832723],[127.744934,37.832227],[127.745091,37.831803],[127.745068,37.831484],[127.74516,37.831314],[127.745078,37.831216],[127.745144,37.831096],[127.745089,37.830719],[127.745071,37.830283],[127.745232,37.829891],[127.745467,37.829571],[127.74548,37.829553],[127.745543,37.829467],[127.745786,37.829148],[127.745766,37.82909],[127.745687,37.828856],[127.745844,37.828627],[127.745917,37.828555],[127.746059,37.828416],[127.74618,37.828241],[127.746323,37.828007],[127.74623,37.827945],[127.746109,37.827866],[127.746096,37.827858],[127.746001,37.827802],[127.745972,37.827703],[127.745935,37.827575],[127.745827,37.827203],[127.745777,37.82681],[127.745734,37.826478],[127.745694,37.825834],[127.745791,37.825738],[127.746106,37.825428],[127.74611,37.825288],[127.746087,37.824963],[127.746234,37.824278],[127.746259,37.823878],[127.746261,37.823841],[127.746275,37.823641],[127.746288,37.823432],[127.746304,37.823191],[127.746274,37.82319],[127.746364,37.821919],[127.746344,37.821707],[127.746346,37.821353],[127.746234,37.820655],[127.7462,37.8202],[127.746182,37.819958],[127.746145,37.819692],[127.746115,37.819471],[127.746148,37.819395],[127.74631,37.819026],[127.746343,37.818813],[127.746454,37.818137],[127.746332,37.817662],[127.746318,37.817605],[127.746276,37.817461],[127.746218,37.817092],[127.745968,37.816545],[127.745679,37.813811],[127.745511,37.812226],[127.745508,37.812201],[127.745508,37.812197],[127.745507,37.81219],[127.745505,37.812178],[127.745504,37.812165],[127.745437,37.811929],[127.745377,37.811763],[127.745456,37.811605],[127.74706,37.808369],[127.747749,37.804509],[127.747852,37.80369],[127.749188,37.802452],[127.749345,37.802308],[127.749165,37.80198],[127.748825,37.801357],[127.748462,37.801168],[127.74837,37.80112],[127.748221,37.801087],[127.747939,37.801023],[127.747922,37.801019],[127.745937,37.800678],[127.745536,37.800609],[127.74476,37.8003],[127.744238,37.799919],[127.743786,37.799741],[127.743538,37.799443],[127.743527,37.799431],[127.743102,37.79909],[127.742864,37.798965],[127.742642,37.798849],[127.742461,37.79871],[127.74245,37.798701],[127.742344,37.798594],[127.741992,37.798497],[127.741869,37.798463],[127.741751,37.798387],[127.741741,37.798381],[127.741473,37.798209],[127.741309,37.798139],[127.74077,37.797791],[127.740107,37.796694],[127.739744,37.796552],[127.73972,37.796236],[127.739704,37.796033],[127.739323,37.79587],[127.739069,37.795673],[127.738673,37.795286],[127.738596,37.795171],[127.738499,37.795027],[127.738063,37.79488],[127.737808,37.794794],[127.737661,37.794744],[127.737507,37.794767],[127.736461,37.794925],[127.736136,37.7947],[127.735582,37.794315],[127.735204,37.794053],[127.735035,37.793994],[127.734467,37.793792],[127.73421,37.793092],[127.733668,37.792975],[127.733361,37.793062],[127.732944,37.79314],[127.732798,37.793295],[127.732001,37.794133],[127.731609,37.793466],[127.731526,37.793326],[127.730843,37.793351],[127.73053,37.793286],[127.729719,37.793299],[127.728997,37.793309],[127.728866,37.793314],[127.728788,37.79331],[127.728755,37.793299],[127.728668,37.793278],[127.728599,37.793288],[127.728515,37.793378],[127.728491,37.793365],[127.728362,37.793319],[127.728002,37.793188],[127.727672,37.79297],[127.727179,37.792693],[127.725781,37.791551],[127.725306,37.791162],[127.724452,37.790463],[127.723598,37.790483],[127.723048,37.789586],[127.722876,37.789306],[127.722827,37.789229],[127.722733,37.789084],[127.722642,37.788337],[127.722415,37.787933],[127.722183,37.787613],[127.721858,37.786951],[127.721881,37.786233],[127.721836,37.78618],[127.721299,37.785507],[127.720685,37.784705],[127.720663,37.78457],[127.720558,37.783917],[127.720526,37.783722],[127.720463,37.783331],[127.72046,37.783147],[127.720446,37.783083],[127.720293,37.782464],[127.720485,37.782145],[127.720364,37.781792],[127.721379,37.781284],[127.72154,37.781034],[127.721642,37.780877],[127.721809,37.780592],[127.721755,37.780481],[127.721542,37.780048],[127.721606,37.779549],[127.722073,37.779307],[127.722146,37.779061],[127.72252,37.778465],[127.722631,37.778047],[127.722701,37.777781],[127.723481,37.777178],[127.723565,37.776886],[127.723756,37.776666],[127.724604,37.776228],[127.724756,37.776149],[127.72485,37.775967],[127.725072,37.77554],[127.725076,37.775533],[127.725076,37.775506],[127.725081,37.774897],[127.725082,37.774826],[127.725809,37.774265],[127.725869,37.774218],[127.725869,37.774208],[127.725867,37.774084],[127.725865,37.773988],[127.725865,37.773951],[127.725861,37.773758],[127.725172,37.77347],[127.724601,37.77306],[127.724858,37.772844],[127.725029,37.7727],[127.725402,37.771856],[127.725928,37.770768],[127.72613,37.770461],[127.726048,37.770145],[127.726004,37.769974],[127.726185,37.769772],[127.726142,37.76968],[127.725771,37.769319],[127.725581,37.769118],[127.72594,37.76847],[127.726223,37.76757],[127.726161,37.766572],[127.725757,37.766372],[127.725202,37.766262],[127.725148,37.766251],[127.724771,37.766023],[127.724228,37.765628],[127.723745,37.765267],[127.722457,37.764927],[127.721922,37.764785],[127.721902,37.764484],[127.72189,37.7643],[127.721369,37.76386],[127.720836,37.76388],[127.720335,37.763621],[127.720204,37.763527],[127.719874,37.763464],[127.719794,37.763448],[127.719768,37.763404],[127.719652,37.7632],[127.719179,37.763044],[127.718637,37.762691],[127.718202,37.762706],[127.717871,37.762504],[127.716494,37.762364],[127.716018,37.762473],[127.71569,37.762547],[127.716473,37.763663],[127.716483,37.764129],[127.716485,37.764237],[127.716392,37.764286],[127.716386,37.764289],[127.71623,37.764433],[127.71568,37.764686],[127.715483,37.764731],[127.715377,37.764761],[127.715048,37.764859],[127.715032,37.764858],[127.714789,37.76484],[127.714674,37.764832],[127.714466,37.764816],[127.713466,37.765005],[127.713312,37.765168],[127.713437,37.765435],[127.713521,37.765608],[127.713565,37.765697],[127.713283,37.766071],[127.713003,37.766211],[127.712906,37.766269],[127.712627,37.766434],[127.712359,37.766386],[127.711998,37.766888],[127.711746,37.767242],[127.71162,37.767417],[127.711525,37.76738],[127.711392,37.767328],[127.71116,37.767238],[127.71101,37.767218],[127.710273,37.76736],[127.71014,37.767386],[127.710006,37.767307],[127.709666,37.767104],[127.709581,37.767028],[127.709469,37.767044],[127.709245,37.767155],[127.709094,37.767229],[127.708391,37.767162],[127.707835,37.766827],[127.707458,37.766837],[127.707455,37.766826],[127.707419,37.76669],[127.7074,37.766616],[127.706888,37.766376],[127.706739,37.766437],[127.706505,37.766532],[127.706281,37.766255],[127.705946,37.765841],[127.705586,37.765783],[127.705086,37.765703],[127.704604,37.765853],[127.704197,37.765772],[127.703786,37.76569],[127.70354,37.765649],[127.702836,37.76575],[127.702355,37.765522],[127.701912,37.765311],[127.701526,37.765416],[127.701447,37.765628],[127.701399,37.765756],[127.70101,37.766058],[127.700903,37.76637],[127.700758,37.766434],[127.700485,37.766556],[127.700372,37.766901],[127.700388,37.766934],[127.7006,37.767364],[127.701013,37.767571],[127.701299,37.767887],[127.701056,37.768094],[127.700439,37.768124],[127.699811,37.768751],[127.699636,37.769157],[127.69927,37.769248],[127.699236,37.769261],[127.698624,37.769335],[127.6984,37.769516],[127.698208,37.769518],[127.697954,37.769777],[127.697101,37.77001],[127.69672,37.770526],[127.6963,37.771438],[127.696234,37.771736],[127.69598,37.772065],[127.695937,37.772788],[127.695134,37.772678],[127.694635,37.772817],[127.694216,37.772806],[127.693835,37.772765],[127.693505,37.772729],[127.69318,37.772701],[127.692461,37.773031],[127.692168,37.773071],[127.692136,37.773075],[127.691962,37.773099],[127.691056,37.773888],[127.691125,37.773979],[127.691425,37.774372],[127.69133,37.774685],[127.691326,37.774697],[127.691406,37.775042],[127.691307,37.775339],[127.691208,37.775637],[127.691204,37.775649],[127.690753,37.77579],[127.689315,37.776857],[127.687817,37.776816],[127.687263,37.776801],[127.687067,37.776858],[127.686782,37.776941],[127.686405,37.777797],[127.686389,37.777832],[127.686216,37.777826],[127.685456,37.777799],[127.685148,37.77769],[127.685056,37.777705],[127.684567,37.777862],[127.684235,37.77824],[127.684214,37.778264],[127.684173,37.778268],[127.683383,37.778334],[127.683024,37.77846],[127.682303,37.778413],[127.681998,37.778245],[127.681774,37.777925],[127.681392,37.77801],[127.681078,37.778136],[127.681256,37.778379],[127.681374,37.778474],[127.681545,37.778614],[127.681547,37.778916],[127.681542,37.778983],[127.68152,37.779333],[127.681517,37.779379],[127.681552,37.779407],[127.681787,37.779591],[127.681827,37.780493],[127.681738,37.780561],[127.681458,37.780775],[127.681302,37.780796],[127.680763,37.780851],[127.67986,37.780535],[127.679639,37.780586],[127.679516,37.78067],[127.67935,37.780784],[127.678947,37.780776],[127.678835,37.780775],[127.678142,37.780765],[127.677909,37.781053],[127.677917,37.781171],[127.677933,37.781393],[127.677955,37.781474],[127.678091,37.781837],[127.678115,37.781865],[127.678277,37.782123],[127.678106,37.782309],[127.677951,37.782477],[127.677909,37.782564],[127.67783,37.782685],[127.677664,37.783115],[127.67763,37.783176],[127.676969,37.784381],[127.676856,37.784588],[127.676739,37.784662],[127.67642,37.784866],[127.676254,37.785113],[127.676021,37.785618],[127.675949,37.786038],[127.676009,37.786286],[127.676061,37.786474],[127.67609,37.786579],[127.676007,37.786692],[127.675886,37.786856],[127.675572,37.787266],[127.675336,37.788446],[127.674529,37.788912],[127.674183,37.789352],[127.674133,37.790411],[127.674162,37.790634],[127.674193,37.790873],[127.674102,37.79096],[127.673881,37.791173],[127.673402,37.791282],[127.67329,37.791364],[127.673127,37.791661],[127.672814,37.792227],[127.672439,37.792807],[127.672612,37.793296],[127.672265,37.794678],[127.670326,37.794638],[127.669493,37.795227],[127.669437,37.795629],[127.669255,37.796932],[127.66882,37.797607],[127.668142,37.798727],[127.667292,37.798793],[127.666917,37.798822],[127.66545,37.798937],[127.662927,37.79892],[127.66272,37.799412],[127.662706,37.799444],[127.662278,37.800453],[127.662251,37.800524],[127.662017,37.801059],[127.659486,37.801385],[127.657856,37.80164],[127.65733,37.802228],[127.656958,37.802671],[127.656492,37.803181],[127.656188,37.803831],[127.65543,37.804555],[127.654943,37.804875],[127.653819,37.805219],[127.652922,37.804884],[127.651357,37.805595],[127.650921,37.806202],[127.650878,37.80626],[127.650845,37.806306],[127.650503,37.806733],[127.649586,37.806637],[127.648733,37.807838],[127.648459,37.808251],[127.647946,37.80824],[127.647723,37.808235],[127.647302,37.808947],[127.647507,37.809193],[127.647671,37.809392],[127.648035,37.809834],[127.648612,37.810179],[127.649283,37.81067],[127.649437,37.810718],[127.64958,37.810739],[127.650187,37.810831],[127.65206,37.811062],[127.652742,37.810875],[127.653446,37.810955],[127.654277,37.811022],[127.65437,37.810918],[127.655,37.810906],[127.655172,37.810899],[127.655569,37.81067],[127.655872,37.810638],[127.656204,37.81081],[127.656835,37.810833],[127.656944,37.810836],[127.657391,37.810936],[127.657558,37.810972],[127.657745,37.811017],[127.657866,37.811118],[127.658156,37.811354],[127.658408,37.811559],[127.658616,37.811513],[127.659067,37.811413],[127.65924,37.811523],[127.659653,37.811699],[127.660395,37.812009],[127.660753,37.812158],[127.661049,37.812412],[127.661211,37.812551],[127.661289,37.812667],[127.661527,37.81265],[127.661948,37.81262],[127.663249,37.813078],[127.664055,37.813066],[127.664277,37.813233],[127.664354,37.813332],[127.664633,37.813693],[127.665035,37.813704],[127.665549,37.813718],[127.665632,37.81377],[127.665648,37.81378],[127.665809,37.813881],[127.666079,37.813885],[127.66622,37.813887],[127.6664,37.813889],[127.667447,37.813897],[127.667996,37.814118],[127.668733,37.814757],[127.66862,37.814895],[127.667952,37.815711],[127.667371,37.816281],[127.667297,37.816836],[127.667391,37.817288],[127.667588,37.818216],[127.667591,37.818231],[127.667584,37.818233],[127.666638,37.818587],[127.666574,37.818621],[127.666626,37.819854],[127.666621,37.82002],[127.666436,37.820282],[127.665899,37.820573],[127.66551,37.822058],[127.665245,37.822564],[127.665135,37.822749],[127.665013,37.823015],[127.664789,37.823651],[127.664706,37.823887],[127.664935,37.823896],[127.667187,37.824427],[127.669244,37.824904],[127.672985,37.826976],[127.674946,37.829443],[127.675213,37.829779],[127.675694,37.830385],[127.675773,37.832275],[127.6759,37.835064],[127.675724,37.836844],[127.675592,37.838186],[127.67548,37.839784],[127.67572,37.841081],[127.675785,37.84108],[127.676928,37.841065],[127.67713,37.841057],[127.67939,37.841999],[127.680544,37.842479],[127.680621,37.842511],[127.681772,37.841814],[127.682187,37.841909],[127.682805,37.841332],[127.683145,37.841234],[127.684096,37.840965],[127.684998,37.840709],[127.68513,37.840671],[127.685651,37.840898],[127.68568,37.840911],[127.685689,37.840909],[127.686044,37.840843],[127.686513,37.840755],[127.687788,37.840527],[127.68801,37.840421],[127.688117,37.84037],[127.688573,37.840344],[127.688862,37.840328],[127.689326,37.84041],[127.689803,37.840431],[127.690361,37.840507],[127.6911,37.839932],[127.693303,37.839259],[127.694287,37.839332],[127.694686,37.839489],[127.695118,37.83966],[127.695479,37.839918],[127.695688,37.839949],[127.696361,37.840048],[127.696868,37.840074],[127.697838,37.840063],[127.698372,37.840058],[127.698533,37.840054],[127.698982,37.839988],[127.699709,37.839579],[127.700344,37.839478],[127.700354,37.839476],[127.700405,37.839437],[127.701137,37.838874],[127.701156,37.838859],[127.701181,37.838847],[127.701487,37.838686],[127.702834,37.838708],[127.703602,37.838525],[127.703812,37.838476],[127.704612,37.838321],[127.704654,37.838294],[127.705264,37.837899],[127.705437,37.837614],[127.705482,37.837531],[127.705523,37.837454],[127.705446,37.837135],[127.705348,37.837079],[127.705132,37.836955],[127.705265,37.836802],[127.705329,37.836727],[127.705613,37.836812],[127.705736,37.836845],[127.705904,37.836868],[127.706237,37.836979],[127.706574,37.837325],[127.706591,37.837342],[127.706804,37.837398],[127.70686,37.83737],[127.707347,37.837129],[127.707469,37.837118],[127.707671,37.83685],[127.707878,37.836834],[127.708105,37.836817],[127.708466,37.836891],[127.708745,37.836884],[127.70894,37.837023],[127.709689,37.836979],[127.709787,37.83697],[127.710191,37.836884],[127.710338,37.836804],[127.710766,37.836787],[127.710809,37.836786],[127.711086,37.836518],[127.711393,37.836558],[127.711572,37.836581],[127.71172,37.83652],[127.711787,37.83639],[127.711937,37.836268],[127.711912,37.836],[127.712036,37.835873],[127.712254,37.83579],[127.712607,37.835801],[127.712862,37.835873],[127.713309,37.836123],[127.71334,37.836047],[127.713284,37.835999],[127.713321,37.835958],[127.713353,37.835922],[127.713368,37.835906],[127.713384,37.835889],[127.713534,37.836043],[127.713612,37.83615],[127.713634,37.836178],[127.713705,37.836242],[127.713808,37.83631],[127.71381,37.83631],[127.713878,37.836334],[127.713958,37.836389],[127.714103,37.836449],[127.714241,37.836486],[127.714225,37.836365],[127.714223,37.836351],[127.714197,37.836188],[127.714179,37.835544],[127.714178,37.835487],[127.714276,37.835014],[127.714358,37.834616],[127.71437,37.834561],[127.714898,37.834562],[127.714994,37.834592],[127.71503,37.834601],[127.715062,37.83461],[127.715116,37.834515],[127.715213,37.834341],[127.715426,37.834192],[127.716169,37.83408],[127.716547,37.834182],[127.716974,37.834299],[127.717401,37.834732],[127.717007,37.834801],[127.716315,37.834805],[127.716178,37.834906],[127.716112,37.834954],[127.71588,37.835354],[127.715742,37.83537],[127.715421,37.835719],[127.71573,37.836175],[127.715663,37.836363],[127.715482,37.836878],[127.715791,37.837084],[127.715871,37.837183],[127.716055,37.837487],[127.716431,37.83768],[127.716634,37.837784],[127.716549,37.83797],[127.716474,37.838092],[127.71649,37.838155],[127.716533,37.838331],[127.71655,37.838404],[127.716501,37.838535],[127.716267,37.839161],[127.716291,37.839186],[127.716293,37.839188],[127.71645,37.839351],[127.716886,37.839804],[127.716799,37.839934],[127.716789,37.839963],[127.716741,37.840097],[127.716927,37.840899],[127.716934,37.84093],[127.716969,37.841081],[127.717071,37.841196],[127.717036,37.841361],[127.717035,37.841367],[127.716956,37.84174],[127.716818,37.842397],[127.716838,37.842584],[127.716853,37.842705],[127.716865,37.8428],[127.716829,37.843029],[127.71681,37.843104],[127.716729,37.843437],[127.716727,37.843456],[127.716658,37.843755],[127.716553,37.843936],[127.71652,37.84398],[127.716333,37.844263],[127.716135,37.844564],[127.716095,37.844632],[127.716041,37.844726],[127.716018,37.844723],[127.715985,37.844775],[127.715804,37.845176],[127.715817,37.845418],[127.716026,37.845641],[127.716113,37.845734],[127.716169,37.845794],[127.716335,37.845972],[127.716573,37.846226],[127.71672,37.846384],[127.716829,37.8465],[127.716901,37.846743],[127.716925,37.846824],[127.716968,37.84694],[127.71699,37.847001],[127.716961,37.847213],[127.716974,37.847339],[127.717153,37.847952],[127.717059,37.848198],[127.71701,37.8483],[127.717056,37.848459],[127.717034,37.848577],[127.716924,37.849172],[127.717233,37.849174],[127.717688,37.849317],[127.718423,37.849066],[127.718973,37.849167],[127.719454,37.849079],[127.719614,37.849185],[127.719815,37.849126],[127.720218,37.848998],[127.720433,37.849172],[127.72096,37.849234],[127.721249,37.849569],[127.721489,37.849523],[127.721786,37.849617],[127.722078,37.849533],[127.722283,37.849697],[127.722505,37.849679],[127.723883,37.849668],[127.723897,37.849666],[127.724378,37.849598],[127.724565,37.849572]]]]}},
{"type":"Feature","properties":{"BASE_DATE":"20250630","ADM_CD":"32010340","ADM_NM":"동내면"},"geometry":{"type":"MultiPolygon","coordinates":[[[[127.779473,37.870278],[127.779896,37.870228],[127.779976,37.87024],[127.780034,37.870249],[127.780585,37.870331],[127.780741,37.870326],[127.78087,37.870322],[127.780926,37.870319],[127.781053,37.870313],[127.781203,37.870136],[127.781227,37.87008],[127.781254,37.870014],[127.781315,37.869869],[127.781345,37.869798],[127.781365,37.869749],[127.781417,37.869723],[127.781545,37.869657],[127.781659,37.869599],[127.7817,37.869556],[127.781879,37.869364],[127.782048,37.869377],[127.782525,37.869415],[127.783232,37.868964],[127.783466,37.868815],[127.783522,37.86876],[127.783638,37.868648],[127.783686,37.868471],[127.783699,37.868425],[127.783744,37.86826],[127.783875,37.868177],[127.783918,37.868149],[127.784028,37.868079],[127.784243,37.867942],[127.784329,37.867736],[127.784568,37.867167],[127.784678,37.866847],[127.784877,37.866272],[127.784971,37.866255],[127.785124,37.866218],[127.785643,37.866218],[127.785947,37.865921],[127.786277,37.865975],[127.786569,37.865992],[127.786726,37.865828],[127.786981,37.865586],[127.787167,37.86541],[127.787266,37.865317],[127.787443,37.865279],[127.787516,37.865212],[127.78768,37.865062],[127.787837,37.865065],[127.78784,37.865065],[127.788014,37.865069],[127.788263,37.865147],[127.788408,37.865192],[127.788452,37.865206],[127.788558,37.865224],[127.789015,37.865303],[127.789231,37.865354],[127.789306,37.865372],[127.789426,37.865401],[127.789485,37.865413],[127.789766,37.86547],[127.789797,37.865476],[127.789916,37.865562],[127.789984,37.865611],[127.790145,37.865652],[127.791062,37.86587],[127.79127,37.865758],[127.791501,37.865633],[127.791697,37.865745],[127.791767,37.865785],[127.791961,37.865702],[127.792205,37.865597],[127.792817,37.865299],[127.792932,37.865339],[127.793233,37.865374],[127.793429,37.865431],[127.793465,37.865438],[127.794035,37.865665],[127.794253,37.865744],[127.79444,37.865842],[127.794477,37.865861],[127.794776,37.865964],[127.794846,37.865965],[127.795052,37.865967],[127.795101,37.865944],[127.795128,37.865893],[127.795215,37.865866],[127.7953,37.865812],[127.79539,37.865738],[127.79545,37.865744],[127.795538,37.865819],[127.795607,37.865872],[127.795681,37.865923],[127.795905,37.866047],[127.796062,37.866028],[127.796255,37.865957],[127.796682,37.866291],[127.79674,37.866256],[127.797199,37.865957],[127.797545,37.866027],[127.797648,37.86594],[127.797857,37.865839],[127.798633,37.865766],[127.798901,37.865713],[127.798916,37.86541],[127.799563,37.865479],[127.7996,37.865463],[127.799893,37.865332],[127.799962,37.865241],[127.800012,37.865237],[127.800529,37.865321],[127.800797,37.865234],[127.801352,37.865564],[127.80148,37.865641],[127.801717,37.865562],[127.802494,37.865964],[127.8029,37.865827],[127.804225,37.866118],[127.805116,37.866122],[127.805646,37.866382],[127.805652,37.866385],[127.806005,37.867841],[127.806088,37.868185],[127.806103,37.868246],[127.806632,37.868473],[127.807446,37.86825],[127.8078,37.86804],[127.807755,37.867835],[127.807503,37.866662],[127.806834,37.865812],[127.80677,37.865548],[127.807581,37.864281],[127.807588,37.864271],[127.807672,37.864137],[127.807644,37.863747],[127.80763,37.863563],[127.807746,37.863269],[127.807951,37.86275],[127.807976,37.862663],[127.80805,37.861803],[127.808103,37.861261],[127.808076,37.861176],[127.808074,37.861171],[127.807904,37.860618],[127.807878,37.860476],[127.807902,37.860441],[127.808214,37.860049],[127.808175,37.859478],[127.808281,37.859165],[127.809056,37.859102],[127.81078,37.858962],[127.811435,37.857383],[127.812553,37.857089],[127.812689,37.856861],[127.81283,37.856625],[127.81468,37.854859],[127.817446,37.853568],[127.817491,37.853516],[127.817965,37.852976],[127.819097,37.851685],[127.820223,37.850791],[127.821763,37.849819],[127.821768,37.849562],[127.821784,37.848737],[127.821785,37.848662],[127.821712,37.848487],[127.821549,37.848099],[127.821895,37.847789],[127.822033,37.847583],[127.821793,37.845954],[127.822084,37.845701],[127.822097,37.84569],[127.822127,37.845664],[127.821364,37.845426],[127.821172,37.845057],[127.8209,37.844718],[127.819343,37.843695],[127.819407,37.842627],[127.81943,37.84225],[127.819437,37.842136],[127.818898,37.841866],[127.818537,37.841829],[127.817891,37.841763],[127.817811,37.84175],[127.817198,37.84162],[127.817181,37.841606],[127.816899,37.841378],[127.816366,37.841012],[127.816238,37.84097],[127.816178,37.840974],[127.815579,37.841008],[127.81548,37.84099],[127.815187,37.840513],[127.815124,37.840038],[127.814826,37.839863],[127.814664,37.839558],[127.814427,37.839113],[127.814217,37.838718],[127.814317,37.838391],[127.81517,37.837766],[127.81533,37.837648],[127.815021,37.837299],[127.814957,37.837257],[127.814458,37.837032],[127.814401,37.837006],[127.814337,37.836959],[127.814385,37.836733],[127.814528,37.836063],[127.814325,37.835557],[127.813569,37.833674],[127.813569,37.833672],[127.813568,37.833652],[127.813577,37.833624],[127.81359,37.833531],[127.813624,37.833293],[127.813628,37.83328],[127.815397,37.831837],[127.818415,37.829375],[127.817223,37.828222],[127.817374,37.828096],[127.817706,37.827818],[127.81866,37.827022],[127.818762,37.826927],[127.818821,37.826877],[127.820793,37.825304],[127.821992,37.824634],[127.822036,37.824622],[127.823571,37.824614],[127.82361,37.824611],[127.825309,37.824383],[127.825529,37.824353],[127.825581,37.824338],[127.82617,37.821828],[127.826217,37.821629],[127.826247,37.821598],[127.826696,37.821396],[127.827326,37.820751],[127.827606,37.820464],[127.827626,37.820158],[127.82764,37.820052],[127.827658,37.819916],[127.827739,37.819299],[127.827746,37.819239],[127.827724,37.819226],[127.827418,37.81905],[127.827372,37.818848],[127.827104,37.817684],[127.826771,37.817478],[127.826549,37.817094],[127.826085,37.816767],[127.826077,37.816754],[127.826065,37.816638],[127.82604,37.816407],[127.825731,37.816192],[127.825545,37.816063],[127.825013,37.815692],[127.825048,37.815402],[127.825121,37.814807],[127.825213,37.814058],[127.825152,37.81279],[127.825116,37.812037],[127.825104,37.811777],[127.825277,37.81133],[127.825401,37.81101],[127.825411,37.810986],[127.825401,37.810982],[127.825393,37.81098],[127.823913,37.810469],[127.823794,37.810411],[127.823547,37.810291],[127.820651,37.811073],[127.819184,37.810617],[127.818782,37.810414],[127.817177,37.81059],[127.817,37.81098],[127.816607,37.811094],[127.816392,37.811157],[127.815757,37.810946],[127.815706,37.81093],[127.815644,37.810909],[127.813615,37.808981],[127.811495,37.808199],[127.809398,37.80745],[127.808433,37.806719],[127.807873,37.806295],[127.807024,37.806253],[127.80675,37.806239],[127.804803,37.805874],[127.804738,37.805861],[127.804297,37.805681],[127.802768,37.805058],[127.802609,37.804959],[127.802527,37.805218],[127.802414,37.805528],[127.802229,37.806682],[127.800669,37.80812],[127.80061,37.808176],[127.799702,37.809031],[127.798719,37.809957],[127.798751,37.810192],[127.799073,37.812561],[127.799495,37.813542],[127.799091,37.814589],[127.798886,37.814625],[127.796257,37.815076],[127.795627,37.81509],[127.795552,37.815169],[127.79513,37.815611],[127.792864,37.815784],[127.792445,37.815771],[127.791886,37.815753],[127.791854,37.815752],[127.791438,37.815734],[127.791138,37.815721],[127.791028,37.815651],[127.790652,37.815412],[127.789978,37.815125],[127.789215,37.81495],[127.788972,37.814895],[127.788865,37.814643],[127.788803,37.814498],[127.788689,37.814273],[127.788479,37.814292],[127.786777,37.814442],[127.786369,37.814843],[127.786258,37.815134],[127.785883,37.816114],[127.785541,37.816277],[127.784906,37.816559],[127.783974,37.816664],[127.783726,37.816691],[127.783166,37.816863],[127.782629,37.816908],[127.781639,37.817291],[127.781418,37.817377],[127.780776,37.817624],[127.780583,37.817698],[127.780298,37.817714],[127.77967,37.817782],[127.779237,37.817687],[127.778753,37.817475],[127.778448,37.817459],[127.778114,37.817185],[127.777851,37.816957],[127.776817,37.816058],[127.776745,37.815995],[127.776746,37.815736],[127.776117,37.815437],[127.775766,37.815435],[127.775585,37.815433],[127.775062,37.815255],[127.774015,37.814916],[127.773895,37.814877],[127.773851,37.814863],[127.773815,37.814892],[127.773215,37.815328],[127.772945,37.815286],[127.772755,37.815256],[127.771836,37.815557],[127.771778,37.815576],[127.771729,37.815563],[127.771531,37.81551],[127.771422,37.815521],[127.771226,37.815546],[127.770945,37.815474],[127.770865,37.815457],[127.770141,37.815294],[127.769949,37.815258],[127.769037,37.815007],[127.768693,37.81477],[127.768338,37.814337],[127.768281,37.814328],[127.767933,37.814274],[127.767842,37.81426],[127.767506,37.814209],[127.76716,37.814038],[127.766926,37.813922],[127.766671,37.813796],[127.766501,37.813479],[127.766543,37.813337],[127.766491,37.813031],[127.766477,37.812621],[127.766382,37.812302],[127.766491,37.811949],[127.766516,37.81146],[127.766787,37.811074],[127.766881,37.810939],[127.766857,37.810745],[127.766811,37.810462],[127.766784,37.810349],[127.766583,37.810219],[127.766323,37.810065],[127.766265,37.809619],[127.766237,37.809266],[127.766036,37.809007],[127.765963,37.808847],[127.765942,37.808803],[127.765946,37.808786],[127.765962,37.808709],[127.765991,37.808571],[127.765975,37.808535],[127.765935,37.808447],[127.76592,37.808415],[127.765801,37.808279],[127.765664,37.808121],[127.765518,37.807954],[127.765507,37.807942],[127.765449,37.807872],[127.765255,37.807738],[127.76454,37.807242],[127.763837,37.806942],[127.762557,37.806392],[127.76108,37.805524],[127.760849,37.805383],[127.759861,37.804778],[127.759798,37.80474],[127.759593,37.805032],[127.759447,37.80524],[127.759215,37.805569],[127.758718,37.805745],[127.758208,37.806131],[127.75798,37.806697],[127.757451,37.806882],[127.757538,37.807251],[127.757691,37.807895],[127.757592,37.808286],[127.757709,37.808477],[127.75759,37.808516],[127.756344,37.80893],[127.756333,37.808933],[127.756329,37.808938],[127.756103,37.809164],[127.75541,37.809438],[127.753748,37.809762],[127.75351,37.80986],[127.753302,37.810265],[127.752818,37.810717],[127.752387,37.811401],[127.751737,37.811631],[127.751593,37.811989],[127.75123,37.812342],[127.751035,37.812729],[127.750301,37.813024],[127.749923,37.812828],[127.749469,37.812668],[127.749453,37.812663],[127.748547,37.812724],[127.748528,37.812748],[127.748366,37.812959],[127.747852,37.812806],[127.747326,37.812649],[127.746058,37.812192],[127.745531,37.81218],[127.74553,37.81218],[127.745505,37.812178],[127.745507,37.81219],[127.745508,37.812197],[127.745508,37.812201],[127.745511,37.812226],[127.745679,37.813811],[127.745968,37.816545],[127.746218,37.817092],[127.746276,37.817461],[127.746318,37.817605],[127.746332,37.817662],[127.746454,37.818137],[127.746343,37.818813],[127.74631,37.819026],[127.746148,37.819395],[127.746115,37.819471],[127.746145,37.819692],[127.746182,37.819958],[127.7462,37.8202],[127.746234,37.820655],[127.746346,37.821353],[127.746344,37.821707],[127.746364,37.821919],[127.746274,37.82319],[127.746304,37.823191],[127.746288,37.823432],[127.746275,37.823641],[127.746261,37.823841],[127.746259,37.823878],[127.746234,37.824278],[127.746087,37.824963],[127.74611,37.825288],[127.746106,37.825428],[127.745791,37.825738],[127.745694,37.825834],[127.745734,37.826478],[127.745777,37.82681],[127.745827,37.827203],[127.745935,37.827575],[127.745972,37.827703],[127.746001,37.827802],[127.746096,37.827858],[127.746109,37.827866],[127.74623,37.827945],[127.746323,37.828007],[127.74618,37.828241],[127.746059,37.828416],[127.745917,37.828555],[127.745844,37.828627],[127.745687,37.828856],[127.745766,37.82909],[127.745786,37.829148],[127.745543,37.829467],[127.74548,37.829553],[127.745467,37.829571],[127.745232,37.829891],[127.745071,37.830283],[127.745089,37.830719],[127.745144,37.831096],[127.745078,37.831216],[127.74516,37.831314],[127.745068,37.831484],[127.745091,37.831803],[127.744934,37.832227],[127.745048,37.832723],[127.745055,37.832861],[127.745078,37.832971],[127.745111,37.833129],[127.745126,37.833199],[127.745132,37.833259],[127.745176,37.833692],[127.745069,37.834257],[127.745292,37.834843],[127.745571,37.834851],[127.745772,37.834858],[127.746216,37.835819],[127.746334,37.835984],[127.746636,37.836279],[127.747241,37.836695],[127.747285,37.836796],[127.747488,37.837253],[127.747509,37.83774],[127.747514,37.837864],[127.748347,37.838959],[127.748585,37.839272],[127.749015,37.839818],[127.749075,37.839891],[127.749125,37.840362],[127.749161,37.84087],[127.749199,37.84142],[127.74941,37.841977],[127.749474,37.842145],[127.749479,37.84216],[127.749499,37.842161],[127.749921,37.842164],[127.750006,37.842164],[127.750202,37.842166],[127.752187,37.842254],[127.752313,37.842533],[127.752389,37.842701],[127.753163,37.843167],[127.753406,37.843958],[127.753761,37.844348],[127.754024,37.844509],[127.754086,37.844503],[127.75432,37.844463],[127.754569,37.84442],[127.754796,37.84458],[127.755443,37.844783],[127.755772,37.844752],[127.756102,37.844804],[127.756147,37.844809],[127.756756,37.84511],[127.756828,37.845146],[127.7569,37.845141],[127.756989,37.845136],[127.757009,37.845081],[127.757212,37.845068],[127.757368,37.844799],[127.75774,37.844705],[127.757806,37.844729],[127.758146,37.844855],[127.758233,37.844887],[127.758271,37.844888],[127.758235,37.844966],[127.758305,37.844963],[127.758436,37.844958],[127.758576,37.845054],[127.758817,37.845218],[127.758862,37.845246],[127.758889,37.845262],[127.758897,37.845268],[127.758947,37.845302],[127.758989,37.845331],[127.75841,37.845956],[127.757487,37.846499],[127.757441,37.846611],[127.757427,37.846645],[127.757405,37.846698],[127.757377,37.846764],[127.757295,37.846866],[127.757205,37.847112],[127.756918,37.847442],[127.756567,37.847936],[127.756565,37.848038],[127.756655,37.848128],[127.756669,37.848201],[127.756679,37.848268],[127.756687,37.848326],[127.756698,37.8484],[127.756722,37.848561],[127.756726,37.848594],[127.756735,37.848653],[127.756746,37.848711],[127.756752,37.848758],[127.756785,37.848819],[127.756807,37.84886],[127.756833,37.848908],[127.756833,37.848915],[127.756828,37.849062],[127.75681,37.849086],[127.755717,37.849002],[127.75564,37.848997],[127.755579,37.848993],[127.755445,37.848984],[127.755198,37.849155],[127.755092,37.849231],[127.754989,37.849326],[127.754946,37.849399],[127.754907,37.8494],[127.754843,37.849459],[127.75456,37.849716],[127.754378,37.849883],[127.754278,37.849967],[127.754272,37.849966],[127.754131,37.850078],[127.753986,37.850183],[127.753926,37.850221],[127.753653,37.850406],[127.753562,37.850467],[127.753506,37.850462],[127.753527,37.85044],[127.753535,37.85043],[127.75354,37.850415],[127.7535,37.850397],[127.753458,37.850457],[127.753457,37.850458],[127.753443,37.85048],[127.753414,37.850525],[127.753394,37.850555],[127.753357,37.850613],[127.753194,37.850777],[127.753119,37.850853],[127.752965,37.851008],[127.752917,37.851052],[127.752842,37.851128],[127.752803,37.851168],[127.752697,37.851249],[127.752696,37.85125],[127.752568,37.851386],[127.752542,37.851424],[127.75252,37.851456],[127.75251,37.851471],[127.752488,37.851494],[127.752402,37.851582],[127.752397,37.851588],[127.752267,37.851717],[127.75212,37.851864],[127.752109,37.851875],[127.751964,37.852019],[127.751915,37.852067],[127.751818,37.852204],[127.751729,37.852351],[127.751584,37.85259],[127.751552,37.852642],[127.751474,37.852772],[127.751478,37.852812],[127.751461,37.852841],[127.751343,37.853038],[127.751335,37.85305],[127.751322,37.853057],[127.751308,37.853065],[127.751274,37.853084],[127.751261,37.853106],[127.751262,37.853106],[127.751154,37.853283],[127.751108,37.853359],[127.750979,37.85357],[127.750965,37.853592],[127.75076,37.853929],[127.750686,37.854049],[127.750453,37.854423],[127.750249,37.854752],[127.750214,37.854812],[127.750205,37.854826],[127.750202,37.854827],[127.750176,37.854876],[127.750032,37.855074],[127.749695,37.855346],[127.749672,37.855322],[127.749624,37.855274],[127.74958,37.855231],[127.749471,37.855303],[127.749519,37.855346],[127.749563,37.855386],[127.749798,37.8556],[127.749845,37.855639],[127.749963,37.855812],[127.750023,37.855885],[127.750248,37.856217],[127.750598,37.856471],[127.750707,37.85655],[127.750746,37.856578],[127.751153,37.856677],[127.751296,37.856691],[127.75134,37.856694],[127.751402,37.856698],[127.751517,37.856706],[127.751535,37.856699],[127.751545,37.856697],[127.751672,37.856677],[127.751692,37.856702],[127.751712,37.856756],[127.751746,37.856754],[127.751764,37.856818],[127.751815,37.856856],[127.751836,37.856902],[127.751926,37.857101],[127.75201,37.85726],[127.75212,37.857469],[127.752138,37.857467],[127.752235,37.857456],[127.752642,37.857469],[127.752642,37.857475],[127.752643,37.857489],[127.752661,37.857641],[127.752624,37.857739],[127.752594,37.857805],[127.7526,37.857813],[127.752651,37.857876],[127.752752,37.858002],[127.752775,37.858031],[127.752892,37.858176],[127.752892,37.858177],[127.752893,37.858177],[127.753038,37.858357],[127.753293,37.858675],[127.753204,37.85875],[127.753181,37.858769],[127.753241,37.858899],[127.753318,37.859065],[127.753935,37.859079],[127.754029,37.859528],[127.754397,37.860025],[127.754723,37.860465],[127.754731,37.860468],[127.754764,37.860479],[127.754769,37.860481],[127.755293,37.860657],[127.756068,37.860702],[127.756136,37.86088],[127.756168,37.860964],[127.75618,37.860995],[127.756372,37.861339],[127.756068,37.861936],[127.755994,37.86189],[127.755932,37.862045],[127.756185,37.862088],[127.756197,37.862091],[127.756216,37.862094],[127.756485,37.862148],[127.757278,37.862307],[127.757783,37.862408],[127.758056,37.862463],[127.75838,37.862527],[127.75829,37.862852],[127.758259,37.862966],[127.758249,37.863001],[127.758318,37.863155],[127.758369,37.863165],[127.758447,37.863182],[127.758741,37.863243],[127.758773,37.863249],[127.75917,37.863331],[127.759888,37.863406],[127.760354,37.863496],[127.760492,37.863404],[127.760879,37.863345],[127.760911,37.86334],[127.761112,37.863347],[127.761278,37.863354],[127.761483,37.863361],[127.761507,37.863362],[127.761516,37.86335],[127.761518,37.863347],[127.761664,37.863158],[127.762322,37.863423],[127.762466,37.86374],[127.762588,37.864009],[127.762618,37.864076],[127.76273,37.864321],[127.763141,37.864327],[127.763232,37.86431],[127.763481,37.864265],[127.763939,37.864187],[127.76408,37.864288],[127.764469,37.86457],[127.764511,37.8646],[127.764738,37.864632],[127.765024,37.864672],[127.765128,37.864686],[127.765153,37.86469],[127.765158,37.864705],[127.76522,37.864917],[127.765438,37.865008],[127.765639,37.865093],[127.765819,37.865169],[127.765967,37.865395],[127.765978,37.865435],[127.766049,37.865705],[127.766015,37.865893],[127.766222,37.866067],[127.766325,37.866154],[127.766503,37.866261],[127.766897,37.866496],[127.767125,37.866429],[127.767421,37.866342],[127.767425,37.866412],[127.767436,37.866585],[127.767442,37.86669],[127.767497,37.86685],[127.767559,37.867026],[127.767597,37.867137],[127.767546,37.867216],[127.767471,37.867331],[127.767534,37.867471],[127.767639,37.867702],[127.767677,37.867734],[127.767743,37.867793],[127.767843,37.867881],[127.767978,37.867999],[127.767978,37.868001],[127.767975,37.868055],[127.767966,37.868244],[127.767957,37.868416],[127.768229,37.868517],[127.768426,37.86859],[127.768585,37.86868],[127.768711,37.868768],[127.76875,37.868795],[127.768811,37.868795],[127.768984,37.868797],[127.769085,37.868798],[127.769167,37.868862],[127.769199,37.868885],[127.769447,37.869063],[127.769458,37.86907],[127.769627,37.869145],[127.769782,37.869059],[127.77009,37.868888],[127.77029,37.868998],[127.770737,37.869246],[127.770944,37.869222],[127.771223,37.869199],[127.771704,37.86923],[127.77187,37.869226],[127.771952,37.869225],[127.771998,37.869248],[127.772363,37.86943],[127.772383,37.86944],[127.772568,37.869348],[127.77293,37.869166],[127.77313,37.869311],[127.773279,37.86933],[127.773784,37.869393],[127.774045,37.869592],[127.774089,37.869621],[127.774266,37.869739],[127.774539,37.869693],[127.774824,37.869646],[127.775071,37.869624],[127.77523,37.86967],[127.775338,37.869738],[127.77574,37.869785],[127.776046,37.869683],[127.776079,37.869704],[127.776451,37.869799],[127.776466,37.869802],[127.776542,37.869822],[127.776802,37.869916],[127.776856,37.869935],[127.776928,37.869961],[127.776967,37.869973],[127.776995,37.869981],[127.777002,37.86998],[127.777113,37.869959],[127.777122,37.869957],[127.777201,37.869945],[127.777345,37.869928],[127.777438,37.869984],[127.777636,37.870102],[127.777785,37.870025],[127.777812,37.870011],[127.778094,37.869869],[127.778589,37.869925],[127.778693,37.87012],[127.778717,37.870175],[127.778925,37.870273],[127.778991,37.870304],[127.779114,37.870362],[127.779264,37.870317],[127.779324,37.870292],[127.779414,37.870283],[127.779473,37.870278]]]]}},
{"type":"Feature","properties":{"BASE_DATE":"20250630","ADM_CD":"32010350","ADM_NM":"남면"},"geometry":{"type":"MultiPolygon","coordinates":[[[[127.603621,37.782622],[127.603834,37.782414],[127.605226,37.782631],[127.606701,37.781683],[127.606778,37.781633],[127.606838,37.781642],[127.607369,37.781714],[127.608129,37.781621],[127.609473,37.781683],[127.611156,37.781204],[127.61168,37.78084],[127.611877,37.780703],[127.612244,37.779429],[127.612306,37.778386],[127.612686,37.777961],[127.612601,37.777152],[127.612296,37.77675],[127.612322,37.775515],[127.611918,37.775051],[127.611884,37.773965],[127.611673,37.773218],[127.611733,37.772465],[127.611305,37.772232],[127.611461,37.771237],[127.611032,37.770657],[127.611307,37.769618],[127.610641,37.768633],[127.610589,37.768557],[127.610255,37.768095],[127.610408,37.767785],[127.610518,37.767563],[127.610557,37.767089],[127.610562,37.767027],[127.610671,37.767007],[127.612719,37.766632],[127.613454,37.766676],[127.613736,37.766687],[127.613917,37.766694],[127.614252,37.766685],[127.614404,37.766808],[127.614475,37.766867],[127.61503,37.767254],[127.615169,37.767341],[127.616992,37.767893],[127.617437,37.767622],[127.617769,37.767396],[127.618255,37.767067],[127.618313,37.767063],[127.618375,37.76706],[127.618458,37.766932],[127.618973,37.765966],[127.619069,37.765785],[127.623031,37.764724],[127.622995,37.764691],[127.623358,37.764602],[127.623743,37.764508],[127.623964,37.764462],[127.624234,37.764313],[127.625875,37.763414],[127.626235,37.76313],[127.626627,37.762895],[127.626672,37.762867],[127.626681,37.762862],[127.626752,37.762813],[127.626814,37.762769],[127.626877,37.762726],[127.627057,37.7626],[127.62722,37.762487],[127.627355,37.762392],[127.627508,37.762286],[127.62759,37.762287],[127.627763,37.76229],[127.627871,37.762292],[127.627939,37.762293],[127.628043,37.762294],[127.628127,37.762231],[127.628263,37.76213],[127.628327,37.762082],[127.628506,37.761948],[127.628617,37.761865],[127.628722,37.761786],[127.628822,37.761711],[127.628916,37.76164],[127.629013,37.761568],[127.629099,37.761503],[127.629125,37.761484],[127.629266,37.761378],[127.629425,37.761259],[127.629465,37.761229],[127.629615,37.761181],[127.629724,37.761146],[127.630051,37.761041],[127.63038,37.760935],[127.630495,37.760981],[127.630765,37.761088],[127.630971,37.761169],[127.630987,37.76114],[127.631397,37.758973],[127.631398,37.758967],[127.631343,37.758535],[127.632077,37.758447],[127.632232,37.758428],[127.632457,37.758402],[127.632603,37.75827],[127.632712,37.758047],[127.633044,37.757294],[127.633192,37.757112],[127.633333,37.757022],[127.633452,37.75691],[127.633695,37.756779],[127.634299,37.756718],[127.634898,37.756658],[127.634913,37.756656],[127.635209,37.756653],[127.635531,37.756217],[127.635565,37.756171],[127.635713,37.755994],[127.635779,37.755969],[127.636102,37.755847],[127.63626,37.755844],[127.636322,37.755842],[127.636491,37.755798],[127.636754,37.755599],[127.636802,37.755555],[127.637019,37.755379],[127.637319,37.755349],[127.637613,37.755232],[127.637804,37.755094],[127.637829,37.755087],[127.638089,37.755019],[127.638107,37.755014],[127.638115,37.755017],[127.638559,37.755212],[127.63868,37.755265],[127.639162,37.755367],[127.639363,37.755552],[127.639533,37.755764],[127.639734,37.755821],[127.640773,37.756102],[127.641286,37.756261],[127.641448,37.756242],[127.641865,37.756647],[127.642176,37.756983],[127.642854,37.757227],[127.643135,37.757198],[127.643693,37.7575],[127.643719,37.757636],[127.643831,37.757778],[127.643815,37.757956],[127.644678,37.757956],[127.645031,37.757976],[127.645035,37.757978],[127.645188,37.758071],[127.645549,37.758292],[127.645969,37.758786],[127.646042,37.758847],[127.646081,37.758905],[127.646262,37.758959],[127.646342,37.758981],[127.64711,37.759199],[127.647649,37.759442],[127.647734,37.759503],[127.648314,37.759964],[127.648716,37.759843],[127.649156,37.75967],[127.649246,37.759652],[127.649728,37.759999],[127.649797,37.760036],[127.650406,37.760036],[127.650898,37.760359],[127.651633,37.76038],[127.651713,37.76044],[127.652053,37.760611],[127.652272,37.760615],[127.65261,37.760621],[127.652713,37.76058],[127.652759,37.760561],[127.652837,37.760622],[127.653496,37.76113],[127.653637,37.761397],[127.653874,37.761583],[127.654136,37.761777],[127.654294,37.761895],[127.65437,37.762163],[127.654392,37.762239],[127.654802,37.762396],[127.65484,37.762411],[127.655318,37.76259],[127.6557,37.762808],[127.65617,37.763078],[127.656216,37.763105],[127.656222,37.763098],[127.656225,37.762988],[127.656555,37.762913],[127.656668,37.762792],[127.657105,37.762326],[127.658221,37.762385],[127.658986,37.762635],[127.659538,37.762643],[127.660203,37.762544],[127.661043,37.762435],[127.662012,37.762799],[127.662181,37.762804],[127.66231,37.762807],[127.663162,37.763402],[127.663631,37.763158],[127.663654,37.763146],[127.66404,37.763147],[127.664307,37.763141],[127.666041,37.763107],[127.666261,37.763102],[127.666396,37.762657],[127.666478,37.762384],[127.666885,37.762381],[127.668737,37.762366],[127.668779,37.762328],[127.669343,37.761821],[127.669796,37.761361],[127.669906,37.761244],[127.670392,37.760799],[127.671349,37.760019],[127.670956,37.759807],[127.670138,37.759288],[127.669753,37.758743],[127.668806,37.757972],[127.667571,37.756766],[127.666338,37.755877],[127.665462,37.755295],[127.665393,37.755089],[127.66487,37.753767],[127.664805,37.753601],[127.664702,37.753313],[127.664351,37.753194],[127.664091,37.753222],[127.663495,37.75311],[127.662816,37.752954],[127.662499,37.752935],[127.662286,37.752922],[127.662251,37.752067],[127.661802,37.751456],[127.661961,37.750791],[127.661962,37.750786],[127.661956,37.750784],[127.661592,37.750682],[127.661252,37.750033],[127.661416,37.749875],[127.662437,37.748896],[127.662531,37.748607],[127.662798,37.747789],[127.663215,37.747692],[127.662858,37.747001],[127.663188,37.746265],[127.663062,37.745519],[127.663444,37.744656],[127.663189,37.744298],[127.662928,37.74392],[127.662916,37.743615],[127.662916,37.743605],[127.662903,37.743602],[127.662825,37.743587],[127.66266,37.743554],[127.661945,37.743202],[127.661601,37.742645],[127.661294,37.742333],[127.660788,37.741818],[127.660741,37.741578],[127.660715,37.741445],[127.660639,37.74104],[127.660584,37.740753],[127.660784,37.74057],[127.660939,37.740427],[127.660938,37.740424],[127.660922,37.740283],[127.660921,37.740272],[127.659896,37.739317],[127.660062,37.738989],[127.660064,37.738768],[127.660064,37.738712],[127.660062,37.73831],[127.660023,37.738152],[127.659979,37.737972],[127.660031,37.737364],[127.660348,37.736847],[127.660533,37.736731],[127.660825,37.736549],[127.660947,37.736473],[127.6611,37.736377],[127.660832,37.736195],[127.660794,37.736169],[127.660915,37.734845],[127.660783,37.734151],[127.660676,37.733983],[127.659884,37.732473],[127.659433,37.731614],[127.659373,37.7315],[127.659274,37.73131],[127.65907,37.731249],[127.657834,37.730876],[127.65699,37.730622],[127.656932,37.730612],[127.655568,37.730368],[127.653932,37.730606],[127.653929,37.730607],[127.653927,37.730605],[127.653214,37.729436],[127.652109,37.728691],[127.651945,37.728581],[127.651518,37.727949],[127.651415,37.727796],[127.650914,37.727481],[127.650298,37.727093],[127.648897,37.726426],[127.64886,37.726408],[127.647755,37.725728],[127.646376,37.725367],[127.645935,37.725252],[127.645086,37.724934],[127.644194,37.724929],[127.64305,37.724534],[127.642647,37.724394],[127.642676,37.724217],[127.642777,37.723594],[127.642869,37.72303],[127.642823,37.722358],[127.642851,37.722248],[127.643031,37.72155],[127.642958,37.720754],[127.642934,37.720499],[127.643834,37.719663],[127.644148,37.719487],[127.644202,37.719457],[127.644475,37.71934],[127.644863,37.718998],[127.645176,37.71872],[127.645148,37.718616],[127.64507,37.718325],[127.644955,37.717898],[127.644954,37.717895],[127.644916,37.717755],[127.644888,37.717621],[127.643981,37.716566],[127.643549,37.715018],[127.643493,37.714815],[127.643502,37.714813],[127.646613,37.714066],[127.648197,37.712587],[127.649661,37.711585],[127.65072,37.710752],[127.650718,37.710708],[127.65072,37.710707],[127.650625,37.709166],[127.650214,37.709347],[127.649904,37.709484],[127.649681,37.709174],[127.64955,37.709105],[127.649281,37.708962],[127.648716,37.708174],[127.648743,37.708088],[127.649075,37.707022],[127.649037,37.707013],[127.648071,37.706788],[127.646835,37.706361],[127.646287,37.706156],[127.645947,37.705566],[127.645677,37.705],[127.645572,37.704779],[127.644882,37.703632],[127.644677,37.703291],[127.644689,37.703187],[127.644752,37.702618],[127.644766,37.702492],[127.644808,37.702114],[127.644802,37.702036],[127.644744,37.701363],[127.644732,37.70122],[127.644542,37.700717],[127.644523,37.700605],[127.644383,37.700181],[127.644139,37.699656],[127.644146,37.69965],[127.645582,37.69845],[127.646127,37.69796],[127.646037,37.697747],[127.645844,37.697448],[127.645707,37.697234],[127.645606,37.697088],[127.64559,37.697064],[127.644803,37.696305],[127.644721,37.696226],[127.64426,37.69579],[127.643104,37.69509],[127.643094,37.695084],[127.642254,37.695155],[127.642128,37.695166],[127.642081,37.69517],[127.641181,37.695128],[127.641153,37.695173],[127.641131,37.69521],[127.640957,37.69544],[127.640609,37.695902],[127.639872,37.697092],[127.638272,37.69842],[127.638184,37.698492],[127.638167,37.698499],[127.638151,37.698499],[127.637745,37.698465],[127.635618,37.698283],[127.633113,37.69795],[127.633073,37.697941],[127.632276,37.697682],[127.630076,37.696968],[127.628414,37.696056],[127.627736,37.695684],[127.62614,37.694808],[127.626093,37.69477],[127.625828,37.694427],[127.623346,37.691216],[127.623508,37.689423],[127.623676,37.687562],[127.623682,37.687479],[127.623694,37.684143],[127.623695,37.683969],[127.623694,37.683955],[127.623668,37.683852],[127.623652,37.683786],[127.623402,37.682767],[127.623309,37.682387],[127.623027,37.681233],[127.622999,37.681191],[127.622921,37.681107],[127.622823,37.681],[127.621997,37.680093],[127.621102,37.679112],[127.621086,37.679101],[127.620393,37.678722],[127.618862,37.677884],[127.618572,37.677726],[127.618516,37.677702],[127.618508,37.677698],[127.617952,37.677443],[127.617829,37.677386],[127.61646,37.676757],[127.615874,37.676487],[127.615767,37.676448],[127.613908,37.675962],[127.61282,37.675676],[127.612747,37.675657],[127.612658,37.675645],[127.612075,37.675665],[127.609391,37.675758],[127.608504,37.676375],[127.607888,37.676804],[127.607879,37.676864],[127.607904,37.679136],[127.607948,37.682982],[127.60795,37.683199],[127.607975,37.684014],[127.607938,37.68766],[127.607957,37.687703],[127.608755,37.688977],[127.608914,37.689231],[127.609042,37.689502],[127.610326,37.692227],[127.61058,37.694838],[127.610521,37.697062],[127.610494,37.698054],[127.610485,37.698417],[127.610484,37.698419],[127.610474,37.698475],[127.609696,37.700334],[127.609561,37.700657],[127.609544,37.700671],[127.60753,37.70236],[127.60749,37.702435],[127.607498,37.702464],[127.60762,37.702618],[127.607501,37.70327],[127.607401,37.703458],[127.607303,37.703549],[127.607098,37.703769],[127.607061,37.703808],[127.606927,37.703899],[127.605709,37.704442],[127.604939,37.704625],[127.602802,37.704664],[127.601767,37.704683],[127.599298,37.70418],[127.598811,37.704027],[127.598373,37.703889],[127.596166,37.703194],[127.596083,37.703215],[127.59583,37.703371],[127.595682,37.703462],[127.594792,37.704072],[127.594187,37.704736],[127.593885,37.70521],[127.59383,37.705296],[127.593709,37.705486],[127.59365,37.705662],[127.593553,37.706021],[127.593459,37.706326],[127.593093,37.707521],[127.593079,37.707553],[127.59198,37.709411],[127.591972,37.70943],[127.591882,37.709956],[127.591719,37.710924],[127.59164,37.711375],[127.591568,37.712497],[127.591536,37.712995],[127.591544,37.713025],[127.591817,37.714018],[127.591858,37.714165],[127.592137,37.715177],[127.592148,37.715201],[127.592654,37.71602],[127.592998,37.716578],[127.593047,37.716634],[127.594347,37.718033],[127.594349,37.718052],[127.594578,37.719737],[127.594562,37.719766],[127.594206,37.720246],[127.593485,37.721225],[127.593467,37.721242],[127.591739,37.722622],[127.590921,37.723524],[127.589252,37.725366],[127.589227,37.725386],[127.589205,37.725404],[127.587625,37.726142],[127.585444,37.727161],[127.580473,37.729483],[127.575099,37.731993],[127.573665,37.732663],[127.57365,37.732668],[127.573633,37.732673],[127.573571,37.732687],[127.572785,37.732841],[127.572166,37.732961],[127.572114,37.732958],[127.570839,37.732882],[127.567548,37.732686],[127.567508,37.732664],[127.567443,37.732569],[127.566704,37.731504],[127.566434,37.731113],[127.566416,37.731082],[127.566012,37.7303],[127.565384,37.729085],[127.565259,37.728843],[127.565181,37.72869],[127.565161,37.728623],[127.565137,37.728543],[127.565123,37.728482],[127.565051,37.728363],[127.564428,37.727938],[127.564339,37.727876],[127.564303,37.727852],[127.564265,37.727836],[127.564242,37.727835],[127.562289,37.727953],[127.562259,37.727959],[127.560956,37.728305],[127.560061,37.728543],[127.559929,37.728575],[127.559912,37.728577],[127.558914,37.728845],[127.556602,37.729227],[127.553749,37.728794],[127.553628,37.728736],[127.552243,37.728059],[127.551615,37.727753],[127.551229,37.727564],[127.550949,37.727043],[127.549275,37.723931],[127.546008,37.722031],[127.545327,37.721635],[127.544818,37.721315],[127.543669,37.720591],[127.542511,37.719864],[127.540172,37.719458],[127.538409,37.720099],[127.537851,37.720302],[127.537343,37.720487],[127.535711,37.721168],[127.534734,37.721576],[127.534309,37.721753],[127.533887,37.721929],[127.533682,37.722127],[127.532907,37.722873],[127.531692,37.724044],[127.530742,37.725136],[127.529827,37.726189],[127.529623,37.726423],[127.527205,37.72686],[127.526535,37.726755],[127.524705,37.726468],[127.521508,37.724039],[127.519122,37.722088],[127.517011,37.720361],[127.513425,37.717592],[127.512414,37.716357],[127.512197,37.716091],[127.511862,37.715682],[127.5118,37.715715],[127.50991,37.716715],[127.509505,37.716929],[127.508618,37.718262],[127.508115,37.719019],[127.507985,37.719214],[127.507977,37.719226],[127.507894,37.719351],[127.507459,37.720006],[127.507067,37.720594],[127.506148,37.724153],[127.506485,37.727813],[127.506697,37.729013],[127.50688,37.730049],[127.507112,37.731359],[127.508775,37.733296],[127.509291,37.733896],[127.510213,37.73497],[127.510541,37.73545],[127.510683,37.735657],[127.511215,37.736435],[127.514005,37.738603],[127.514204,37.738719],[127.515481,37.73946],[127.515682,37.739577],[127.516871,37.740267],[127.519565,37.741439],[127.522625,37.74277],[127.522668,37.742788],[127.522705,37.742807],[127.52357,37.74323],[127.52357,37.743231],[127.524869,37.743868],[127.52838,37.745589],[127.528747,37.745782],[127.529706,37.746288],[127.530633,37.746776],[127.534076,37.748602],[127.53762,37.751146],[127.537846,37.750972],[127.538529,37.750449],[127.538665,37.750332],[127.538664,37.750068],[127.538743,37.749998],[127.53927,37.750037],[127.539451,37.750115],[127.539375,37.750126],[127.539502,37.750327],[127.539555,37.750339],[127.539643,37.750309],[127.540079,37.750471],[127.540954,37.750539],[127.541548,37.75024],[127.541942,37.750153],[127.542393,37.749626],[127.542847,37.749521],[127.542749,37.74935],[127.543076,37.749115],[127.543198,37.749184],[127.543543,37.748901],[127.543959,37.748771],[127.544247,37.7482],[127.54455,37.747836],[127.544953,37.746749],[127.545482,37.746465],[127.545824,37.745793],[127.545708,37.745303],[127.545724,37.745245],[127.546589,37.744924],[127.547679,37.74388],[127.548232,37.743692],[127.548711,37.744501],[127.54866,37.744695],[127.54902,37.745088],[127.549437,37.74585],[127.549842,37.745988],[127.550574,37.746342],[127.550686,37.746404],[127.550812,37.746474],[127.550821,37.746494],[127.551148,37.74721],[127.551605,37.747672],[127.551696,37.747962],[127.55208,37.748174],[127.552137,37.748502],[127.552633,37.748531],[127.552903,37.748547],[127.553281,37.748944],[127.553963,37.749316],[127.553964,37.749401],[127.553967,37.749705],[127.554092,37.750236],[127.553789,37.750857],[127.554148,37.751813],[127.554361,37.752748],[127.554557,37.75319],[127.553945,37.754183],[127.55422,37.754675],[127.554072,37.75496],[127.55385,37.755385],[127.553996,37.755606],[127.553015,37.75769],[127.553072,37.757728],[127.553285,37.757875],[127.5533,37.758181],[127.553233,37.758242],[127.553028,37.75843],[127.552715,37.758725],[127.552662,37.758872],[127.552455,37.759447],[127.552381,37.759652],[127.552536,37.759963],[127.553002,37.760992],[127.552929,37.761287],[127.553199,37.761875],[127.553402,37.762602],[127.553401,37.762914],[127.554468,37.762888],[127.555695,37.763151],[127.556346,37.763449],[127.557223,37.763541],[127.557506,37.763601],[127.55824,37.7639],[127.558757,37.763921],[127.559606,37.76389],[127.560869,37.764191],[127.561908,37.764271],[127.562665,37.764729],[127.563069,37.764865],[127.563235,37.765081],[127.563239,37.765205],[127.563267,37.766032],[127.563079,37.766515],[127.563388,37.766839],[127.563504,37.766979],[127.56363,37.767399],[127.563456,37.768225],[127.563995,37.76861],[127.564168,37.768792],[127.564022,37.769639],[127.564022,37.769944],[127.564014,37.769965],[127.563876,37.770302],[127.563907,37.770891],[127.563923,37.771198],[127.563989,37.771637],[127.563941,37.77221],[127.563787,37.773086],[127.563681,37.773332],[127.563974,37.774214],[127.564093,37.77499],[127.563646,37.77569],[127.56365,37.776547],[127.563655,37.776554],[127.564067,37.777175],[127.564513,37.777848],[127.5645,37.778628],[127.565101,37.778852],[127.565144,37.778871],[127.566221,37.779337],[127.5664,37.779586],[127.567099,37.779771],[127.567571,37.780148],[127.568485,37.780381],[127.569523,37.780866],[127.570457,37.781116],[127.571167,37.78154],[127.572199,37.781816],[127.572629,37.782656],[127.572674,37.782742],[127.575145,37.781989],[127.576924,37.781029],[127.577929,37.780872],[127.578859,37.780457],[127.580738,37.77983],[127.580918,37.779841],[127.581585,37.77988],[127.5825,37.779934],[127.582546,37.779937],[127.582558,37.779937],[127.583362,37.779915],[127.583527,37.7799],[127.584403,37.779818],[127.585056,37.779757],[127.58516,37.77995],[127.585198,37.780022],[127.586611,37.782666],[127.587449,37.783112],[127.588899,37.783262],[127.589495,37.783835],[127.590769,37.784545],[127.590989,37.784667],[127.591389,37.785146],[127.5918,37.785639],[127.592727,37.786546],[127.59293,37.787274],[127.59313,37.787183],[127.593612,37.786964],[127.593922,37.786823],[127.594231,37.786682],[127.59454,37.786541],[127.59485,37.786401],[127.595159,37.78626],[127.595345,37.786175],[127.595468,37.786119],[127.595778,37.785978],[127.5958,37.785968],[127.596044,37.785857],[127.598169,37.784866],[127.598489,37.784776],[127.600502,37.784183],[127.601519,37.783906],[127.602059,37.783757],[127.602186,37.783574],[127.602469,37.783131],[127.603621,37.782622]]]]}},
{"type":"Feature","properties":{"BASE_DATE":"20250630","ADM_CD":"32010360","ADM_NM":"남산면"},"geometry":{"type":"MultiPolygon","coordinates":[[[[127.633492,37.817316],[127.634237,37.816985],[127.635042,37.817022],[127.636837,37.817105],[127.638699,37.817814],[127.639378,37.818064],[127.642241,37.81912],[127.648217,37.821754],[127.65385,37.823142],[127.658178,37.823657],[127.660543,37.823823],[127.660812,37.823846],[127.661815,37.82393],[127.664625,37.824078],[127.664706,37.823887],[127.664789,37.823651],[127.665013,37.823015],[127.665135,37.822749],[127.665245,37.822564],[127.66551,37.822058],[127.665899,37.820573],[127.666436,37.820282],[127.666621,37.82002],[127.666626,37.819854],[127.666574,37.818621],[127.666638,37.818587],[127.667584,37.818233],[127.667591,37.818231],[127.667588,37.818216],[127.667391,37.817288],[127.667297,37.816836],[127.667371,37.816281],[127.667952,37.815711],[127.66862,37.814895],[127.668733,37.814757],[127.667996,37.814118],[127.667447,37.813897],[127.6664,37.813889],[127.66622,37.813887],[127.666079,37.813885],[127.665809,37.813881],[127.665648,37.81378],[127.665632,37.81377],[127.665549,37.813718],[127.665035,37.813704],[127.664633,37.813693],[127.664354,37.813332],[127.664277,37.813233],[127.664055,37.813066],[127.663249,37.813078],[127.661948,37.81262],[127.661527,37.81265],[127.661289,37.812667],[127.661211,37.812551],[127.661049,37.812412],[127.660753,37.812158],[127.660395,37.812009],[127.659653,37.811699],[127.65924,37.811523],[127.659067,37.811413],[127.658616,37.811513],[127.658408,37.811559],[127.658156,37.811354],[127.657866,37.811118],[127.657745,37.811017],[127.657558,37.810972],[127.657391,37.810936],[127.656944,37.810836],[127.656835,37.810833],[127.656204,37.81081],[127.655872,37.810638],[127.655569,37.81067],[127.655172,37.810899],[127.655,37.810906],[127.65437,37.810918],[127.654277,37.811022],[127.653446,37.810955],[127.652742,37.810875],[127.65206,37.811062],[127.650187,37.810831],[127.64958,37.810739],[127.649437,37.810718],[127.649283,37.81067],[127.648612,37.810179],[127.648035,37.809834],[127.647671,37.809392],[127.647507,37.809193],[127.647302,37.808947],[127.647723,37.808235],[127.647946,37.80824],[127.648459,37.808251],[127.648733,37.807838],[127.649586,37.806637],[127.650503,37.806733],[127.650845,37.806306],[127.650878,37.80626],[127.650921,37.806202],[127.651357,37.805595],[127.652922,37.804884],[127.653819,37.805219],[127.654943,37.804875],[127.65543,37.804555],[127.656188,37.803831],[127.656492,37.803181],[127.656958,37.802671],[127.65733,37.802228],[127.657856,37.80164],[127.659486,37.801385],[127.662017,37.801059],[127.662251,37.800524],[127.662278,37.800453],[127.662706,37.799444],[127.66272,37.799412],[127.662927,37.79892],[127.66545,37.798937],[127.666917,37.798822],[127.667292,37.798793],[127.668142,37.798727],[127.66882,37.797607],[127.669255,37.796932],[127.669437,37.795629],[127.669493,37.795227],[127.670326,37.794638],[127.672265,37.794678],[127.672612,37.793296],[127.672439,37.792807],[127.672814,37.792227],[127.673127,37.791661],[127.67329,37.791364],[127.673402,37.791282],[127.673881,37.791173],[127.674102,37.79096],[127.674193,37.790873],[127.674162,37.790634],[127.674133,37.790411],[127.674183,37.789352],[127.674529,37.788912],[127.675336,37.788446],[127.675572,37.787266],[127.675886,37.786856],[127.676007,37.786692],[127.67609,37.786579],[127.676061,37.786474],[127.676009,37.786286],[127.675949,37.786038],[127.676021,37.785618],[127.676254,37.785113],[127.67642,37.784866],[127.676739,37.784662],[127.676856,37.784588],[127.676969,37.784381],[127.67763,37.783176],[127.677664,37.783115],[127.67783,37.782685],[127.677909,37.782564],[127.677951,37.782477],[127.678106,37.782309],[127.678277,37.782123],[127.678115,37.781865],[127.678091,37.781837],[127.677955,37.781474],[127.677933,37.781393],[127.677917,37.781171],[127.677909,37.781053],[127.678142,37.780765],[127.678835,37.780775],[127.678947,37.780776],[127.67935,37.780784],[127.679516,37.78067],[127.679639,37.780586],[127.67986,37.780535],[127.680763,37.780851],[127.681302,37.780796],[127.681458,37.780775],[127.681738,37.780561],[127.681827,37.780493],[127.681787,37.779591],[127.681552,37.779407],[127.681517,37.779379],[127.68152,37.779333],[127.681542,37.778983],[127.681547,37.778916],[127.681545,37.778614],[127.681374,37.778474],[127.681256,37.778379],[127.681078,37.778136],[127.681392,37.77801],[127.681774,37.777925],[127.681998,37.778245],[127.682303,37.778413],[127.683024,37.77846],[127.683383,37.778334],[127.684173,37.778268],[127.684214,37.778264],[127.684235,37.77824],[127.684567,37.777862],[127.685056,37.777705],[127.685148,37.77769],[127.685456,37.777799],[127.686216,37.777826],[127.686389,37.777832],[127.686405,37.777797],[127.686782,37.776941],[127.687067,37.776858],[127.687263,37.776801],[127.687817,37.776816],[127.689315,37.776857],[127.690753,37.77579],[127.691204,37.775649],[127.691208,37.775637],[127.691307,37.775339],[127.691406,37.775042],[127.691326,37.774697],[127.69133,37.774685],[127.691425,37.774372],[127.691125,37.773979],[127.691056,37.773888],[127.691962,37.773099],[127.692136,37.773075],[127.692168,37.773071],[127.692461,37.773031],[127.69318,37.772701],[127.693505,37.772729],[127.693835,37.772765],[127.694216,37.772806],[127.694635,37.772817],[127.695134,37.772678],[127.695937,37.772788],[127.69598,37.772065],[127.696234,37.771736],[127.6963,37.771438],[127.69672,37.770526],[127.697101,37.77001],[127.697954,37.769777],[127.698208,37.769518],[127.6984,37.769516],[127.698624,37.769335],[127.699236,37.769261],[127.69927,37.769248],[127.699636,37.769157],[127.699811,37.768751],[127.700439,37.768124],[127.701056,37.768094],[127.701299,37.767887],[127.701013,37.767571],[127.7006,37.767364],[127.700388,37.766934],[127.700372,37.766901],[127.700485,37.766556],[127.700758,37.766434],[127.700903,37.76637],[127.70101,37.766058],[127.701399,37.765756],[127.701447,37.765628],[127.701526,37.765416],[127.701912,37.765311],[127.702355,37.765522],[127.702836,37.76575],[127.70354,37.765649],[127.703786,37.76569],[127.704197,37.765772],[127.704604,37.765853],[127.705086,37.765703],[127.705586,37.765783],[127.705946,37.765841],[127.706281,37.766255],[127.706505,37.766532],[127.706739,37.766437],[127.706888,37.766376],[127.7074,37.766616],[127.707419,37.76669],[127.707455,37.766826],[127.707458,37.766837],[127.707835,37.766827],[127.708391,37.767162],[127.709094,37.767229],[127.709245,37.767155],[127.709469,37.767044],[127.709581,37.767028],[127.709666,37.767104],[127.710006,37.767307],[127.71014,37.767386],[127.710273,37.76736],[127.71101,37.767218],[127.71116,37.767238],[127.711392,37.767328],[127.711525,37.76738],[127.71162,37.767417],[127.711746,37.767242],[127.711998,37.766888],[127.712359,37.766386],[127.712627,37.766434],[127.712906,37.766269],[127.713003,37.766211],[127.713283,37.766071],[127.713565,37.765697],[127.713521,37.765608],[127.713437,37.765435],[127.713312,37.765168],[127.713466,37.765005],[127.714466,37.764816],[127.714674,37.764832],[127.714789,37.76484],[127.715032,37.764858],[127.715048,37.764859],[127.715377,37.764761],[127.715483,37.764731],[127.71568,37.764686],[127.71623,37.764433],[127.716386,37.764289],[127.716392,37.764286],[127.716485,37.764237],[127.716483,37.764129],[127.716473,37.763663],[127.71569,37.762547],[127.715246,37.761723],[127.71486,37.761004],[127.71463,37.760906],[127.713608,37.760468],[127.713397,37.76017],[127.713155,37.759513],[127.713283,37.759194],[127.713374,37.758936],[127.713063,37.758418],[127.713178,37.758111],[127.713227,37.757852],[127.713141,37.757692],[127.713563,37.756886],[127.713212,37.756452],[127.712828,37.755997],[127.712973,37.755449],[127.713104,37.755209],[127.71413,37.754964],[127.714789,37.75397],[127.715119,37.753371],[127.715607,37.752482],[127.715805,37.75206],[127.715698,37.751839],[127.715477,37.75138],[127.7158,37.75092],[127.715828,37.750881],[127.715888,37.750796],[127.716066,37.750684],[127.716125,37.750647],[127.716292,37.750529],[127.716086,37.750216],[127.71608,37.750215],[127.715436,37.750087],[127.715422,37.750085],[127.715226,37.749909],[127.715157,37.749855],[127.715026,37.749602],[127.715037,37.749408],[127.71504,37.749358],[127.714988,37.749321],[127.714645,37.749078],[127.714783,37.748884],[127.714839,37.748806],[127.714919,37.748675],[127.715039,37.748204],[127.715046,37.748154],[127.715138,37.747788],[127.715156,37.74766],[127.71524,37.747235],[127.715519,37.746981],[127.715518,37.746968],[127.715498,37.746767],[127.715489,37.746676],[127.715466,37.746449],[127.715263,37.745653],[127.714924,37.745599],[127.71473,37.745493],[127.714515,37.745376],[127.714601,37.745083],[127.714837,37.745094],[127.714935,37.745095],[127.715021,37.745095],[127.715078,37.745096],[127.715124,37.745048],[127.715161,37.74501],[127.715181,37.74499],[127.715109,37.744952],[127.715079,37.744927],[127.714809,37.744755],[127.71483,37.744715],[127.714855,37.744671],[127.714882,37.744657],[127.71553,37.744327],[127.715605,37.744281],[127.715935,37.744022],[127.716034,37.743943],[127.716417,37.743652],[127.716815,37.743088],[127.716976,37.742724],[127.717555,37.742359],[127.71724,37.741882],[127.717316,37.741385],[127.718141,37.741129],[127.7186,37.741175],[127.719506,37.740983],[127.719982,37.7408],[127.720924,37.740438],[127.721704,37.739678],[127.721742,37.739669],[127.722216,37.739562],[127.722581,37.739446],[127.722953,37.739328],[127.723423,37.739323],[127.72382,37.739223],[127.724187,37.738834],[127.724463,37.738687],[127.72513,37.738704],[127.725171,37.738705],[127.725189,37.738691],[127.725367,37.73855],[127.725383,37.738393],[127.725721,37.738376],[127.725758,37.738272],[127.725866,37.737968],[127.726306,37.737982],[127.726888,37.737681],[127.727522,37.736908],[127.727649,37.736898],[127.728029,37.736867],[127.727989,37.736626],[127.728183,37.73654],[127.728432,37.736359],[127.728531,37.736288],[127.728742,37.736122],[127.728885,37.73601],[127.72919,37.736086],[127.729361,37.736129],[127.729418,37.736143],[127.72944,37.73613],[127.729629,37.736014],[127.729913,37.735898],[127.729969,37.735824],[127.730291,37.735397],[127.73048,37.735069],[127.73064,37.73479],[127.730649,37.734774],[127.73064,37.734766],[127.730635,37.734762],[127.730303,37.734404],[127.730249,37.734295],[127.730234,37.734168],[127.730156,37.734092],[127.729256,37.733634],[127.729225,37.733611],[127.729047,37.733147],[127.728996,37.733083],[127.728505,37.732721],[127.728079,37.732638],[127.728041,37.732616],[127.727305,37.732108],[127.726735,37.732112],[127.726714,37.732107],[127.726515,37.732062],[127.72651,37.732061],[127.726257,37.731999],[127.725863,37.731901],[127.725004,37.73216],[127.724577,37.73261],[127.72373,37.732763],[127.723465,37.733018],[127.722925,37.7331],[127.722828,37.733164],[127.722548,37.733347],[127.721749,37.733377],[127.721547,37.733296],[127.721482,37.733247],[127.721356,37.733155],[127.721306,37.733118],[127.721148,37.733063],[127.721103,37.733009],[127.720753,37.732211],[127.720751,37.732179],[127.720778,37.732041],[127.72081,37.731877],[127.720833,37.731644],[127.720851,37.731456],[127.720834,37.731398],[127.720712,37.731388],[127.720256,37.731368],[127.719667,37.731298],[127.719175,37.73124],[127.719103,37.731204],[127.718851,37.731017],[127.718591,37.730826],[127.718251,37.73081],[127.717802,37.730789],[127.717584,37.730578],[127.717468,37.730464],[127.717428,37.730388],[127.717358,37.730065],[127.717337,37.729716],[127.717312,37.729649],[127.717141,37.729583],[127.716516,37.729423],[127.716056,37.729373],[127.715919,37.729356],[127.715672,37.729271],[127.715391,37.72934],[127.715353,37.729281],[127.715349,37.729265],[127.715327,37.729175],[127.715284,37.728085],[127.715269,37.728003],[127.715093,37.727839],[127.714065,37.72783],[127.713926,37.727884],[127.713633,37.727997],[127.713164,37.727921],[127.712845,37.727747],[127.712586,37.72776],[127.711766,37.727584],[127.711671,37.727503],[127.711301,37.727186],[127.71127,37.727135],[127.711233,37.727013],[127.710749,37.726781],[127.710715,37.72622],[127.710429,37.725806],[127.71025,37.725126],[127.710129,37.724568],[127.709744,37.724312],[127.709668,37.723731],[127.709536,37.723186],[127.709498,37.723142],[127.709187,37.723163],[127.708279,37.722729],[127.708081,37.722716],[127.707926,37.722706],[127.707814,37.722516],[127.707727,37.722311],[127.707735,37.7223],[127.707762,37.722262],[127.707914,37.722104],[127.707993,37.721815],[127.707486,37.72123],[127.707431,37.721224],[127.706316,37.721115],[127.705971,37.72098],[127.705515,37.721008],[127.705427,37.720936],[127.70495,37.720879],[127.70439,37.720539],[127.70389,37.720236],[127.703633,37.719921],[127.70357,37.719791],[127.703238,37.719662],[127.703086,37.719594],[127.70302,37.719565],[127.703015,37.719559],[127.703026,37.719403],[127.703021,37.719395],[127.702945,37.719387],[127.70214,37.719265],[127.701186,37.719121],[127.701043,37.719078],[127.700995,37.719019],[127.700993,37.718455],[127.700988,37.716553],[127.700984,37.716545],[127.700461,37.716455],[127.700458,37.716454],[127.699433,37.716279],[127.699431,37.716279],[127.69923,37.716325],[127.69873,37.71644],[127.698726,37.716442],[127.698537,37.716609],[127.698483,37.716657],[127.698441,37.716694],[127.698296,37.716822],[127.698171,37.716907],[127.698167,37.716907],[127.697956,37.71679],[127.697702,37.716654],[127.697656,37.716629],[127.697652,37.716628],[127.697463,37.716763],[127.697458,37.716761],[127.69742,37.716745],[127.697413,37.716739],[127.697412,37.716735],[127.697426,37.716704],[127.697402,37.716612],[127.697373,37.716579],[127.697361,37.716573],[127.697295,37.716538],[127.697285,37.716536],[127.696649,37.716365],[127.6966,37.716373],[127.696143,37.716481],[127.695933,37.71652],[127.695816,37.716542],[127.695255,37.716695],[127.695197,37.716736],[127.694925,37.71715],[127.694419,37.717068],[127.694081,37.717017],[127.693701,37.71704],[127.693609,37.717046],[127.693325,37.717126],[127.692189,37.716628],[127.692099,37.716662],[127.691302,37.716915],[127.691173,37.716939],[127.690677,37.716975],[127.690462,37.716902],[127.690262,37.716661],[127.690116,37.716485],[127.690024,37.71643],[127.689875,37.716342],[127.688071,37.716393],[127.687915,37.716365],[127.68746,37.716282],[127.687348,37.716224],[127.687317,37.716031],[127.687321,37.715596],[127.686307,37.715149],[127.685762,37.714566],[127.685017,37.714165],[127.68468,37.713846],[127.684271,37.713674],[127.684225,37.713636],[127.683706,37.713152],[127.68319,37.712891],[127.683097,37.712845],[127.683037,37.712813],[127.682987,37.712765],[127.68297,37.712614],[127.683045,37.712558],[127.683146,37.712525],[127.683167,37.712492],[127.683159,37.712464],[127.683128,37.71244],[127.683088,37.712427],[127.682953,37.712416],[127.682717,37.712487],[127.68247,37.712566],[127.682431,37.712568],[127.682415,37.712559],[127.682415,37.712543],[127.682453,37.712503],[127.682453,37.712446],[127.682429,37.712393],[127.681585,37.711715],[127.681532,37.711707],[127.680831,37.711653],[127.680258,37.711589],[127.679888,37.711506],[127.679524,37.71137],[127.679841,37.710813],[127.679769,37.710489],[127.679768,37.710483],[127.679769,37.710455],[127.679798,37.709759],[127.679589,37.709248],[127.680149,37.70868],[127.680294,37.708262],[127.680467,37.708006],[127.680482,37.707984],[127.680582,37.707936],[127.681028,37.70781],[127.681158,37.707791],[127.681618,37.707767],[127.682169,37.707876],[127.682248,37.707873],[127.682307,37.707871],[127.682629,37.707803],[127.68296,37.707566],[127.683024,37.70752],[127.683106,37.707497],[127.683498,37.707451],[127.683775,37.707418],[127.684108,37.707366],[127.68415,37.707348],[127.684146,37.707343],[127.683328,37.706179],[127.68278,37.705652],[127.68274,37.705273],[127.682953,37.704718],[127.683318,37.704252],[127.683431,37.703678],[127.683454,37.703623],[127.683689,37.703036],[127.684138,37.701916],[127.684018,37.70127],[127.683865,37.701075],[127.682284,37.698456],[127.681861,37.698346],[127.681857,37.698343],[127.681047,37.697618],[127.681038,37.697615],[127.6806,37.697569],[127.680156,37.697523],[127.679734,37.697479],[127.678112,37.696173],[127.678093,37.696142],[127.677829,37.695146],[127.677372,37.695264],[127.677043,37.695255],[127.676975,37.695253],[127.676582,37.695387],[127.676283,37.69551],[127.67582,37.695698],[127.675399,37.695773],[127.67488,37.695928],[127.674251,37.696151],[127.674154,37.696178],[127.673988,37.696208],[127.67394,37.696205],[127.673853,37.696175],[127.673825,37.696165],[127.673729,37.696121],[127.673649,37.696108],[127.673621,37.69611],[127.67361,37.696112],[127.673604,37.696154],[127.673598,37.696179],[127.673588,37.696197],[127.673549,37.696235],[127.673502,37.696301],[127.673493,37.696312],[127.673489,37.696316],[127.673431,37.696353],[127.673357,37.69642],[127.673314,37.696465],[127.673264,37.696485],[127.673164,37.696576],[127.673068,37.696649],[127.672731,37.696933],[127.672708,37.696948],[127.67186,37.696793],[127.671854,37.696792],[127.671589,37.696777],[127.671269,37.696616],[127.67115,37.696507],[127.671087,37.696449],[127.670412,37.695744],[127.67036,37.695702],[127.670328,37.695693],[127.670139,37.695793],[127.669978,37.695878],[127.667391,37.697244],[127.666965,37.697469],[127.664158,37.69816],[127.662515,37.698684],[127.659756,37.69959],[127.658805,37.699906],[127.658386,37.700045],[127.652769,37.699534],[127.652721,37.699523],[127.65106,37.698314],[127.651031,37.698279],[127.651025,37.698243],[127.651012,37.697253],[127.650976,37.694673],[127.650995,37.694563],[127.651215,37.692971],[127.65179,37.68869],[127.65184,37.688323],[127.651848,37.68826],[127.652163,37.685922],[127.652157,37.685896],[127.651978,37.685287],[127.651652,37.684174],[127.651558,37.683845],[127.651535,37.683797],[127.649503,37.680249],[127.649441,37.680219],[127.648678,37.679875],[127.647517,37.679351],[127.647288,37.679247],[127.646939,37.67909],[127.646876,37.679077],[127.645497,37.678906],[127.645309,37.678882],[127.645276,37.678879],[127.645227,37.678879],[127.645103,37.678913],[127.644813,37.679002],[127.643881,37.679285],[127.642613,37.680336],[127.641942,37.681556],[127.641641,37.682705],[127.641323,37.68392],[127.64133,37.683977],[127.641668,37.687462],[127.641527,37.68849],[127.641536,37.688565],[127.641772,37.690066],[127.641927,37.691051],[127.641773,37.692302],[127.641487,37.694633],[127.641181,37.695128],[127.642081,37.69517],[127.642128,37.695166],[127.642254,37.695155],[127.643094,37.695084],[127.643104,37.69509],[127.64426,37.69579],[127.644721,37.696226],[127.644803,37.696305],[127.64559,37.697064],[127.645606,37.697088],[127.645707,37.697234],[127.645844,37.697448],[127.646037,37.697747],[127.646127,37.69796],[127.645582,37.69845],[127.644146,37.69965],[127.644139,37.699656],[127.644383,37.700181],[127.644523,37.700605],[127.644542,37.700717],[127.644732,37.70122],[127.644744,37.701363],[127.644802,37.702036],[127.644808,37.702114],[127.644766,37.702492],[127.644752,37.702618],[127.644689,37.703187],[127.644677,37.703291],[127.644882,37.703632],[127.645572,37.704779],[127.645677,37.705],[127.645947,37.705566],[127.646287,37.706156],[127.646835,37.706361],[127.648071,37.706788],[127.649037,37.707013],[127.649075,37.707022],[127.648743,37.708088],[127.648716,37.708174],[127.649281,37.708962],[127.64955,37.709105],[127.649681,37.709174],[127.649904,37.709484],[127.650214,37.709347],[127.650625,37.709166],[127.65072,37.710707],[127.650718,37.710708],[127.65072,37.710752],[127.649661,37.711585],[127.648197,37.712587],[127.646613,37.714066],[127.643502,37.714813],[127.643493,37.714815],[127.643549,37.715018],[127.643981,37.716566],[127.644888,37.717621],[127.644916,37.717755],[127.644954,37.717895],[127.644955,37.717898],[127.64507,37.718325],[127.645148,37.718616],[127.645176,37.71872],[127.644863,37.718998],[127.644475,37.71934],[127.644202,37.719457],[127.644148,37.719487],[127.643834,37.719663],[127.642934,37.720499],[127.642958,37.720754],[127.643031,37.72155],[127.642851,37.722248],[127.642823,37.722358],[127.642869,37.72303],[127.642777,37.723594],[127.642676,37.724217],[127.642647,37.724394],[127.64305,37.724534],[127.644194,37.724929],[127.645086,37.724934],[127.645935,37.725252],[127.646376,37.725367],[127.647755,37.725728],[127.64886,37.726408],[127.648897,37.726426],[127.650298,37.727093],[127.650914,37.727481],[127.651415,37.727796],[127.651518,37.727949],[127.651945,37.728581],[127.652109,37.728691],[127.653214,37.729436],[127.653927,37.730605],[127.653929,37.730607],[127.653932,37.730606],[127.655568,37.730368],[127.656932,37.730612],[127.65699,37.730622],[127.657834,37.730876],[127.65907,37.731249],[127.659274,37.73131],[127.659373,37.7315],[127.659433,37.731614],[127.659884,37.732473],[127.660676,37.733983],[127.660783,37.734151],[127.660915,37.734845],[127.660794,37.736169],[127.660832,37.736195],[127.6611,37.736377],[127.660947,37.736473],[127.660825,37.736549],[127.660533,37.736731],[127.660348,37.736847],[127.660031,37.737364],[127.659979,37.737972],[127.660023,37.738152],[127.660062,37.73831],[127.660064,37.738712],[127.660064,37.738768],[127.660062,37.738989],[127.659896,37.739317],[127.660921,37.740272],[127.660922,37.740283],[127.660938,37.740424],[127.660939,37.740427],[127.660784,37.74057],[127.660584,37.740753],[127.660639,37.74104],[127.660715,37.741445],[127.660741,37.741578],[127.660788,37.741818],[127.661294,37.742333],[127.661601,37.742645],[127.661945,37.743202],[127.66266,37.743554],[127.662825,37.743587],[127.662903,37.743602],[127.662916,37.743605],[127.662916,37.743615],[127.662928,37.74392],[127.663189,37.744298],[127.663444,37.744656],[127.663062,37.745519],[127.663188,37.746265],[127.662858,37.747001],[127.663215,37.747692],[127.662798,37.747789],[127.662531,37.748607],[127.662437,37.748896],[127.661416,37.749875],[127.661252,37.750033],[127.661592,37.750682],[127.661956,37.750784],[127.661962,37.750786],[127.661961,37.750791],[127.661802,37.751456],[127.662251,37.752067],[127.662286,37.752922],[127.662499,37.752935],[127.662816,37.752954],[127.663495,37.75311],[127.664091,37.753222],[127.664351,37.753194],[127.664702,37.753313],[127.664805,37.753601],[127.66487,37.753767],[127.665393,37.755089],[127.665462,37.755295],[127.666338,37.755877],[127.667571,37.756766],[127.668806,37.757972],[127.669753,37.758743],[127.670138,37.759288],[127.670956,37.759807],[127.671349,37.760019],[127.670392,37.760799],[127.669906,37.761244],[127.669796,37.761361],[127.669343,37.761821],[127.668779,37.762328],[127.668737,37.762366],[127.666885,37.762381],[127.666478,37.762384],[127.666396,37.762657],[127.666261,37.763102],[127.666041,37.763107],[127.664307,37.763141],[127.66404,37.763147],[127.663654,37.763146],[127.663631,37.763158],[127.663162,37.763402],[127.66231,37.762807],[127.662181,37.762804],[127.662012,37.762799],[127.661043,37.762435],[127.660203,37.762544],[127.659538,37.762643],[127.658986,37.762635],[127.658221,37.762385],[127.657105,37.762326],[127.656668,37.762792],[127.656555,37.762913],[127.656225,37.762988],[127.656222,37.763098],[127.656216,37.763105],[127.65617,37.763078],[127.6557,37.762808],[127.655318,37.76259],[127.65484,37.762411],[127.654802,37.762396],[127.654392,37.762239],[127.65437,37.762163],[127.654294,37.761895],[127.654136,37.761777],[127.653874,37.761583],[127.653637,37.761397],[127.653496,37.76113],[127.652837,37.760622],[127.652759,37.760561],[127.652713,37.76058],[127.65261,37.760621],[127.652272,37.760615],[127.652053,37.760611],[127.651713,37.76044],[127.651633,37.76038],[127.650898,37.760359],[127.650406,37.760036],[127.649797,37.760036],[127.649728,37.759999],[127.649246,37.759652],[127.649156,37.75967],[127.648716,37.759843],[127.648314,37.759964],[127.647734,37.759503],[127.647649,37.759442],[127.64711,37.759199],[127.646342,37.758981],[127.646262,37.758959],[127.646081,37.758905],[127.646042,37.758847],[127.645969,37.758786],[127.645549,37.758292],[127.645188,37.758071],[127.645035,37.757978],[127.645031,37.757976],[127.644678,37.757956],[127.643815,37.757956],[127.643831,37.757778],[127.643719,37.757636],[127.643693,37.7575],[127.643135,37.757198],[127.642854,37.757227],[127.642176,37.756983],[127.641865,37.756647],[127.641448,37.756242],[127.641286,37.756261],[127.640773,37.756102],[127.639734,37.755821],[127.639533,37.755764],[127.639363,37.755552],[127.639162,37.755367],[127.63868,37.755265],[127.638559,37.755212],[127.638115,37.755017],[127.638107,37.755014],[127.638089,37.755019],[127.637829,37.755087],[127.637804,37.755094],[127.637613,37.755232],[127.637319,37.755349],[127.637019,37.755379],[127.636802,37.755555],[127.636754,37.755599],[127.636491,37.755798],[127.636322,37.755842],[127.63626,37.755844],[127.636102,37.755847],[127.635779,37.755969],[127.635713,37.755994],[127.635565,37.756171],[127.635531,37.756217],[127.635209,37.756653],[127.634913,37.756656],[127.634898,37.756658],[127.634299,37.756718],[127.633695,37.756779],[127.633452,37.75691],[127.633333,37.757022],[127.633192,37.757112],[127.633044,37.757294],[127.632712,37.758047],[127.632603,37.75827],[127.632457,37.758402],[127.632232,37.758428],[127.632077,37.758447],[127.631343,37.758535],[127.631398,37.758967],[127.631397,37.758973],[127.630987,37.76114],[127.630971,37.761169],[127.630765,37.761088],[127.630495,37.760981],[127.63038,37.760935],[127.630051,37.761041],[127.629724,37.761146],[127.629615,37.761181],[127.629465,37.761229],[127.629425,37.761259],[127.629266,37.761378],[127.629125,37.761484],[127.629099,37.761503],[127.629013,37.761568],[127.628916,37.76164],[127.628822,37.761711],[127.628722,37.761786],[127.628617,37.761865],[127.628506,37.761948],[127.628327,37.762082],[127.628263,37.76213],[127.628127,37.762231],[127.628043,37.762294],[127.627939,37.762293],[127.627871,37.762292],[127.627763,37.76229],[127.62759,37.762287],[127.627508,37.762286],[127.627355,37.762392],[127.62722,37.762487],[127.627057,37.7626],[127.626877,37.762726],[127.626814,37.762769],[127.626752,37.762813],[127.626681,37.762862],[127.626672,37.762867],[127.626627,37.762895],[127.626235,37.76313],[127.625875,37.763414],[127.624234,37.764313],[127.623964,37.764462],[127.623743,37.764508],[127.623358,37.764602],[127.622995,37.764691],[127.623031,37.764724],[127.619069,37.765785],[127.618973,37.765966],[127.618458,37.766932],[127.618375,37.76706],[127.618313,37.767063],[127.618255,37.767067],[127.617769,37.767396],[127.617437,37.767622],[127.616992,37.767893],[127.615169,37.767341],[127.61503,37.767254],[127.614475,37.766867],[127.614404,37.766808],[127.614252,37.766685],[127.613917,37.766694],[127.613736,37.766687],[127.613454,37.766676],[127.612719,37.766632],[127.610671,37.767007],[127.610562,37.767027],[127.610557,37.767089],[127.610518,37.767563],[127.610408,37.767785],[127.610255,37.768095],[127.610589,37.768557],[127.610641,37.768633],[127.611307,37.769618],[127.611032,37.770657],[127.611461,37.771237],[127.611305,37.772232],[127.611733,37.772465],[127.611673,37.773218],[127.611884,37.773965],[127.611918,37.775051],[127.612322,37.775515],[127.612296,37.77675],[127.612601,37.777152],[127.612686,37.777961],[127.612306,37.778386],[127.612244,37.779429],[127.611877,37.780703],[127.61168,37.78084],[127.611156,37.781204],[127.609473,37.781683],[127.608129,37.781621],[127.607369,37.781714],[127.606838,37.781642],[127.606778,37.781633],[127.606701,37.781683],[127.605226,37.782631],[127.603834,37.782414],[127.603621,37.782622],[127.602469,37.783131],[127.602186,37.783574],[127.602059,37.783757],[127.601519,37.783906],[127.600502,37.784183],[127.598489,37.784776],[127.598169,37.784866],[127.596044,37.785857],[127.5958,37.785968],[127.595778,37.785978],[127.595468,37.786119],[127.595345,37.786175],[127.595159,37.78626],[127.59485,37.786401],[127.59454,37.786541],[127.594231,37.786682],[127.593922,37.786823],[127.593612,37.786964],[127.59313,37.787183],[127.59293,37.787274],[127.592727,37.786546],[127.5918,37.785639],[127.591389,37.785146],[127.590989,37.784667],[127.590769,37.784545],[127.589495,37.783835],[127.588899,37.783262],[127.587449,37.783112],[127.586611,37.782666],[127.585198,37.780022],[127.58516,37.77995],[127.585056,37.779757],[127.584403,37.779818],[127.583527,37.7799],[127.583362,37.779915],[127.582558,37.779937],[127.582546,37.779937],[127.5825,37.779934],[127.581585,37.77988],[127.580918,37.779841],[127.580738,37.77983],[127.578859,37.780457],[127.577929,37.780872],[127.576924,37.781029],[127.575145,37.781989],[127.572674,37.782742],[127.572629,37.782656],[127.572199,37.781816],[127.571167,37.78154],[127.570457,37.781116],[127.569523,37.780866],[127.568485,37.780381],[127.567571,37.780148],[127.567099,37.779771],[127.5664,37.779586],[127.566221,37.779337],[127.565144,37.778871],[127.565101,37.778852],[127.5645,37.778628],[127.564513,37.777848],[127.564067,37.777175],[127.563655,37.776554],[127.56365,37.776547],[127.563646,37.77569],[127.564093,37.77499],[127.563974,37.774214],[127.563681,37.773332],[127.563787,37.773086],[127.563941,37.77221],[127.563989,37.771637],[127.563923,37.771198],[127.563907,37.770891],[127.563876,37.770302],[127.564014,37.769965],[127.564022,37.769944],[127.564022,37.769639],[127.564168,37.768792],[127.563995,37.76861],[127.563456,37.768225],[127.56363,37.767399],[127.563504,37.766979],[127.563388,37.766839],[127.563079,37.766515],[127.563267,37.766032],[127.563239,37.765205],[127.563235,37.765081],[127.563069,37.764865],[127.562665,37.764729],[127.561908,37.764271],[127.560869,37.764191],[127.559606,37.76389],[127.558757,37.763921],[127.55824,37.7639],[127.557506,37.763601],[127.557223,37.763541],[127.556346,37.763449],[127.555695,37.763151],[127.554468,37.762888],[127.553401,37.762914],[127.553402,37.762602],[127.553199,37.761875],[127.552929,37.761287],[127.553002,37.760992],[127.552536,37.759963],[127.552381,37.759652],[127.552455,37.759447],[127.552662,37.758872],[127.552715,37.758725],[127.553028,37.75843],[127.553233,37.758242],[127.5533,37.758181],[127.553285,37.757875],[127.553072,37.757728],[127.553015,37.75769],[127.553996,37.755606],[127.55385,37.755385],[127.554072,37.75496],[127.55422,37.754675],[127.553945,37.754183],[127.554557,37.75319],[127.554361,37.752748],[127.554148,37.751813],[127.553789,37.750857],[127.554092,37.750236],[127.553967,37.749705],[127.553964,37.749401],[127.553963,37.749316],[127.553281,37.748944],[127.552903,37.748547],[127.552633,37.748531],[127.552137,37.748502],[127.55208,37.748174],[127.551696,37.747962],[127.551605,37.747672],[127.551148,37.74721],[127.550821,37.746494],[127.550812,37.746474],[127.550686,37.746404],[127.550574,37.746342],[127.549842,37.745988],[127.549437,37.74585],[127.54902,37.745088],[127.54866,37.744695],[127.548711,37.744501],[127.548232,37.743692],[127.547679,37.74388],[127.546589,37.744924],[127.545724,37.745245],[127.545708,37.745303],[127.545824,37.745793],[127.545482,37.746465],[127.544953,37.746749],[127.54455,37.747836],[127.544247,37.7482],[127.543959,37.748771],[127.543543,37.748901],[127.543198,37.749184],[127.543076,37.749115],[127.542749,37.74935],[127.542847,37.749521],[127.542393,37.749626],[127.541942,37.750153],[127.541548,37.75024],[127.540954,37.750539],[127.540079,37.750471],[127.539643,37.750309],[127.539555,37.750339],[127.539502,37.750327],[127.539375,37.750126],[127.539451,37.750115],[127.53927,37.750037],[127.538743,37.749998],[127.538664,37.750068],[127.538665,37.750332],[127.538529,37.750449],[127.537846,37.750972],[127.53762,37.751146],[127.537772,37.751267],[127.539744,37.75283],[127.542086,37.754665],[127.543438,37.756444],[127.54438,37.758815],[127.54488,37.760075],[127.544987,37.763632],[127.543102,37.767202],[127.542746,37.767802],[127.540924,37.770875],[127.540615,37.771212],[127.538127,37.773929],[127.537585,37.77452],[127.534997,37.776862],[127.533616,37.778112],[127.530862,37.781431],[127.530754,37.781562],[127.530616,37.781728],[127.530507,37.781816],[127.528635,37.783315],[127.52754,37.784067],[127.527179,37.784315],[127.525678,37.785345],[127.524861,37.786206],[127.524078,37.787031],[127.522258,37.788948],[127.520814,37.792543],[127.52258,37.795408],[127.52305,37.79617],[127.523849,37.796946],[127.524516,37.797593],[127.52464,37.797712],[127.526329,37.799351],[127.526548,37.799563],[127.526756,37.799765],[127.529428,37.80284],[127.533087,37.806919],[127.534637,37.808234],[127.536084,37.809462],[127.537354,37.810541],[127.537086,37.811862],[127.536628,37.814121],[127.536272,37.814878],[127.535592,37.816325],[127.53494,37.817711],[127.534366,37.818218],[127.533272,37.819184],[127.53218,37.820149],[127.532029,37.820282],[127.52879,37.821317],[127.528241,37.821492],[127.527802,37.821633],[127.526358,37.822461],[127.526327,37.822478],[127.525639,37.822873],[127.525145,37.823877],[127.524592,37.825001],[127.524629,37.8253],[127.524694,37.826936],[127.524696,37.826975],[127.524697,37.827006],[127.524701,37.827119],[127.524702,37.827136],[127.524702,37.827137],[127.524702,37.827142],[127.524704,37.827185],[127.524708,37.827282],[127.524791,37.829381],[127.524803,37.829672],[127.524861,37.829906],[127.524881,37.829983],[127.524921,37.830143],[127.525619,37.832924],[127.527317,37.836458],[127.529443,37.839723],[127.532443,37.842152],[127.535383,37.84399],[127.536299,37.844562],[127.536698,37.844812],[127.537031,37.84502],[127.540459,37.846552],[127.542246,37.846602],[127.543117,37.846626],[127.545825,37.846792],[127.548276,37.846629],[127.549652,37.846538],[127.549641,37.8465],[127.552083,37.845771],[127.554325,37.845102],[127.554729,37.844952],[127.558615,37.843507],[127.560463,37.842881],[127.563416,37.841881],[127.564571,37.841365],[127.568808,37.839473],[127.569945,37.838807],[127.570564,37.838417],[127.571405,37.838068],[127.575134,37.836525],[127.575398,37.836416],[127.580124,37.834806],[127.585221,37.833536],[127.587809,37.832914],[127.58892,37.832594],[127.589101,37.832541],[127.591235,37.832007],[127.591483,37.831945],[127.594894,37.831663],[127.597174,37.831475],[127.600833,37.831001],[127.60098,37.830982],[127.602694,37.830566],[127.605662,37.83024],[127.606016,37.830225],[127.610346,37.830043],[127.613238,37.829406],[127.614181,37.829145],[127.615007,37.828715],[127.616207,37.828092],[127.617998,37.826813],[127.621008,37.824623],[127.621208,37.824478],[127.624227,37.822012],[127.62559,37.821203],[127.628673,37.81943],[127.630266,37.818743],[127.630696,37.818558],[127.633492,37.817316]]]]}},
{"type":"Feature","properties":{"BASE_DATE":"20250630","ADM_CD":"32010370","ADM_NM":"서면"},"geometry":{"type":"MultiPolygon","coordinates":[[[[127.630057,37.992155],[127.630572,37.991876],[127.630831,37.991897],[127.63122,37.991824],[127.63236,37.991792],[127.632704,37.991866],[127.633751,37.991589],[127.634389,37.991452],[127.635265,37.991496],[127.636484,37.991121],[127.637863,37.991097],[127.639289,37.990748],[127.641116,37.990769],[127.641875,37.990696],[127.641942,37.990689],[127.643215,37.990242],[127.64366,37.990133],[127.643977,37.990325],[127.64416,37.990378],[127.644383,37.990443],[127.644445,37.990476],[127.644744,37.990637],[127.644986,37.990767],[127.644997,37.990558],[127.645003,37.990366],[127.646339,37.990101],[127.646489,37.988576],[127.646716,37.988189],[127.647087,37.987554],[127.648832,37.985844],[127.649503,37.98543],[127.651739,37.984051],[127.653917,37.983092],[127.655275,37.982495],[127.655468,37.982455],[127.656383,37.982269],[127.660048,37.981523],[127.662852,37.981137],[127.665599,37.98076],[127.666578,37.980575],[127.667171,37.980463],[127.668154,37.980277],[127.668922,37.980132],[127.670741,37.97938],[127.672417,37.978454],[127.674398,37.977406],[127.675081,37.976852],[127.675871,37.97621],[127.676331,37.974968],[127.676093,37.972913],[127.67515,37.971981],[127.670924,37.970647],[127.669317,37.969964],[127.668487,37.968756],[127.668473,37.968736],[127.668242,37.968401],[127.668993,37.968487],[127.669021,37.968426],[127.669008,37.968422],[127.669061,37.968308],[127.669142,37.966274],[127.669904,37.965503],[127.672244,37.963133],[127.672503,37.962871],[127.67445,37.961879],[127.677986,37.960286],[127.681239,37.958867],[127.68282,37.958634],[127.684899,37.958188],[127.689621,37.957176],[127.69351,37.955339],[127.694781,37.954731],[127.697028,37.952689],[127.697088,37.952634],[127.697661,37.952092],[127.698705,37.951064],[127.701013,37.948789],[127.70517,37.945552],[127.705726,37.94512],[127.706648,37.944287],[127.708071,37.943015],[127.708601,37.941541],[127.710221,37.940485],[127.712099,37.93951],[127.711878,37.939644],[127.712106,37.939526],[127.712821,37.939187],[127.712688,37.939153],[127.71255,37.939117],[127.711851,37.938417],[127.711763,37.938328],[127.711314,37.93798],[127.712298,37.936788],[127.712356,37.936706],[127.713017,37.935769],[127.713437,37.934929],[127.713654,37.934698],[127.713872,37.934466],[127.714732,37.933652],[127.715391,37.932968],[127.715827,37.932332],[127.716002,37.93197],[127.716045,37.931882],[127.716179,37.931604],[127.716333,37.931285],[127.716471,37.930968],[127.716499,37.930809],[127.716529,37.930651],[127.716676,37.930361],[127.716747,37.93022],[127.716835,37.929976],[127.716941,37.929452],[127.716983,37.929254],[127.717147,37.929023],[127.717232,37.9289],[127.718616,37.928772],[127.718925,37.926787],[127.718963,37.926531],[127.719211,37.92488],[127.718642,37.922846],[127.717744,37.922083],[127.717287,37.921694],[127.715875,37.919515],[127.715358,37.918446],[127.715275,37.917696],[127.714478,37.916437],[127.714276,37.915395],[127.714026,37.9141],[127.713726,37.913418],[127.71332,37.912499],[127.712887,37.911533],[127.712441,37.910506],[127.711467,37.90779],[127.711056,37.907793],[127.710583,37.906914],[127.710113,37.906368],[127.710026,37.906266],[127.70751,37.903329],[127.707279,37.903136],[127.707229,37.903017],[127.703378,37.899323],[127.702912,37.898875],[127.701258,37.89754],[127.701169,37.89746],[127.699081,37.89559],[127.698755,37.895383],[127.69604,37.893663],[127.695014,37.893027],[127.694914,37.892966],[127.694119,37.88979],[127.694093,37.889685],[127.693983,37.889641],[127.692771,37.889147],[127.689393,37.887681],[127.688624,37.885762],[127.68836,37.885],[127.688065,37.884529],[127.686782,37.883891],[127.685408,37.881984],[127.683121,37.880866],[127.682064,37.879906],[127.681348,37.879256],[127.680388,37.878058],[127.679836,37.876215],[127.679171,37.87404],[127.678869,37.873015],[127.679085,37.872065],[127.678464,37.87083],[127.677498,37.869053],[127.677285,37.868518],[127.67691,37.867573],[127.676333,37.866431],[127.6762,37.865087],[127.675858,37.863043],[127.675306,37.860293],[127.675206,37.858868],[127.675201,37.858807],[127.675189,37.857857],[127.675196,37.857583],[127.675308,37.853052],[127.675681,37.851652],[127.675944,37.85119],[127.676269,37.850619],[127.676737,37.850073],[127.677352,37.849459],[127.677364,37.849331],[127.677027,37.847987],[127.676738,37.846837],[127.67628,37.845012],[127.676043,37.843368],[127.675888,37.842294],[127.675793,37.841607],[127.67572,37.841081],[127.67548,37.839784],[127.675592,37.838186],[127.675724,37.836844],[127.6759,37.835064],[127.675773,37.832275],[127.675694,37.830385],[127.675213,37.829779],[127.674946,37.829443],[127.672985,37.826976],[127.669244,37.824904],[127.667187,37.824427],[127.664935,37.823896],[127.664706,37.823887],[127.664625,37.824078],[127.661815,37.82393],[127.660812,37.823846],[127.660543,37.823823],[127.658178,37.823657],[127.65385,37.823142],[127.648217,37.821754],[127.642241,37.81912],[127.639378,37.818064],[127.638699,37.817814],[127.636837,37.817105],[127.635042,37.817022],[127.634237,37.816985],[127.633492,37.817316],[127.630696,37.818558],[127.630266,37.818743],[127.628673,37.81943],[127.62559,37.821203],[127.624227,37.822012],[127.621208,37.824478],[127.621008,37.824623],[127.617998,37.826813],[127.616207,37.828092],[127.615007,37.828715],[127.614181,37.829145],[127.613238,37.829406],[127.610346,37.830043],[127.606016,37.830225],[127.605662,37.83024],[127.602694,37.830566],[127.60098,37.830982],[127.600833,37.831001],[127.597174,37.831475],[127.594894,37.831663],[127.591483,37.831945],[127.591235,37.832007],[127.589101,37.832541],[127.58892,37.832594],[127.587809,37.832914],[127.585221,37.833536],[127.580124,37.834806],[127.575398,37.836416],[127.575134,37.836525],[127.571405,37.838068],[127.570564,37.838417],[127.569945,37.838807],[127.568808,37.839473],[127.564571,37.841365],[127.563416,37.841881],[127.560463,37.842881],[127.558615,37.843507],[127.554729,37.844952],[127.554325,37.845102],[127.552083,37.845771],[127.549641,37.8465],[127.549652,37.846538],[127.549717,37.846764],[127.549884,37.84735],[127.550036,37.847881],[127.549963,37.848636],[127.549933,37.848946],[127.550255,37.850165],[127.550427,37.850724],[127.550088,37.851931],[127.550246,37.851942],[127.550367,37.852063],[127.55054,37.852099],[127.550652,37.852122],[127.550859,37.852124],[127.55119,37.85224],[127.551247,37.852403],[127.551489,37.852479],[127.551866,37.852733],[127.551969,37.85292],[127.551897,37.853008],[127.552019,37.853181],[127.55204,37.853201],[127.552137,37.853296],[127.552183,37.853281],[127.552292,37.853268],[127.552355,37.85331],[127.552382,37.853366],[127.552488,37.853432],[127.552528,37.853433],[127.552584,37.853449],[127.552674,37.853392],[127.552737,37.853395],[127.5528,37.853437],[127.552829,37.853546],[127.552942,37.853632],[127.55315,37.853645],[127.553224,37.853701],[127.55334,37.853778],[127.55345,37.85381],[127.553542,37.853907],[127.553612,37.853908],[127.553648,37.85392],[127.553664,37.85392],[127.553684,37.853924],[127.553702,37.853939],[127.553776,37.853964],[127.553986,37.853998],[127.554023,37.854016],[127.554135,37.85397],[127.554203,37.854086],[127.55419,37.854094],[127.554764,37.854363],[127.555329,37.854731],[127.556106,37.855615],[127.556555,37.855695],[127.556806,37.855868],[127.556913,37.856004],[127.557109,37.856015],[127.557452,37.856278],[127.558528,37.856453],[127.560047,37.856416],[127.560928,37.856321],[127.561592,37.856182],[127.562184,37.856059],[127.562972,37.855925],[127.563124,37.855899],[127.563239,37.85588],[127.56325,37.856171],[127.563252,37.85625],[127.563252,37.856253],[127.563292,37.856448],[127.563509,37.856592],[127.563541,37.85696],[127.563553,37.857099],[127.563865,37.857511],[127.563877,37.85803],[127.564664,37.858061],[127.564998,37.858388],[127.565466,37.858648],[127.566005,37.858874],[127.566838,37.859223],[127.566414,37.859867],[127.566354,37.860518],[127.56635,37.860523],[127.565887,37.861236],[127.566265,37.861582],[127.566442,37.861876],[127.566439,37.862191],[127.566943,37.862859],[127.567366,37.864332],[127.567457,37.864546],[127.567815,37.86538],[127.568417,37.865887],[127.568472,37.866482],[127.568595,37.866973],[127.569021,37.867241],[127.569259,37.867297],[127.569862,37.867218],[127.569683,37.867838],[127.569803,37.868233],[127.570119,37.868298],[127.570716,37.86842],[127.571867,37.868908],[127.57187,37.869146],[127.572245,37.869933],[127.573191,37.870202],[127.573631,37.870486],[127.5737,37.870651],[127.57399,37.870869],[127.574162,37.871163],[127.574048,37.871505],[127.574577,37.872351],[127.575485,37.87235],[127.575881,37.872586],[127.57596,37.872894],[127.575978,37.872963],[127.57651,37.873034],[127.576983,37.873245],[127.577704,37.873794],[127.577887,37.874014],[127.578319,37.874036],[127.578608,37.874148],[127.57878,37.874156],[127.579287,37.874181],[127.579795,37.874292],[127.579945,37.874464],[127.580045,37.874578],[127.58057,37.874328],[127.580615,37.874306],[127.580692,37.874352],[127.581393,37.87476],[127.581693,37.874689],[127.582398,37.875111],[127.582958,37.875161],[127.583495,37.875815],[127.584116,37.875965],[127.584621,37.876294],[127.584898,37.876323],[127.585186,37.876151],[127.586561,37.875907],[127.586642,37.875893],[127.586686,37.875912],[127.587645,37.876333],[127.587779,37.87635],[127.58821,37.876151],[127.588218,37.876149],[127.588304,37.876129],[127.588307,37.876129],[127.589248,37.875913],[127.59021,37.875758],[127.590263,37.875751],[127.590597,37.875707],[127.592026,37.875916],[127.592798,37.875892],[127.593725,37.875944],[127.594237,37.876017],[127.594821,37.875878],[127.595138,37.875802],[127.595475,37.875648],[127.595497,37.875638],[127.595715,37.875539],[127.595741,37.875538],[127.595847,37.875536],[127.596914,37.875514],[127.597649,37.875371],[127.59777,37.87525],[127.598167,37.874847],[127.59846,37.874806],[127.599006,37.874728],[127.599672,37.874734],[127.600577,37.874373],[127.600593,37.874367],[127.60163,37.874217],[127.601969,37.874213],[127.602933,37.874202],[127.603212,37.874201],[127.603658,37.874528],[127.6037,37.874991],[127.603706,37.875051],[127.604458,37.875856],[127.605433,37.876302],[127.605849,37.876492],[127.605897,37.876707],[127.605905,37.876743],[127.605988,37.877121],[127.606343,37.877776],[127.60651,37.878779],[127.606707,37.878937],[127.606921,37.879107],[127.606856,37.87923],[127.606712,37.879499],[127.607106,37.880093],[127.607459,37.880703],[127.607819,37.881454],[127.608089,37.881818],[127.608262,37.881901],[127.608825,37.882173],[127.608838,37.882237],[127.609095,37.883518],[127.608853,37.883802],[127.608753,37.883919],[127.60864,37.884717],[127.608615,37.884863],[127.608565,37.885152],[127.607986,37.886213],[127.607924,37.886259],[127.607632,37.88648],[127.60747,37.887147],[127.607443,37.887539],[127.60776,37.888677],[127.607403,37.88966],[127.607528,37.889862],[127.607567,37.889924],[127.607594,37.889968],[127.608102,37.890782],[127.608437,37.891401],[127.608365,37.892087],[127.608729,37.892737],[127.60901,37.893324],[127.609329,37.893331],[127.609557,37.893481],[127.610211,37.89391],[127.610198,37.89397],[127.610104,37.894399],[127.610678,37.895354],[127.611182,37.897211],[127.612003,37.898229],[127.612464,37.898416],[127.613461,37.898821],[127.613572,37.898959],[127.614413,37.900004],[127.614529,37.901338],[127.614767,37.90192],[127.615392,37.902978],[127.615605,37.903844],[127.615818,37.90473],[127.617053,37.905996],[127.617141,37.906362],[127.616485,37.907131],[127.616971,37.90836],[127.61692,37.90939],[127.616909,37.909798],[127.616715,37.911379],[127.616584,37.911905],[127.615609,37.914686],[127.614953,37.915578],[127.614882,37.91579],[127.614331,37.917431],[127.613965,37.918408],[127.613899,37.919545],[127.613896,37.919609],[127.613603,37.919764],[127.613158,37.919999],[127.612489,37.920352],[127.612408,37.920484],[127.612213,37.920802],[127.612138,37.920924],[127.612139,37.921052],[127.61214,37.92188],[127.612071,37.922794],[127.612045,37.924056],[127.6125,37.92454],[127.613551,37.925657],[127.613626,37.925684],[127.614508,37.926006],[127.615189,37.926758],[127.615617,37.927231],[127.616584,37.928266],[127.61629,37.928917],[127.616218,37.929077],[127.61615,37.929229],[127.61597,37.930909],[127.614962,37.932286],[127.614345,37.934611],[127.61379,37.93583],[127.612982,37.936839],[127.612606,37.937768],[127.613154,37.939219],[127.612725,37.940337],[127.612672,37.940476],[127.612202,37.940572],[127.612066,37.9406],[127.610104,37.941751],[127.609417,37.942668],[127.608968,37.94307],[127.606602,37.943713],[127.606064,37.943859],[127.605744,37.943946],[127.605573,37.943992],[127.604787,37.944205],[127.603736,37.944491],[127.602521,37.946333],[127.601758,37.948102],[127.602414,37.95076],[127.602661,37.951708],[127.60277,37.952814],[127.602445,37.954999],[127.602463,37.955024],[127.602605,37.955226],[127.602877,37.955613],[127.603202,37.956074],[127.603206,37.956101],[127.603484,37.957965],[127.603487,37.957969],[127.603487,37.957972],[127.603512,37.958006],[127.604432,37.959287],[127.604543,37.961096],[127.604543,37.961097],[127.604544,37.961113],[127.605032,37.962207],[127.605074,37.964289],[127.60508,37.964481],[127.605088,37.964727],[127.60511,37.964739],[127.60587,37.965143],[127.606586,37.965523],[127.606654,37.965593],[127.607302,37.966268],[127.608341,37.966686],[127.609387,37.967006],[127.60987,37.967154],[127.609976,37.96721],[127.610056,37.967173],[127.611173,37.968054],[127.611591,37.968782],[127.612558,37.96904],[127.613478,37.969285],[127.61567,37.969869],[127.61603,37.969964],[127.61678,37.970746],[127.617338,37.971066],[127.617474,37.971079],[127.618544,37.971179],[127.618745,37.9712],[127.619577,37.971154],[127.620114,37.971287],[127.620616,37.971411],[127.620646,37.971419],[127.622254,37.971416],[127.623514,37.971702],[127.623579,37.971717],[127.623733,37.971806],[127.625314,37.972731],[127.625485,37.972866],[127.626782,37.973252],[127.628568,37.973597],[127.631882,37.974237],[127.635035,37.97468],[127.637345,37.974876],[127.637679,37.974905],[127.638007,37.974864],[127.638542,37.975377],[127.639979,37.976384],[127.640128,37.976725],[127.641376,37.9777],[127.641702,37.97815],[127.642162,37.978478],[127.642232,37.978472],[127.642365,37.978611],[127.642762,37.979041],[127.643065,37.979326],[127.643177,37.979505],[127.643173,37.979507],[127.642997,37.979608],[127.642966,37.979626],[127.642913,37.979646],[127.642869,37.979679],[127.642867,37.979681],[127.642858,37.979691],[127.642842,37.979713],[127.642841,37.979743],[127.642803,37.979774],[127.642785,37.979791],[127.642726,37.97981],[127.642638,37.979869],[127.642497,37.979928],[127.642429,37.979996],[127.642278,37.979933],[127.642198,37.97996],[127.642136,37.979996],[127.642116,37.980006],[127.642022,37.980032],[127.642109,37.980113],[127.642163,37.980174],[127.64227,37.980288],[127.642384,37.980374],[127.642451,37.980432],[127.6425,37.98047],[127.64249,37.980487],[127.642478,37.980506],[127.642397,37.980587],[127.641706,37.981058],[127.640283,37.981255],[127.639798,37.981563],[127.639406,37.981844],[127.638541,37.982067],[127.638441,37.982131],[127.638351,37.982189],[127.637694,37.982609],[127.637163,37.982798],[127.637018,37.98285],[127.636413,37.982813],[127.636137,37.982796],[127.636116,37.982795],[127.635615,37.982923],[127.635288,37.983006],[127.634633,37.98323],[127.634385,37.983315],[127.634192,37.983362],[127.633431,37.983546],[127.632844,37.983936],[127.632297,37.984305],[127.631201,37.984673],[127.630112,37.985717],[127.629472,37.986],[127.629367,37.986135],[127.628707,37.986512],[127.628283,37.986949],[127.627709,37.987263],[127.627057,37.987619],[127.627319,37.988099],[127.626959,37.988804],[127.626979,37.988819],[127.627624,37.98929],[127.62802,37.98958],[127.62809,37.98986],[127.628207,37.990326],[127.628715,37.990639],[127.628944,37.990779],[127.629171,37.990862],[127.629386,37.991091],[127.629854,37.991833],[127.630057,37.992155]]]]}},
{"type":"Feature","properties":{"BASE_DATE":"20250630","ADM_CD":"32010380","ADM_NM":"사북면"},"geometry":{"type":"MultiPolygon","coordinates":[[[[127.585086,38.080623],[127.585656,38.080201],[127.587779,38.080354],[127.588524,38.080703],[127.588905,38.080882],[127.589084,38.080845],[127.590313,38.080596],[127.590618,38.080535],[127.591373,38.080477],[127.593495,38.080315],[127.594304,38.080225],[127.595296,38.080114],[127.596838,38.079897],[127.597036,38.079148],[127.59757,38.077615],[127.59794,38.077145],[127.598168,38.076857],[127.598476,38.07667],[127.599562,38.076015],[127.600226,38.075686],[127.600348,38.075626],[127.601457,38.074611],[127.601576,38.074555],[127.602307,38.074206],[127.602967,38.073823],[127.603906,38.073277],[127.604437,38.07287],[127.604726,38.072648],[127.606813,38.071978],[127.607734,38.071683],[127.607761,38.071674],[127.607757,38.071644],[127.607603,38.07052],[127.608065,38.069945],[127.608068,38.069933],[127.608069,38.069931],[127.608145,38.069622],[127.608159,38.069552],[127.60816,38.069549],[127.608281,38.068939],[127.608197,38.068349],[127.608031,38.067994],[127.608014,38.06793],[127.607908,38.067528],[127.607511,38.066733],[127.607319,38.066347],[127.6073,38.066303],[127.606338,38.064036],[127.606324,38.063991],[127.605402,38.061051],[127.605458,38.061035],[127.60648,38.060745],[127.606574,38.060718],[127.606588,38.060715],[127.608173,38.060264],[127.608199,38.060244],[127.609601,38.059158],[127.610298,38.05827],[127.610371,38.058176],[127.611345,38.056938],[127.611532,38.056702],[127.611677,38.056516],[127.611565,38.055896],[127.611607,38.055568],[127.611672,38.05542],[127.611967,38.055598],[127.612147,38.056382],[127.612524,38.05672],[127.612577,38.056746],[127.614043,38.057451],[127.615686,38.057743],[127.617254,38.057521],[127.618031,38.057177],[127.618036,38.057172],[127.618038,38.05717],[127.618415,38.056742],[127.61846,38.056691],[127.61891,38.05618],[127.620366,38.05469],[127.62155,38.053523],[127.621771,38.053306],[127.621989,38.053125],[127.622277,38.052886],[127.622446,38.052725],[127.62274,38.052444],[127.622869,38.05232],[127.623094,38.052105],[127.623165,38.052037],[127.623658,38.051552],[127.623731,38.051524],[127.625096,38.050995],[127.625105,38.050991],[127.625788,38.050867],[127.626276,38.050778],[127.627644,38.050585],[127.631099,38.050099],[127.632893,38.050045],[127.633808,38.050182],[127.635653,38.050658],[127.63585,38.05072],[127.636472,38.050918],[127.636557,38.050945],[127.637443,38.051226],[127.637909,38.051374],[127.638441,38.051472],[127.638973,38.051571],[127.641199,38.051982],[127.641476,38.05276],[127.641255,38.052874],[127.641172,38.052917],[127.641161,38.052922],[127.641526,38.053187],[127.641783,38.053373],[127.643437,38.055062],[127.644303,38.055861],[127.645376,38.056447],[127.645939,38.056565],[127.646144,38.056607],[127.646148,38.056607],[127.646156,38.056605],[127.646159,38.056605],[127.647172,38.056437],[127.648042,38.056294],[127.649404,38.055865],[127.649442,38.055853],[127.650153,38.05563],[127.650484,38.055526],[127.650515,38.055505],[127.650517,38.055503],[127.650806,38.055308],[127.650821,38.055298],[127.651254,38.055006],[127.651611,38.054765],[127.651831,38.054616],[127.651834,38.054614],[127.651994,38.054506],[127.65272,38.053466],[127.653265,38.052125],[127.653294,38.051499],[127.653294,38.051497],[127.653317,38.050984],[127.653318,38.050978],[127.65332,38.050932],[127.653316,38.050915],[127.653316,38.050913],[127.653052,38.049711],[127.652543,38.048705],[127.65216,38.047949],[127.651854,38.047343],[127.651587,38.047121],[127.649891,38.04571],[127.648897,38.044573],[127.648789,38.043966],[127.648707,38.043501],[127.648798,38.041152],[127.648863,38.040911],[127.648863,38.040908],[127.648945,38.040604],[127.648816,38.039466],[127.648521,38.037849],[127.648447,38.037443],[127.648442,38.037098],[127.648442,38.037084],[127.64844,38.036906],[127.648427,38.036072],[127.648242,38.03508],[127.648111,38.034376],[127.648107,38.03367],[127.648105,38.0334],[127.648177,38.033084],[127.64853,38.031523],[127.64899,38.030783],[127.64907,38.030818],[127.649078,38.030821],[127.649099,38.03083],[127.649506,38.030469],[127.649604,38.030382],[127.649616,38.030371],[127.649781,38.030224],[127.649785,38.030221],[127.649964,38.02943],[127.650177,38.028483],[127.65027,38.027915],[127.65076,38.027014],[127.650997,38.02675],[127.651654,38.026019],[127.652351,38.025244],[127.652923,38.024608],[127.653241,38.024253],[127.654123,38.023826],[127.655494,38.02414],[127.65477,38.0257],[127.654739,38.025767],[127.65475,38.025873],[127.654905,38.027284],[127.654908,38.027285],[127.655983,38.027339],[127.656057,38.027565],[127.656086,38.027566],[127.656061,38.027421],[127.656021,38.027315],[127.657968,38.027984],[127.659056,38.028425],[127.660326,38.028874],[127.660585,38.029389],[127.660711,38.029639],[127.660724,38.029665],[127.661579,38.029451],[127.661601,38.029445],[127.661721,38.029415],[127.661962,38.029364],[127.662669,38.029758],[127.663371,38.029941],[127.663671,38.029967],[127.66384,38.029981],[127.663927,38.030049],[127.664302,38.030345],[127.664321,38.030344],[127.664733,38.03031],[127.664744,38.03031],[127.664988,38.03029],[127.665371,38.030389],[127.665383,38.030404],[127.665389,38.03041],[127.665908,38.030993],[127.666034,38.031556],[127.666678,38.031951],[127.666694,38.031961],[127.666947,38.032117],[127.667166,38.032276],[127.667181,38.032287],[127.667564,38.032567],[127.667814,38.032837],[127.667824,38.032848],[127.667922,38.032955],[127.667941,38.032972],[127.667945,38.032976],[127.668307,38.033293],[127.668817,38.033543],[127.669174,38.033893],[127.669302,38.033988],[127.669556,38.034176],[127.670002,38.034322],[127.670937,38.034838],[127.671413,38.034888],[127.671588,38.034907],[127.671636,38.034945],[127.67184,38.035105],[127.672155,38.035077],[127.672592,38.035038],[127.673331,38.035241],[127.673356,38.035248],[127.673424,38.035267],[127.673426,38.035268],[127.673855,38.035508],[127.674035,38.035609],[127.67405,38.03561],[127.674205,38.035605],[127.674639,38.035592],[127.674701,38.03559],[127.674858,38.035585],[127.675421,38.035751],[127.675449,38.03576],[127.675507,38.035777],[127.676288,38.035797],[127.678439,38.035894],[127.678456,38.035885],[127.67853,38.035844],[127.680332,38.034856],[127.680607,38.034669],[127.680615,38.034664],[127.680709,38.034601],[127.680712,38.0346],[127.680729,38.034598],[127.68077,38.034595],[127.681329,38.034548],[127.68142,38.034408],[127.681585,38.034153],[127.682638,38.034268],[127.68282,38.034458],[127.682824,38.034462],[127.683105,38.034756],[127.683127,38.03478],[127.683211,38.034867],[127.683224,38.034881],[127.683611,38.034878],[127.683614,38.034878],[127.683632,38.034878],[127.683933,38.034877],[127.683935,38.034877],[127.683982,38.034876],[127.684374,38.034705],[127.684387,38.0347],[127.68449,38.034655],[127.684708,38.03456],[127.684882,38.03452],[127.6859,38.034288],[127.686401,38.034305],[127.687229,38.034332],[127.687381,38.034383],[127.689398,38.035067],[127.690011,38.035296],[127.69018,38.035285],[127.690487,38.035267],[127.690513,38.035265],[127.690763,38.03525],[127.690831,38.03526],[127.690843,38.035262],[127.691125,38.035302],[127.691299,38.035408],[127.691304,38.03541],[127.691354,38.035441],[127.691363,38.035439],[127.692052,38.035234],[127.692493,38.035332],[127.692527,38.03534],[127.692639,38.035365],[127.692924,38.035365],[127.692978,38.035364],[127.69337,38.035364],[127.693717,38.035364],[127.694377,38.035565],[127.694553,38.035687],[127.695098,38.036064],[127.695106,38.036069],[127.695177,38.036118],[127.695185,38.036123],[127.695745,38.036622],[127.696027,38.036746],[127.69626,38.036849],[127.6963,38.036867],[127.697165,38.037032],[127.697214,38.037056],[127.697216,38.037057],[127.697672,38.037278],[127.698176,38.037373],[127.698514,38.037613],[127.698594,38.037806],[127.698939,38.037918],[127.699059,38.037957],[127.699118,38.037957],[127.699442,38.037953],[127.70007,38.038153],[127.700079,38.038155],[127.700219,38.0382],[127.700587,38.038162],[127.701228,38.037872],[127.70179,38.037746],[127.702462,38.037401],[127.702988,38.037274],[127.703008,38.037269],[127.703045,38.03726],[127.703139,38.037238],[127.703141,38.037237],[127.703148,38.037235],[127.703573,38.036952],[127.703786,38.036811],[127.704571,38.036547],[127.704799,38.036297],[127.704805,38.03629],[127.704833,38.036259],[127.70498,38.036098],[127.705093,38.03595],[127.70525,38.035745],[127.705257,38.035735],[127.705275,38.035712],[127.705664,38.035489],[127.705995,38.035393],[127.706005,38.035384],[127.706006,38.035383],[127.70602,38.03537],[127.706416,38.034999],[127.706801,38.03478],[127.707301,38.034187],[127.707758,38.033783],[127.707784,38.033746],[127.708042,38.033377],[127.708153,38.033304],[127.708782,38.032811],[127.708836,38.032768],[127.709117,38.032549],[127.709199,38.032491],[127.709364,38.032374],[127.709393,38.032354],[127.709429,38.032329],[127.709882,38.031153],[127.71012,38.030591],[127.710598,38.030271],[127.710784,38.029805],[127.710841,38.029675],[127.710946,38.029439],[127.711515,38.02829],[127.711637,38.027938],[127.711903,38.027217],[127.712172,38.026571],[127.712605,38.025821],[127.712791,38.025497],[127.713017,38.025103],[127.713376,38.024279],[127.713528,38.023932],[127.714122,38.024066],[127.714394,38.024127],[127.715501,38.024021],[127.715655,38.02426],[127.715921,38.02467],[127.715928,38.024682],[127.716531,38.02483],[127.716581,38.024803],[127.716624,38.024779],[127.71705,38.024546],[127.718131,38.024723],[127.71855,38.024643],[127.718626,38.024629],[127.718925,38.024572],[127.719664,38.024758],[127.720191,38.024687],[127.72073,38.024613],[127.720871,38.024639],[127.721427,38.024742],[127.721756,38.024803],[127.7222,38.024799],[127.722512,38.024796],[127.723259,38.024675],[127.723353,38.024725],[127.723771,38.024944],[127.723851,38.024986],[127.724047,38.024959],[127.724338,38.024919],[127.724517,38.024895],[127.724765,38.024952],[127.724798,38.02496],[127.725389,38.025096],[127.725387,38.02511],[127.725381,38.025139],[127.7253,38.02558],[127.72552,38.026033],[127.725573,38.026056],[127.726156,38.026319],[127.72616,38.026321],[127.726177,38.026419],[127.726267,38.026956],[127.726278,38.027018],[127.726419,38.027106],[127.726945,38.027434],[127.727052,38.0275],[127.727079,38.027661],[127.727178,38.028253],[127.727726,38.02868],[127.728179,38.029032],[127.728383,38.029192],[127.728506,38.029287],[127.72867,38.029814],[127.728673,38.029825],[127.72874,38.030302],[127.728738,38.030308],[127.728533,38.031126],[127.728708,38.031359],[127.728839,38.031533],[127.729125,38.031912],[127.729129,38.031917],[127.729107,38.031974],[127.729025,38.032194],[127.728922,38.032467],[127.729246,38.032806],[127.729822,38.032919],[127.731179,38.033118],[127.731478,38.033085],[127.732086,38.033019],[127.73219,38.03346],[127.732297,38.033917],[127.732542,38.034709],[127.732932,38.035344],[127.732765,38.035631],[127.732757,38.035644],[127.733482,38.035769],[127.733748,38.035814],[127.733914,38.036037],[127.733943,38.036076],[127.734152,38.036354],[127.734994,38.036775],[127.7353,38.037157],[127.735315,38.037175],[127.73534,38.037176],[127.7362,38.037198],[127.736889,38.037804],[127.737614,38.037876],[127.738025,38.038297],[127.738687,38.038227],[127.739647,38.037928],[127.740199,38.038079],[127.740891,38.037936],[127.741198,38.037912],[127.741691,38.037878],[127.74233,38.038108],[127.743266,38.037923],[127.743908,38.037669],[127.744733,38.037697],[127.74528,38.038016],[127.745349,38.03812],[127.745427,38.038236],[127.74561,38.038509],[127.745624,38.039104],[127.746352,38.039354],[127.746739,38.039548],[127.747248,38.039458],[127.747239,38.038975],[127.747627,38.03855],[127.747583,38.03825],[127.747561,38.038097],[127.747634,38.038063],[127.748037,38.037878],[127.748206,38.037444],[127.748238,38.037363],[127.748416,38.037304],[127.748527,38.037267],[127.748936,38.036938],[127.74889,38.036603],[127.749383,38.036385],[127.749858,38.036093],[127.749984,38.035868],[127.750222,38.035444],[127.750871,38.035586],[127.751423,38.035216],[127.752098,38.035037],[127.752857,38.035107],[127.753674,38.034749],[127.754305,38.034909],[127.754914,38.034667],[127.755378,38.03479],[127.755847,38.034735],[127.756265,38.034614],[127.756801,38.034544],[127.7574,38.03474],[127.757719,38.03458],[127.758295,38.034753],[127.758419,38.03442],[127.758452,38.034332],[127.759006,38.03424],[127.759162,38.03358],[127.759112,38.032943],[127.759605,38.032531],[127.759632,38.03186],[127.76048,38.030981],[127.760915,38.030581],[127.76092,38.03039],[127.760934,38.029851],[127.761957,38.029803],[127.761984,38.029787],[127.762456,38.029517],[127.762891,38.029595],[127.762981,38.029611],[127.763577,38.029472],[127.764278,38.029175],[127.764517,38.028785],[127.765009,38.028856],[127.765335,38.0287],[127.766056,38.028865],[127.766494,38.028674],[127.767426,38.028652],[127.767879,38.028316],[127.767996,38.028229],[127.768492,38.02812],[127.768804,38.028052],[127.769582,38.028237],[127.769996,38.027851],[127.770322,38.027465],[127.770283,38.027076],[127.770427,38.026685],[127.7705,38.026636],[127.770976,38.026321],[127.770925,38.025555],[127.771193,38.024796],[127.77178,38.024607],[127.771847,38.023943],[127.772395,38.023284],[127.77293,38.022786],[127.773008,38.022291],[127.773045,38.022058],[127.773686,38.021773],[127.773862,38.021246],[127.773958,38.020642],[127.77433,38.020351],[127.774365,38.020325],[127.774437,38.019832],[127.774458,38.019507],[127.774474,38.019263],[127.774405,38.018922],[127.775033,38.01864],[127.775168,38.01858],[127.775163,38.018118],[127.775159,38.017708],[127.77474,38.017333],[127.7747,38.016598],[127.774206,38.015966],[127.77361,38.015634],[127.773452,38.015241],[127.773344,38.014974],[127.773371,38.014312],[127.773404,38.014257],[127.773634,38.013878],[127.77382,38.013572],[127.773834,38.013576],[127.773843,38.013562],[127.773812,38.013531],[127.773473,38.013194],[127.773297,38.013019],[127.773304,38.012853],[127.773314,38.012603],[127.773269,38.012204],[127.773186,38.01211],[127.772874,38.011754],[127.773261,38.010926],[127.77332,38.010801],[127.772913,38.009695],[127.771602,38.009398],[127.770527,38.008774],[127.770387,38.008293],[127.770137,38.007988],[127.770062,38.007733],[127.769743,38.007699],[127.76958,38.007545],[127.769444,38.007043],[127.769209,38.00671],[127.767813,38.005889],[127.767694,38.004725],[127.766553,38.004646],[127.76664,38.004346],[127.765952,38.00322],[127.765983,38.001671],[127.76576,38.001122],[127.765742,38.001078],[127.765752,38.001053],[127.765829,38.000854],[127.76571,37.999742],[127.765585,37.999685],[127.764698,37.999279],[127.764426,37.999265],[127.764031,37.999062],[127.763085,37.998879],[127.762681,37.998489],[127.762476,37.998182],[127.762204,37.997776],[127.762165,37.997718],[127.762183,37.997646],[127.762337,37.997042],[127.762717,37.996784],[127.762656,37.996682],[127.762288,37.996283],[127.762237,37.996201],[127.761536,37.995079],[127.7611,37.994192],[127.760511,37.993545],[127.759704,37.990609],[127.759442,37.990473],[127.759445,37.990456],[127.759515,37.989946],[127.759546,37.988429],[127.760501,37.98757],[127.760494,37.987047],[127.760141,37.986816],[127.760127,37.986162],[127.759871,37.985417],[127.759932,37.985172],[127.759836,37.985036],[127.759838,37.984857],[127.759602,37.984646],[127.759569,37.983982],[127.759721,37.982267],[127.759688,37.980968],[127.759876,37.979764],[127.759644,37.979169],[127.758925,37.978986],[127.758151,37.978937],[127.757673,37.978388],[127.756444,37.97843],[127.756148,37.978367],[127.755561,37.978524],[127.754706,37.978387],[127.754468,37.978178],[127.754162,37.977908],[127.75393,37.977855],[127.753604,37.977781],[127.753463,37.977483],[127.75285,37.976988],[127.752399,37.976721],[127.752248,37.976599],[127.751927,37.976337],[127.751221,37.976322],[127.750018,37.976828],[127.74781,37.977286],[127.747423,37.977367],[127.746591,37.977992],[127.746465,37.978153],[127.746252,37.978424],[127.745474,37.978742],[127.745061,37.979029],[127.744465,37.979166],[127.743179,37.97908],[127.742474,37.978977],[127.741516,37.979043],[127.74105,37.979338],[127.740616,37.979831],[127.739598,37.980439],[127.737888,37.98023],[127.737551,37.980316],[127.737199,37.98062],[127.736788,37.980707],[127.736766,37.980707],[127.736074,37.980683],[127.735579,37.980725],[127.734157,37.980786],[127.733562,37.980962],[127.733235,37.980601],[127.733123,37.980504],[127.733001,37.980398],[127.732301,37.97925],[127.73191,37.979037],[127.731584,37.979079],[127.730884,37.978871],[127.730267,37.978671],[127.729637,37.978349],[127.729642,37.978068],[127.729678,37.977926],[127.729732,37.977716],[127.72951,37.977686],[127.729126,37.9776],[127.728902,37.977442],[127.728409,37.977228],[127.727835,37.976982],[127.727661,37.976908],[127.727423,37.976595],[127.727004,37.976048],[127.726862,37.975861],[127.726794,37.975772],[127.726611,37.975532],[127.726103,37.975105],[127.724585,37.975823],[127.723987,37.975655],[127.722804,37.975905],[127.721453,37.975649],[127.719552,37.97561],[127.719533,37.975615],[127.718615,37.975857],[127.718583,37.975865],[127.718163,37.975848],[127.71747,37.975821],[127.717408,37.975834],[127.7173,37.975859],[127.717104,37.975829],[127.716377,37.975718],[127.715887,37.975816],[127.715546,37.976007],[127.7147,37.976135],[127.713944,37.976398],[127.713209,37.976584],[127.712807,37.976767],[127.712799,37.97677],[127.712775,37.976762],[127.71129,37.97627],[127.710248,37.976018],[127.709845,37.975893],[127.709107,37.975663],[127.708994,37.975628],[127.707865,37.975264],[127.707159,37.974793],[127.706419,37.9743],[127.70457,37.972612],[127.704453,37.972575],[127.703807,37.972373],[127.703779,37.972364],[127.703759,37.972372],[127.703753,37.972374],[127.70332,37.97254],[127.703296,37.97254],[127.702918,37.972538],[127.702396,37.972288],[127.702221,37.972125],[127.702171,37.972079],[127.701637,37.972081],[127.700554,37.971901],[127.700523,37.971909],[127.69773,37.972566],[127.697389,37.972646],[127.697383,37.972644],[127.69672,37.972381],[127.696028,37.972107],[127.696003,37.972119],[127.695533,37.972341],[127.695462,37.972375],[127.695426,37.972379],[127.694192,37.972512],[127.693905,37.972311],[127.69387,37.97232],[127.693218,37.97248],[127.693215,37.972477],[127.692833,37.971972],[127.691953,37.971938],[127.691118,37.972049],[127.690074,37.971945],[127.689779,37.971915],[127.689768,37.971924],[127.689164,37.972376],[127.688108,37.972674],[127.687984,37.972709],[127.68698,37.97285],[127.686681,37.972951],[127.686344,37.973065],[127.686106,37.97362],[127.68526,37.97355],[127.685026,37.973697],[127.684468,37.974046],[127.683512,37.974066],[127.682793,37.974149],[127.682025,37.973926],[127.681115,37.973576],[127.680623,37.972957],[127.680101,37.972439],[127.679174,37.972186],[127.678774,37.971559],[127.678493,37.970816],[127.677796,37.970294],[127.677671,37.970165],[127.677651,37.970145],[127.677578,37.970083],[127.67751,37.970075],[127.6774,37.970071],[127.677042,37.970025],[127.676623,37.969472],[127.676453,37.969349],[127.675917,37.969322],[127.675533,37.969731],[127.675009,37.969739],[127.674938,37.96974],[127.674703,37.96975],[127.674607,37.969678],[127.674283,37.969433],[127.673922,37.969381],[127.67392,37.969364],[127.673643,37.969404],[127.673359,37.969455],[127.673282,37.969524],[127.672709,37.969685],[127.672518,37.969593],[127.672484,37.969436],[127.67215,37.969305],[127.671762,37.969232],[127.67126,37.969277],[127.670741,37.969323],[127.670724,37.969313],[127.670483,37.969182],[127.669836,37.968654],[127.669676,37.968644],[127.6692,37.96851],[127.668993,37.968487],[127.668242,37.968401],[127.668473,37.968736],[127.668487,37.968756],[127.669317,37.969964],[127.670924,37.970647],[127.67515,37.971981],[127.676093,37.972913],[127.676331,37.974968],[127.675871,37.97621],[127.675081,37.976852],[127.674398,37.977406],[127.672417,37.978454],[127.670741,37.97938],[127.668922,37.980132],[127.668154,37.980277],[127.667171,37.980463],[127.666578,37.980575],[127.665599,37.98076],[127.662852,37.981137],[127.660048,37.981523],[127.656383,37.982269],[127.655468,37.982455],[127.655275,37.982495],[127.653917,37.983092],[127.651739,37.984051],[127.649503,37.98543],[127.648832,37.985844],[127.647087,37.987554],[127.646716,37.988189],[127.646489,37.988576],[127.646339,37.990101],[127.645003,37.990366],[127.644997,37.990558],[127.644986,37.990767],[127.644744,37.990637],[127.644445,37.990476],[127.644383,37.990443],[127.64416,37.990378],[127.643977,37.990325],[127.64366,37.990133],[127.643215,37.990242],[127.641942,37.990689],[127.641875,37.990696],[127.641116,37.990769],[127.639289,37.990748],[127.637863,37.991097],[127.636484,37.991121],[127.635265,37.991496],[127.634389,37.991452],[127.633751,37.991589],[127.632704,37.991866],[127.63236,37.991792],[127.63122,37.991824],[127.630831,37.991897],[127.630572,37.991876],[127.630057,37.992155],[127.629854,37.991833],[127.629386,37.991091],[127.629171,37.990862],[127.628944,37.990779],[127.628715,37.990639],[127.628207,37.990326],[127.62809,37.98986],[127.62802,37.98958],[127.627624,37.98929],[127.626979,37.988819],[127.626959,37.988804],[127.627319,37.988099],[127.627057,37.987619],[127.627709,37.987263],[127.628283,37.986949],[127.628707,37.986512],[127.629367,37.986135],[127.629472,37.986],[127.630112,37.985717],[127.631201,37.984673],[127.632297,37.984305],[127.632844,37.983936],[127.633431,37.983546],[127.634192,37.983362],[127.634385,37.983315],[127.634633,37.98323],[127.635288,37.983006],[127.635615,37.982923],[127.636116,37.982795],[127.636137,37.982796],[127.636413,37.982813],[127.637018,37.98285],[127.637163,37.982798],[127.637694,37.982609],[127.638351,37.982189],[127.638441,37.982131],[127.638541,37.982067],[127.639406,37.981844],[127.639798,37.981563],[127.640283,37.981255],[127.641706,37.981058],[127.642397,37.980587],[127.642478,37.980506],[127.64249,37.980487],[127.6425,37.98047],[127.642451,37.980432],[127.642384,37.980374],[127.64227,37.980288],[127.642163,37.980174],[127.642109,37.980113],[127.642022,37.980032],[127.642116,37.980006],[127.642136,37.979996],[127.642198,37.97996],[127.642278,37.979933],[127.642429,37.979996],[127.642497,37.979928],[127.642638,37.979869],[127.642726,37.97981],[127.642785,37.979791],[127.642803,37.979774],[127.642841,37.979743],[127.642842,37.979713],[127.642858,37.979691],[127.642867,37.979681],[127.642869,37.979679],[127.642913,37.979646],[127.642966,37.979626],[127.642997,37.979608],[127.643173,37.979507],[127.643177,37.979505],[127.643065,37.979326],[127.642762,37.979041],[127.642365,37.978611],[127.642232,37.978472],[127.642162,37.978478],[127.641702,37.97815],[127.641376,37.9777],[127.640128,37.976725],[127.639979,37.976384],[127.638542,37.975377],[127.638007,37.974864],[127.637679,37.974905],[127.637345,37.974876],[127.635035,37.97468],[127.631882,37.974237],[127.628568,37.973597],[127.626782,37.973252],[127.625485,37.972866],[127.625314,37.972731],[127.623733,37.971806],[127.623579,37.971717],[127.623514,37.971702],[127.622254,37.971416],[127.620646,37.971419],[127.620616,37.971411],[127.620114,37.971287],[127.619577,37.971154],[127.618745,37.9712],[127.618544,37.971179],[127.617474,37.971079],[127.617338,37.971066],[127.61678,37.970746],[127.61603,37.969964],[127.61567,37.969869],[127.613478,37.969285],[127.612558,37.96904],[127.611591,37.968782],[127.611173,37.968054],[127.610056,37.967173],[127.609976,37.96721],[127.60987,37.967154],[127.609387,37.967006],[127.608341,37.966686],[127.607302,37.966268],[127.606654,37.965593],[127.606586,37.965523],[127.60587,37.965143],[127.60511,37.964739],[127.605088,37.964727],[127.60508,37.964481],[127.605074,37.964289],[127.605032,37.962207],[127.604544,37.961113],[127.604543,37.961097],[127.604543,37.961096],[127.604432,37.959287],[127.603512,37.958006],[127.603487,37.957972],[127.603487,37.957969],[127.603484,37.957965],[127.603206,37.956101],[127.603202,37.956074],[127.602877,37.955613],[127.602605,37.955226],[127.602463,37.955024],[127.602445,37.954999],[127.600784,37.955968],[127.600754,37.956014],[127.600582,37.956281],[127.600418,37.956537],[127.597366,37.957021],[127.59637,37.957109],[127.594785,37.957226],[127.593444,37.957536],[127.592382,37.958025],[127.592258,37.958082],[127.591806,37.958418],[127.591321,37.958777],[127.591226,37.958848],[127.591214,37.958859],[127.590434,37.95958],[127.590269,37.959732],[127.589814,37.959858],[127.588534,37.960214],[127.588442,37.960239],[127.58826,37.960325],[127.588057,37.960422],[127.585741,37.961522],[127.584723,37.961752],[127.583029,37.961499],[127.581695,37.961655],[127.580053,37.961298],[127.579342,37.961143],[127.577868,37.961401],[127.576575,37.962582],[127.576534,37.962982],[127.57545,37.963248],[127.575449,37.963249],[127.575126,37.963347],[127.57443,37.963699],[127.572123,37.963923],[127.571893,37.963945],[127.571331,37.964],[127.568108,37.963667],[127.567615,37.963568],[127.566813,37.963407],[127.565392,37.963273],[127.564979,37.963234],[127.564867,37.963223],[127.563896,37.963076],[127.561891,37.96277],[127.561127,37.962812],[127.55984,37.962883],[127.558718,37.963084],[127.558385,37.963145],[127.557017,37.963904],[127.556883,37.963978],[127.556583,37.964312],[127.556319,37.964606],[127.555573,37.96482],[127.555546,37.964828],[127.553368,37.965453],[127.550824,37.966073],[127.550663,37.966112],[127.550223,37.966158],[127.549073,37.966279],[127.548396,37.966351],[127.547705,37.966424],[127.547376,37.966458],[127.546238,37.967132],[127.545447,37.967601],[127.545225,37.967732],[127.54468,37.968719],[127.544647,37.968778],[127.544309,37.969389],[127.544301,37.969892],[127.544255,37.972665],[127.544245,37.974111],[127.544662,37.975704],[127.545069,37.975867],[127.546068,37.976266],[127.546165,37.976305],[127.546208,37.97639],[127.546826,37.97761],[127.547166,37.978281],[127.547109,37.978557],[127.546837,37.979887],[127.546647,37.980466],[127.545882,37.981577],[127.545988,37.982674],[127.546108,37.983908],[127.545976,37.984147],[127.545387,37.985211],[127.544616,37.986098],[127.544421,37.986764],[127.544304,37.987163],[127.544183,37.987577],[127.543849,37.988721],[127.543692,37.990595],[127.543643,37.991183],[127.543444,37.991711],[127.543284,37.992139],[127.54251,37.994202],[127.542475,37.994295],[127.541554,37.996477],[127.541246,37.997189],[127.540515,37.999658],[127.540438,37.999916],[127.540337,37.999894],[127.540219,37.999868],[127.539984,38.000348],[127.539877,38.000568],[127.539933,38.000644],[127.540315,38.001162],[127.540376,38.002],[127.540671,38.002349],[127.540705,38.002949],[127.541072,38.004],[127.541182,38.005112],[127.541327,38.005692],[127.541435,38.006128],[127.541742,38.007359],[127.541941,38.007868],[127.54208,38.008224],[127.54224,38.008693],[127.542439,38.009204],[127.542903,38.010148],[127.54291,38.010162],[127.543099,38.010857],[127.543204,38.011044],[127.543383,38.011362],[127.543558,38.011671],[127.543505,38.012894],[127.543477,38.013539],[127.543802,38.014755],[127.543896,38.015811],[127.543904,38.015901],[127.544207,38.016255],[127.544328,38.016866],[127.544349,38.0173],[127.544358,38.017506],[127.544362,38.017585],[127.544782,38.018421],[127.544864,38.018584],[127.544801,38.019155],[127.544792,38.019241],[127.544761,38.019527],[127.545616,38.01962],[127.546384,38.019672],[127.546977,38.019911],[127.547437,38.020096],[127.548432,38.020191],[127.549238,38.020113],[127.550705,38.019775],[127.552934,38.0198],[127.55379,38.019983],[127.555176,38.020579],[127.556361,38.020814],[127.557376,38.020772],[127.558827,38.020755],[127.559992,38.020771],[127.560969,38.021022],[127.561009,38.021032],[127.561761,38.021393],[127.562234,38.021491],[127.562619,38.02157],[127.563855,38.021991],[127.563879,38.022034],[127.564183,38.022567],[127.564378,38.02291],[127.564618,38.023525],[127.564981,38.024177],[127.564365,38.025181],[127.56433,38.025462],[127.564274,38.02591],[127.564395,38.026312],[127.564592,38.02656],[127.565173,38.027293],[127.565282,38.028438],[127.565385,38.029717],[127.565641,38.02992],[127.565668,38.029941],[127.566021,38.03022],[127.566057,38.030251],[127.56612,38.030304],[127.566357,38.030505],[127.56667,38.030771],[127.566949,38.031921],[127.567793,38.032305],[127.56994,38.032878],[127.570127,38.033156],[127.570438,38.033616],[127.570636,38.033942],[127.572306,38.034718],[127.572891,38.034984],[127.574062,38.035515],[127.574769,38.03651],[127.575602,38.037069],[127.57576,38.037407],[127.575892,38.037691],[127.575945,38.0378],[127.576015,38.037945],[127.576032,38.037979],[127.576356,38.038286],[127.576652,38.038566],[127.576654,38.038568],[127.577208,38.039092],[127.578439,38.039671],[127.578643,38.039767],[127.578642,38.039812],[127.578633,38.040132],[127.57862,38.040621],[127.578484,38.040912],[127.578482,38.040918],[127.578319,38.041741],[127.577813,38.04286],[127.577802,38.042884],[127.576406,38.044293],[127.57631,38.044365],[127.576083,38.044535],[127.575894,38.044695],[127.575605,38.045288],[127.575535,38.045431],[127.575353,38.045617],[127.574854,38.04613],[127.573976,38.047116],[127.573999,38.04736],[127.574001,38.047388],[127.574017,38.047557],[127.574155,38.048223],[127.574234,38.048605],[127.57433,38.049543],[127.574332,38.049559],[127.574263,38.049974],[127.574107,38.050911],[127.574306,38.051089],[127.574755,38.05149],[127.574796,38.05153],[127.575022,38.051757],[127.575063,38.051798],[127.575187,38.052015],[127.575248,38.052121],[127.575417,38.052416],[127.576027,38.052667],[127.576146,38.052717],[127.576467,38.052816],[127.576534,38.052836],[127.577095,38.053009],[127.577949,38.05337],[127.578025,38.053409],[127.578222,38.053511],[127.578628,38.053723],[127.57876,38.053843],[127.578901,38.053951],[127.579168,38.054154],[127.579577,38.054709],[127.579577,38.05474],[127.579573,38.055251],[127.579569,38.055768],[127.578945,38.056348],[127.578841,38.056485],[127.578616,38.056783],[127.578614,38.056783],[127.57792,38.056885],[127.577692,38.056918],[127.577686,38.056919],[127.5773,38.057265],[127.577136,38.057428],[127.576905,38.057659],[127.576969,38.05825],[127.577019,38.058377],[127.577128,38.058653],[127.577303,38.059094],[127.577145,38.059516],[127.577257,38.060098],[127.577273,38.060182],[127.577274,38.060185],[127.577078,38.06074],[127.576931,38.06157],[127.576537,38.061994],[127.576221,38.062267],[127.576077,38.062385],[127.575724,38.062675],[127.575673,38.062717],[127.575207,38.063098],[127.574735,38.063486],[127.574089,38.064018],[127.57339,38.064462],[127.573288,38.064527],[127.573275,38.064534],[127.572492,38.064932],[127.572247,38.06509],[127.571272,38.06572],[127.56976,38.066682],[127.569735,38.066698],[127.56971,38.066699],[127.568072,38.066762],[127.567172,38.066477],[127.566596,38.066442],[127.566415,38.066682],[127.56618,38.066995],[127.566085,38.067122],[127.565654,38.067712],[127.565525,38.06813],[127.565455,38.06836],[127.565422,38.068742],[127.56537,38.069349],[127.565363,38.069427],[127.565191,38.069702],[127.565049,38.069928],[127.564856,38.070391],[127.564614,38.07076],[127.564381,38.071096],[127.564172,38.071681],[127.56423,38.072474],[127.564235,38.072549],[127.564272,38.072724],[127.564428,38.073471],[127.564533,38.07404],[127.564336,38.074875],[127.564267,38.075165],[127.564448,38.075427],[127.564709,38.075805],[127.564956,38.076249],[127.565008,38.076342],[127.565044,38.076407],[127.565121,38.076547],[127.565143,38.076578],[127.565269,38.076755],[127.565497,38.077075],[127.566292,38.078025],[127.566329,38.07807],[127.566361,38.078108],[127.566336,38.078785],[127.566697,38.079289],[127.566521,38.080007],[127.566202,38.080531],[127.565632,38.081471],[127.565478,38.081724],[127.565349,38.082273],[127.56552,38.082809],[127.565525,38.082823],[127.565586,38.083013],[127.565939,38.083585],[127.566091,38.08383],[127.566107,38.083857],[127.566109,38.083859],[127.566948,38.083986],[127.568631,38.084239],[127.570751,38.08442],[127.570855,38.084473],[127.571574,38.084839],[127.572584,38.084937],[127.573495,38.085025],[127.573986,38.084973],[127.575582,38.084806],[127.576167,38.084444],[127.576341,38.084336],[127.576395,38.084317],[127.578573,38.083454],[127.580813,38.082417],[127.581149,38.082328],[127.582512,38.081969],[127.582551,38.081959],[127.583102,38.081192],[127.583179,38.081086],[127.584729,38.080879],[127.584743,38.080877],[127.585086,38.080623]]]]}},
{"type":"Feature","properties":{"BASE_DATE":"20250630","ADM_CD":"32010390","ADM_NM":"북산면"},"geometry":{"type":"MultiPolygon","coordinates":[[[[127.858366,38.050427],[127.859133,38.049978],[127.860783,38.049981],[127.862563,38.050153],[127.86272,38.050165],[127.864289,38.05028],[127.865644,38.050259],[127.866766,38.050249],[127.867246,38.050245],[127.867402,38.050126],[127.867733,38.049872],[127.868023,38.049649],[127.868599,38.049571],[127.869235,38.049341],[127.869651,38.04919],[127.870275,38.049238],[127.870584,38.049262],[127.871692,38.048744],[127.871741,38.048721],[127.871932,38.048631],[127.871977,38.04861],[127.872331,38.048446],[127.872744,38.048804],[127.872763,38.04882],[127.874341,38.04913],[127.874588,38.049177],[127.874649,38.049189],[127.87484,38.049225],[127.87544,38.04891],[127.876255,38.048482],[127.876692,38.048272],[127.877156,38.048049],[127.878004,38.047641],[127.878997,38.047344],[127.88021,38.047639],[127.881339,38.04782],[127.882451,38.047999],[127.882557,38.048015],[127.88266,38.048032],[127.88314,38.048262],[127.884682,38.049014],[127.886375,38.049447],[127.887275,38.04979],[127.888187,38.050137],[127.888274,38.050171],[127.888572,38.050164],[127.889894,38.050136],[127.890394,38.050125],[127.894778,38.051041],[127.895034,38.051094],[127.89524,38.051077],[127.897789,38.050864],[127.899465,38.049924],[127.901185,38.050399],[127.902669,38.050651],[127.902672,38.050597],[127.902766,38.04895],[127.903897,38.046471],[127.903956,38.046341],[127.904037,38.046165],[127.903643,38.044374],[127.903649,38.044036],[127.903659,38.043415],[127.903663,38.043306],[127.903713,38.041854],[127.903427,38.041524],[127.902632,38.040609],[127.902016,38.038705],[127.901861,38.038225],[127.901866,38.038222],[127.90241,38.037862],[127.902754,38.037634],[127.902754,38.037631],[127.90288,38.036696],[127.902858,38.036437],[127.902833,38.036148],[127.90275,38.035656],[127.902695,38.035329],[127.902545,38.034749],[127.904001,38.033383],[127.904042,38.033346],[127.903895,38.033129],[127.903813,38.033008],[127.903704,38.031987],[127.90387,38.031557],[127.903904,38.031469],[127.903999,38.031224],[127.904002,38.031189],[127.904027,38.030855],[127.904066,38.030331],[127.904571,38.029761],[127.90633,38.028423],[127.90648,38.028252],[127.906561,38.028161],[127.907485,38.027115],[127.907593,38.027046],[127.909838,38.025627],[127.909855,38.025586],[127.910205,38.024768],[127.910267,38.024623],[127.911381,38.024115],[127.912453,38.023688],[127.912632,38.023528],[127.91338,38.022861],[127.913546,38.022796],[127.91515,38.022171],[127.915891,38.022193],[127.916268,38.022204],[127.91647,38.022086],[127.916969,38.021793],[127.917016,38.021765],[127.917217,38.021648],[127.917774,38.02128],[127.91778,38.021277],[127.918252,38.021068],[127.918463,38.021069],[127.918829,38.021071],[127.919227,38.021074],[127.919408,38.02105],[127.919611,38.021023],[127.919939,38.020981],[127.92001,38.020952],[127.920438,38.020778],[127.920935,38.020489],[127.921058,38.020492],[127.921121,38.020488],[127.921177,38.020485],[127.921698,38.020271],[127.921957,38.020243],[127.922235,38.020106],[127.922441,38.020074],[127.922489,38.020069],[127.922811,38.020038],[127.922923,38.020046],[127.923226,38.020067],[127.923803,38.020299],[127.924047,38.020176],[127.9243,38.020049],[127.924418,38.019981],[127.924676,38.020015],[127.924794,38.020031],[127.924867,38.020008],[127.924914,38.020013],[127.924994,38.019983],[127.924997,38.019982],[127.925081,38.01995],[127.925154,38.019922],[127.925318,38.01986],[127.925333,38.019841],[127.925507,38.019614],[127.926,38.019265],[127.926269,38.019074],[127.926684,38.018916],[127.927074,38.018955],[127.92728,38.018976],[127.927319,38.01898],[127.927341,38.018982],[127.927581,38.019019],[127.92827,38.018993],[127.928284,38.018992],[127.928655,38.018978],[127.928818,38.018932],[127.928905,38.018908],[127.929196,38.018827],[127.92928,38.018689],[127.929361,38.018555],[127.929417,38.018463],[127.929571,38.018453],[127.929911,38.018432],[127.929984,38.018268],[127.930653,38.01802],[127.930999,38.017957],[127.931001,38.017956],[127.931367,38.017894],[127.931503,38.01777],[127.931965,38.017349],[127.932221,38.01725],[127.932272,38.017231],[127.932307,38.017195],[127.932613,38.01688],[127.932824,38.016663],[127.933599,38.01609],[127.93364,38.01606],[127.934254,38.015607],[127.934255,38.015606],[127.934486,38.015497],[127.934526,38.015126],[127.934356,38.014778],[127.934531,38.014217],[127.934466,38.013818],[127.93579,38.014059],[127.936522,38.014193],[127.936596,38.014194],[127.938034,38.014216],[127.938197,38.014219],[127.939414,38.014673],[127.940429,38.015051],[127.943332,38.016721],[127.944927,38.018375],[127.945006,38.018525],[127.945389,38.019257],[127.945506,38.01948],[127.945849,38.020153],[127.946053,38.020554],[127.946064,38.020575],[127.946555,38.021487],[127.947144,38.022579],[127.946868,38.025748],[127.946861,38.025837],[127.9465,38.028601],[127.946429,38.029142],[127.946463,38.029271],[127.94671,38.030196],[127.947012,38.031329],[127.947729,38.03258],[127.948612,38.034121],[127.949919,38.036191],[127.950846,38.037259],[127.951752,38.038201],[127.952441,38.038473],[127.952606,38.038538],[127.952638,38.03854],[127.955427,38.038682],[127.955905,38.038514],[127.957623,38.037834],[127.957787,38.037744],[127.96023,38.036395],[127.961019,38.035959],[127.963006,38.034862],[127.965112,38.032955],[127.966108,38.032053],[127.966275,38.031987],[127.967199,38.03162],[127.96902,38.030898],[127.972488,38.030549],[127.977784,38.029571],[127.981463,38.028376],[127.981498,38.028364],[127.982984,38.027882],[127.984035,38.027441],[127.984101,38.027413],[127.985431,38.026856],[127.985946,38.026371],[127.986858,38.025513],[127.987476,38.024202],[127.987509,38.024132],[127.987534,38.024077],[127.987552,38.024037],[127.987553,38.023948],[127.987554,38.023918],[127.987556,38.023692],[127.987566,38.022636],[127.98756,38.0226],[127.987441,38.021898],[127.987217,38.020589],[127.987157,38.020237],[127.98713,38.020098],[127.98583,38.017741],[127.984158,38.014838],[127.983974,38.014519],[127.983657,38.012237],[127.983821,38.010297],[127.98478,38.008264],[127.985689,38.007196],[127.988172,38.005018],[127.989381,38.003797],[127.9911,38.002655],[127.991838,38.002313],[127.992131,38.002178],[127.99294,38.001803],[127.993325,38.001625],[127.99343,38.001627],[127.994006,38.001642],[127.995792,38.001739],[127.996663,38.00214],[127.996674,38.002145],[127.997974,38.002734],[128.000647,38.005278],[128.003221,38.009042],[128.003286,38.009137],[128.004745,38.011552],[128.004942,38.011878],[128.005082,38.012149],[128.005533,38.013019],[128.005906,38.013738],[128.007735,38.015738],[128.009506,38.016939],[128.012957,38.019009],[128.014321,38.019317],[128.016633,38.019516],[128.01954,38.019515],[128.021431,38.019746],[128.023334,38.019793],[128.024942,38.019525],[128.026672,38.017797],[128.027648,38.016748],[128.027758,38.01663],[128.028259,38.016091],[128.02878,38.015359],[128.029545,38.014705],[128.029608,38.014651],[128.029607,38.01465],[128.02936,38.014424],[128.029325,38.014392],[128.029127,38.014211],[128.027792,38.013502],[128.02667,38.012916],[128.026437,38.012629],[128.026158,38.012215],[128.025706,38.011884],[128.025082,38.011705],[128.024417,38.011085],[128.024472,38.010868],[128.024597,38.010383],[128.024819,38.010062],[128.024942,38.009575],[128.024545,38.009026],[128.024226,38.008583],[128.023866,38.008401],[128.023741,38.008338],[128.022821,38.008221],[128.022628,38.007982],[128.021485,38.007755],[128.020199,38.007628],[128.019694,38.007411],[128.019588,38.007366],[128.019795,38.006698],[128.019967,38.006144],[128.019533,38.004054],[128.019104,38.001947],[128.01879,38.000604],[128.018782,38.00057],[128.018566,38.000346],[128.017858,37.999613],[128.016921,37.999074],[128.016443,37.998883],[128.016343,37.998843],[128.016417,37.998469],[128.016437,37.998366],[128.016481,37.99792],[128.016502,37.997697],[128.016372,37.997434],[128.01625,37.997344],[128.016187,37.997298],[128.016159,37.997277],[128.015872,37.997065],[128.0153,37.996641],[128.014256,37.996485],[128.014006,37.996448],[128.013428,37.996377],[128.010916,37.996452],[128.00926,37.996189],[128.008865,37.996126],[128.007521,37.996319],[128.006636,37.996446],[128.004991,37.995468],[128.004882,37.995403],[128.004513,37.995461],[128.003431,37.995633],[128.001235,37.993141],[128.000244,37.992275],[127.999765,37.991608],[127.999602,37.99138],[127.999464,37.991328],[127.998657,37.991022],[127.997805,37.990884],[127.997322,37.990504],[127.996493,37.990294],[127.995831,37.990502],[127.994787,37.990829],[127.993019,37.990806],[127.991565,37.991041],[127.990417,37.990461],[127.990146,37.990282],[127.988288,37.989058],[127.988051,37.988794],[127.987407,37.988946],[127.986215,37.989226],[127.985566,37.989384],[127.985452,37.989408],[127.983767,37.989095],[127.983623,37.989068],[127.983676,37.989016],[127.98386,37.98888],[127.984025,37.988757],[127.984068,37.988398],[127.984155,37.987665],[127.984165,37.986721],[127.984165,37.986714],[127.984158,37.98671],[127.984147,37.986706],[127.983734,37.986539],[127.982816,37.985558],[127.98259,37.985316],[127.98248,37.985258],[127.982302,37.985163],[127.981865,37.984465],[127.981793,37.9835],[127.982614,37.982533],[127.982875,37.981924],[127.982938,37.981778],[127.983685,37.980777],[127.983891,37.980653],[127.984597,37.980227],[127.984754,37.980039],[127.984674,37.979523],[127.984585,37.978959],[127.984283,37.977026],[127.984864,37.975304],[127.984502,37.974782],[127.983708,37.974304],[127.983171,37.973424],[127.98281,37.972864],[127.982788,37.97283],[127.982367,37.971986],[127.982453,37.97174],[127.982509,37.971581],[127.98266,37.971499],[127.983184,37.971215],[127.983406,37.971094],[127.984026,37.970405],[127.983984,37.969652],[127.983972,37.969435],[127.983914,37.968379],[127.984499,37.965995],[127.983553,37.965093],[127.983652,37.964781],[127.983972,37.963771],[127.98276,37.962874],[127.982582,37.962742],[127.981716,37.962163],[127.981715,37.962144],[127.981629,37.960639],[127.980817,37.959839],[127.980351,37.959595],[127.980269,37.959552],[127.980227,37.959398],[127.980004,37.958591],[127.978716,37.957992],[127.977512,37.957065],[127.980618,37.956025],[127.9814,37.955374],[127.982441,37.954509],[127.983697,37.953453],[127.985638,37.952548],[127.987285,37.951815],[127.987289,37.951768],[127.987323,37.951262],[127.987458,37.949239],[127.987495,37.948673],[127.988143,37.948111],[127.98877,37.946904],[127.989166,37.946133],[127.989641,37.945207],[127.990546,37.944929],[127.991033,37.94476],[127.991665,37.944478],[127.993735,37.943556],[127.993489,37.942636],[127.993478,37.942597],[127.993303,37.941941],[127.993353,37.941921],[127.99511,37.9412],[127.995287,37.939362],[127.994584,37.937961],[127.994802,37.936135],[127.99423,37.934766],[127.99315,37.933288],[127.993,37.932683],[127.992924,37.930903],[127.992577,37.930382],[127.992409,37.930145],[127.992085,37.929947],[127.992031,37.929915],[127.991594,37.929617],[127.991586,37.929612],[127.990777,37.928869],[127.990195,37.928148],[127.98921,37.926985],[127.987874,37.925766],[127.986775,37.924718],[127.985248,37.924201],[127.983634,37.923422],[127.984067,37.921437],[127.984046,37.919847],[127.984568,37.917053],[127.985051,37.916188],[127.984473,37.915405],[127.984477,37.913931],[127.984724,37.913613],[127.985377,37.913195],[127.985908,37.9127],[127.986329,37.912308],[127.985965,37.911823],[127.985028,37.91145],[127.983219,37.910874],[127.982247,37.910206],[127.981629,37.909712],[127.979643,37.908156],[127.97902,37.907149],[127.978553,37.906001],[127.977851,37.904995],[127.975935,37.904087],[127.974677,37.902917],[127.973353,37.901378],[127.971906,37.899988],[127.97105,37.898692],[127.970934,37.898159],[127.971374,37.897096],[127.971405,37.896089],[127.97114,37.894931],[127.970967,37.894421],[127.970151,37.893167],[127.970093,37.892956],[127.970014,37.892664],[127.970025,37.892648],[127.970122,37.892512],[127.970321,37.892231],[127.970446,37.892055],[127.970548,37.891704],[127.970694,37.891205],[127.970894,37.890521],[127.97123,37.890002],[127.971766,37.888877],[127.972016,37.888102],[127.971978,37.887594],[127.972371,37.887219],[127.9731,37.886993],[127.972558,37.884906],[127.972329,37.884718],[127.972523,37.884185],[127.972578,37.884016],[127.972586,37.883895],[127.972726,37.882844],[127.972775,37.882484],[127.972408,37.882462],[127.971051,37.881615],[127.969933,37.881015],[127.968245,37.880337],[127.967634,37.880351],[127.967511,37.880299],[127.967495,37.880283],[127.967357,37.879882],[127.967307,37.879782],[127.967229,37.879629],[127.966455,37.879093],[127.9664,37.879026],[127.96639,37.879014],[127.96621,37.878658],[127.965778,37.877802],[127.964936,37.877525],[127.964569,37.877516],[127.964379,37.87721],[127.964348,37.877179],[127.963647,37.876808],[127.963087,37.876406],[127.962926,37.876347],[127.962081,37.876021],[127.959646,37.875065],[127.959552,37.875002],[127.959492,37.874958],[127.959211,37.874524],[127.95919,37.874508],[127.959147,37.874472],[127.958627,37.874304],[127.958486,37.874258],[127.958293,37.874178],[127.957537,37.873781],[127.957533,37.873777],[127.957523,37.873694],[127.957695,37.873113],[127.957191,37.872765],[127.957118,37.872726],[127.956997,37.872659],[127.95686,37.872607],[127.956784,37.872499],[127.956469,37.871415],[127.956468,37.871413],[127.956444,37.871357],[127.956443,37.871355],[127.956427,37.871356],[127.956418,37.871356],[127.955138,37.871422],[127.953792,37.871491],[127.949759,37.871305],[127.948917,37.871432],[127.948721,37.871462],[127.948276,37.871613],[127.946806,37.87211],[127.946138,37.873468],[127.946136,37.873481],[127.945841,37.875585],[127.945783,37.875998],[127.945756,37.876188],[127.945719,37.876209],[127.944102,37.877149],[127.944051,37.877178],[127.941945,37.877969],[127.941102,37.878731],[127.939369,37.878611],[127.937268,37.878938],[127.936163,37.87968],[127.933554,37.879024],[127.931778,37.878857],[127.930457,37.878812],[127.930361,37.878809],[127.928207,37.88044],[127.926433,37.882166],[127.925945,37.884201],[127.92644,37.885562],[127.92648,37.885671],[127.924949,37.886884],[127.923187,37.887905],[127.922902,37.888023],[127.922728,37.888095],[127.919955,37.888517],[127.919519,37.888751],[127.918705,37.889188],[127.915981,37.889587],[127.915671,37.889637],[127.913227,37.890034],[127.911305,37.890502],[127.909086,37.891991],[127.908967,37.892052],[127.906364,37.893393],[127.90511,37.893819],[127.904422,37.894053],[127.903272,37.896729],[127.903123,37.899535],[127.902337,37.901684],[127.901272,37.903227],[127.901175,37.903592],[127.900785,37.905068],[127.900338,37.905559],[127.899911,37.906028],[127.900682,37.907021],[127.901248,37.909182],[127.900991,37.909914],[127.900707,37.910281],[127.900848,37.910676],[127.901403,37.912234],[127.901402,37.912465],[127.899341,37.912985],[127.898441,37.913205],[127.898211,37.913348],[127.8977,37.913665],[127.897544,37.913756],[127.897251,37.914071],[127.897101,37.91423],[127.897007,37.914254],[127.896673,37.914337],[127.896232,37.914447],[127.895576,37.914611],[127.894948,37.915072],[127.894431,37.915453],[127.893832,37.915511],[127.892936,37.915457],[127.892747,37.915446],[127.891838,37.91683],[127.891551,37.917266],[127.89154,37.917282],[127.891476,37.917324],[127.889908,37.91834],[127.889768,37.918431],[127.888236,37.918676],[127.888108,37.918696],[127.887781,37.918771],[127.887581,37.920046],[127.887341,37.921579],[127.887269,37.921859],[127.886896,37.923877],[127.887575,37.924368],[127.88538,37.925373],[127.883626,37.929743],[127.883398,37.930364],[127.882937,37.931763],[127.882384,37.933445],[127.879923,37.93522],[127.879822,37.935419],[127.878471,37.936021],[127.877403,37.936316],[127.873848,37.936977],[127.868726,37.937519],[127.868329,37.937554],[127.866377,37.937727],[127.865734,37.937783],[127.861836,37.938504],[127.859537,37.939083],[127.859283,37.939171],[127.857009,37.939952],[127.855514,37.940299],[127.85303,37.94012],[127.851761,37.940028],[127.848572,37.939962],[127.848496,37.939961],[127.845741,37.939187],[127.843274,37.937803],[127.841903,37.936819],[127.840405,37.935743],[127.837035,37.934297],[127.835128,37.933472],[127.834027,37.933515],[127.832692,37.933877],[127.830463,37.93633],[127.829907,37.936631],[127.829216,37.937733],[127.828824,37.938081],[127.827992,37.939482],[127.827502,37.940271],[127.82558,37.942806],[127.823532,37.944596],[127.821511,37.945898],[127.819681,37.946645],[127.818262,37.946969],[127.817384,37.947146],[127.817334,37.947215],[127.816885,37.94784],[127.816258,37.948272],[127.8153,37.948782],[127.815291,37.948787],[127.815427,37.948927],[127.815446,37.948947],[127.81546,37.948962],[127.815278,37.949019],[127.81527,37.949003],[127.815255,37.948972],[127.815228,37.94898],[127.815052,37.949026],[127.815037,37.948996],[127.815029,37.948978],[127.814985,37.948883],[127.814722,37.948914],[127.814372,37.94896],[127.811101,37.950491],[127.809977,37.951367],[127.80964,37.951508],[127.808314,37.952686],[127.808126,37.953126],[127.807871,37.953968],[127.807851,37.954033],[127.807684,37.954084],[127.806902,37.95432],[127.806194,37.954919],[127.805005,37.955523],[127.804787,37.955871],[127.804606,37.956162],[127.803949,37.956389],[127.802675,37.956828],[127.802082,37.957249],[127.801809,37.957442],[127.800769,37.957971],[127.799791,37.957969],[127.799051,37.95825],[127.798594,37.958245],[127.798354,37.958243],[127.797099,37.95847],[127.795432,37.958997],[127.795284,37.959044],[127.794873,37.960374],[127.794611,37.961706],[127.794283,37.962763],[127.79423,37.965115],[127.795194,37.966816],[127.795537,37.968051],[127.795487,37.970023],[127.795031,37.971226],[127.794682,37.972095],[127.794522,37.97245],[127.793844,37.973682],[127.792442,37.975019],[127.792454,37.97723],[127.79279,37.978434],[127.792831,37.980276],[127.792643,37.98242],[127.793952,37.984567],[127.793964,37.984586],[127.793954,37.984596],[127.792563,37.986278],[127.792477,37.986382],[127.792456,37.989889],[127.792934,37.991968],[127.79317,37.992787],[127.793296,37.993224],[127.793304,37.993239],[127.794619,37.995665],[127.794641,37.995706],[127.794642,37.995706],[127.796371,37.996807],[127.797712,37.997324],[127.798684,37.997771],[127.799123,37.997984],[127.799548,37.998191],[127.802054,37.999662],[127.803007,38.000383],[127.803166,38.000502],[127.803177,38.000503],[127.804069,38.000554],[127.80482,38.000597],[127.805814,38.00056],[127.806304,38.000542],[127.806528,38.000567],[127.808109,38.000738],[127.808553,38.001107],[127.809047,38.001517],[127.809195,38.001617],[127.811633,38.003249],[127.813235,38.003667],[127.815622,38.003668],[127.81565,38.003668],[127.815683,38.003665],[127.816668,38.003576],[127.816915,38.003554],[127.817085,38.00357],[127.818058,38.003665],[127.820312,38.003885],[127.821348,38.003527],[127.822458,38.00295],[127.822511,38.002912],[127.824956,38.001154],[127.825126,38.001116],[127.825407,38.001053],[127.825704,38.001031],[127.826216,38.000993],[127.826989,38.00081],[127.82702,38.000803],[127.8271,38.000783],[127.827159,38.001634],[127.827911,38.002536],[127.827938,38.002569],[127.827975,38.002614],[127.82847,38.002908],[127.828957,38.003198],[127.828522,38.005866],[127.830375,38.008378],[127.831995,38.008617],[127.833538,38.0088],[127.83357,38.008804],[127.833757,38.008902],[127.834512,38.009299],[127.835127,38.009622],[127.835508,38.009894],[127.837054,38.011003],[127.837056,38.011004],[127.837089,38.01106],[127.837746,38.012168],[127.839809,38.013825],[127.839962,38.013853],[127.841924,38.014211],[127.844096,38.014403],[127.844234,38.014416],[127.846401,38.014142],[127.847401,38.014316],[127.848228,38.015245],[127.848302,38.015311],[127.849176,38.016102],[127.849848,38.016708],[127.85042,38.016771],[127.850954,38.016829],[127.851557,38.016895],[127.85223,38.016969],[127.852443,38.017032],[127.854248,38.017535],[127.855861,38.017985],[127.856958,38.018267],[127.857539,38.018416],[127.857566,38.018423],[127.857608,38.018454],[127.857984,38.018736],[127.8581,38.018823],[127.857998,38.018965],[127.857823,38.01921],[127.855009,38.023132],[127.854806,38.023635],[127.854151,38.025261],[127.854154,38.026407],[127.854201,38.026478],[127.855352,38.028252],[127.855594,38.028623],[127.855525,38.028655],[127.850815,38.030849],[127.850815,38.030857],[127.850818,38.031104],[127.850819,38.031228],[127.850822,38.031373],[127.850826,38.031698],[127.850818,38.031718],[127.850489,38.032607],[127.849678,38.033477],[127.84972,38.034376],[127.849408,38.035227],[127.849388,38.035283],[127.849382,38.035309],[127.849355,38.03542],[127.84928,38.035726],[127.849186,38.036264],[127.849397,38.036618],[127.849657,38.037055],[127.849867,38.037401],[127.850099,38.037783],[127.849984,38.038817],[127.849973,38.039375],[127.849967,38.03966],[127.849966,38.039707],[127.849961,38.039956],[127.849961,38.039964],[127.849966,38.039971],[127.850472,38.040653],[127.850737,38.040967],[127.851753,38.042172],[127.851285,38.042501],[127.851226,38.042541],[127.851223,38.042544],[127.851179,38.042844],[127.851156,38.043141],[127.851227,38.043406],[127.851677,38.043774],[127.851616,38.044128],[127.851387,38.045238],[127.851238,38.045486],[127.851201,38.045546],[127.851221,38.045592],[127.851263,38.045688],[127.851437,38.046087],[127.851466,38.046153],[127.851898,38.046405],[127.851908,38.046438],[127.851944,38.046569],[127.851978,38.04669],[127.852671,38.04796],[127.85305,38.048304],[127.853051,38.048309],[127.853116,38.048703],[127.853414,38.050518],[127.853428,38.050532],[127.854838,38.051978],[127.854962,38.052106],[127.855155,38.052304],[127.85516,38.052309],[127.855286,38.052235],[127.858366,38.050427]]]]}},
{"type":"Feature","properties":{"BASE_DATE":"20250630","ADM_CD":"32010520","ADM_NM":"교동"},"geometry":{"type":"MultiPolygon","coordinates":[[[[127.739602,37.8866],[127.739669,37.886436],[127.739726,37.886201],[127.739731,37.886156],[127.739748,37.885989],[127.739743,37.885704],[127.739729,37.885536],[127.739722,37.885445],[127.739713,37.885327],[127.739703,37.885203],[127.739709,37.885163],[127.739716,37.885147],[127.739896,37.8852],[127.740061,37.885207],[127.740061,37.885161],[127.740063,37.88498],[127.740064,37.884959],[127.740064,37.884916],[127.740066,37.88475],[127.740067,37.884716],[127.740069,37.88455],[127.740069,37.884531],[127.740071,37.884385],[127.740071,37.884362],[127.740985,37.884353],[127.740986,37.884342],[127.740957,37.884313],[127.740913,37.884309],[127.740856,37.883972],[127.740787,37.883655],[127.740785,37.883644],[127.740431,37.883614],[127.740354,37.883608],[127.740355,37.8836],[127.740356,37.883594],[127.740389,37.883312],[127.740391,37.883297],[127.740395,37.88326],[127.740397,37.883156],[127.740398,37.883115],[127.740362,37.883103],[127.740359,37.883103],[127.740369,37.882979],[127.740385,37.882971],[127.740386,37.882971],[127.740387,37.88297],[127.740416,37.882923],[127.740504,37.882781],[127.74052,37.882764],[127.740531,37.882754],[127.740571,37.882712],[127.740573,37.882594],[127.740574,37.882592],[127.740593,37.882499],[127.740595,37.882489],[127.740634,37.882421],[127.740649,37.882395],[127.740652,37.88239],[127.74066,37.882374],[127.740786,37.882393],[127.740843,37.882406],[127.740845,37.8824],[127.740888,37.88226],[127.740892,37.882235],[127.740923,37.882064],[127.740917,37.882058],[127.740907,37.882048],[127.740897,37.882038],[127.740898,37.882037],[127.74096,37.881816],[127.740966,37.881794],[127.740949,37.881792],[127.7408,37.881777],[127.740638,37.881748],[127.74064,37.881702],[127.740687,37.881552],[127.740686,37.881551],[127.74068,37.881548],[127.740681,37.881545],[127.740691,37.881509],[127.740442,37.881459],[127.740426,37.881456],[127.740429,37.881448],[127.740575,37.880989],[127.740719,37.88054],[127.740723,37.880526],[127.740217,37.880428],[127.740171,37.880419],[127.740083,37.880401],[127.739574,37.880305],[127.739554,37.880301],[127.739538,37.880198],[127.739527,37.880191],[127.739489,37.880166],[127.739494,37.880059],[127.739504,37.879928],[127.739506,37.879907],[127.739523,37.879736],[127.739532,37.879635],[127.739536,37.879627],[127.73953,37.879621],[127.739379,37.879481],[127.739389,37.879474],[127.739314,37.879429],[127.739168,37.879309],[127.739096,37.879251],[127.739054,37.879216],[127.739009,37.879179],[127.738973,37.879126],[127.738947,37.879088],[127.738929,37.879053],[127.738954,37.879023],[127.738942,37.878994],[127.738879,37.878893],[127.738877,37.878876],[127.738875,37.878855],[127.73882,37.878844],[127.738786,37.878835],[127.738734,37.878821],[127.738682,37.878807],[127.738652,37.878799],[127.738499,37.878759],[127.738302,37.878706],[127.738281,37.8787],[127.738195,37.878678],[127.738081,37.878647],[127.737958,37.878614],[127.737792,37.87857],[127.737648,37.878532],[127.737624,37.87852],[127.73762,37.878518],[127.737593,37.878505],[127.737489,37.878454],[127.737456,37.878438],[127.737405,37.878415],[127.737322,37.878376],[127.737224,37.87833],[127.737193,37.878314],[127.737126,37.87828],[127.736929,37.878199],[127.736895,37.878181],[127.73686,37.878154],[127.736855,37.87815],[127.736846,37.878143],[127.736831,37.878132],[127.736756,37.878074],[127.736664,37.878007],[127.736583,37.877936],[127.736573,37.877945],[127.736553,37.877964],[127.736504,37.877926],[127.736486,37.877915],[127.73646,37.877893],[127.73636,37.877814],[127.735804,37.877602],[127.735704,37.877603],[127.735641,37.877603],[127.73561,37.87764],[127.735552,37.877709],[127.735509,37.877761],[127.735493,37.87778],[127.735488,37.877932],[127.735487,37.877954],[127.735485,37.877997],[127.735469,37.878027],[127.735425,37.878108],[127.735398,37.878132],[127.735389,37.878141],[127.735366,37.878161],[127.73536,37.87817],[127.735285,37.878256],[127.735277,37.878265],[127.735274,37.878268],[127.735178,37.878351],[127.735126,37.87843],[127.735117,37.878428],[127.735113,37.878427],[127.735039,37.878565],[127.734932,37.878678],[127.734908,37.878703],[127.734887,37.878726],[127.734818,37.878771],[127.734815,37.878774],[127.734803,37.878781],[127.734648,37.878784],[127.734638,37.878796],[127.73463,37.878805],[127.734619,37.878818],[127.734524,37.878852],[127.734499,37.878862],[127.734321,37.878925],[127.73415,37.878987],[127.734095,37.879007],[127.733978,37.879049],[127.733916,37.879071],[127.733747,37.879132],[127.73371,37.879177],[127.733672,37.879222],[127.733603,37.879305],[127.733567,37.879349],[127.733549,37.87934],[127.733503,37.879315],[127.733501,37.879314],[127.733476,37.879301],[127.733358,37.879406],[127.732995,37.87977],[127.73292,37.879812],[127.732859,37.879917],[127.732847,37.879941],[127.732847,37.879952],[127.732848,37.879966],[127.73284,37.879983],[127.73278,37.880124],[127.732753,37.880314],[127.732748,37.880353],[127.732753,37.880507],[127.732691,37.880722],[127.732689,37.880839],[127.732694,37.880845],[127.732692,37.88085],[127.732688,37.88086],[127.732688,37.88086],[127.732749,37.880955],[127.732857,37.88094],[127.73287,37.881024],[127.73288,37.881023],[127.732886,37.881023],[127.732887,37.881024],[127.732889,37.881025],[127.732899,37.881033],[127.732922,37.881038],[127.732925,37.881042],[127.732932,37.881049],[127.732931,37.881078],[127.73293,37.881107],[127.732928,37.881114],[127.732907,37.881196],[127.732806,37.881202],[127.732783,37.881202],[127.732781,37.881202],[127.732781,37.881219],[127.732781,37.881241],[127.732812,37.881286],[127.732835,37.88132],[127.732851,37.881332],[127.732862,37.881339],[127.732882,37.881354],[127.732909,37.881417],[127.732922,37.881447],[127.732946,37.881501],[127.732841,37.881532],[127.732813,37.881539],[127.732813,37.881541],[127.73281,37.881552],[127.732771,37.881611],[127.732749,37.881645],[127.732678,37.881666],[127.732169,37.881805],[127.732148,37.881849],[127.732152,37.881869],[127.732153,37.881872],[127.732164,37.881897],[127.732312,37.882206],[127.73258,37.882603],[127.732604,37.882632],[127.732631,37.882657],[127.732666,37.882683],[127.732685,37.882693],[127.732763,37.882713],[127.732812,37.882716],[127.732885,37.88272],[127.733025,37.882712],[127.733073,37.88272],[127.733095,37.882754],[127.733157,37.88285],[127.733164,37.882861],[127.733172,37.882873],[127.733187,37.882947],[127.733191,37.882967],[127.733202,37.883021],[127.733207,37.883047],[127.733242,37.883229],[127.733257,37.883305],[127.73326,37.883322],[127.733262,37.88333],[127.733269,37.883366],[127.733278,37.883417],[127.733292,37.883486],[127.733451,37.883683],[127.73345,37.883689],[127.733449,37.883881],[127.733448,37.883991],[127.733448,37.883991],[127.733413,37.883991],[127.733363,37.883992],[127.733378,37.884075],[127.733411,37.884164],[127.733413,37.88417],[127.733451,37.884162],[127.733475,37.884153],[127.733475,37.884154],[127.733492,37.884224],[127.733506,37.884265],[127.733637,37.88465],[127.733638,37.884654],[127.733655,37.884689],[127.73366,37.8847],[127.733664,37.884705],[127.733692,37.884738],[127.733693,37.884739],[127.733738,37.884748],[127.733745,37.884766],[127.733746,37.884767],[127.733754,37.884784],[127.733781,37.884784],[127.733873,37.884781],[127.733929,37.884769],[127.734003,37.884785],[127.734044,37.884809],[127.734042,37.88483],[127.734028,37.884981],[127.734006,37.885258],[127.734018,37.885259],[127.734214,37.88527],[127.734231,37.885271],[127.734298,37.885275],[127.734305,37.885455],[127.734305,37.885458],[127.734534,37.885457],[127.734612,37.885466],[127.734673,37.885473],[127.734698,37.885475],[127.734701,37.885478],[127.734726,37.885501],[127.73479,37.8856],[127.734943,37.885835],[127.734973,37.885882],[127.735058,37.886055],[127.735255,37.886175],[127.735415,37.886242],[127.735555,37.886374],[127.735723,37.886658],[127.735819,37.886721],[127.736203,37.886712],[127.736412,37.886826],[127.736723,37.886521],[127.737521,37.886859],[127.737682,37.886914],[127.737998,37.887022],[127.738308,37.887083],[127.738638,37.887086],[127.738981,37.88705],[127.739044,37.887033],[127.739236,37.886982],[127.73931,37.886925],[127.739464,37.886807],[127.739495,37.886773],[127.739513,37.886753],[127.739526,37.886741],[127.739542,37.886725],[127.739602,37.8866]]]]}},
{"type":"Feature","properties":{"BASE_DATE":"20250630","ADM_CD":"32010530","ADM_NM":"조운동"},"geometry":{"type":"MultiPolygon","coordinates":[[[[127.732781,37.881219],[127.732781,37.881202],[127.732783,37.881202],[127.732806,37.881202],[127.732907,37.881196],[127.732928,37.881114],[127.73293,37.881107],[127.732931,37.881078],[127.732932,37.881049],[127.732925,37.881042],[127.732922,37.881038],[127.732899,37.881033],[127.732889,37.881025],[127.732887,37.881024],[127.732886,37.881023],[127.73288,37.881023],[127.73287,37.881024],[127.732857,37.88094],[127.732749,37.880955],[127.732688,37.88086],[127.732688,37.88086],[127.732692,37.88085],[127.732694,37.880845],[127.732689,37.880839],[127.732691,37.880722],[127.732753,37.880507],[127.732748,37.880353],[127.732753,37.880314],[127.73278,37.880124],[127.73284,37.879983],[127.732848,37.879966],[127.732847,37.879952],[127.732847,37.879941],[127.732859,37.879917],[127.73292,37.879812],[127.732995,37.87977],[127.733358,37.879406],[127.733476,37.879301],[127.733501,37.879314],[127.733503,37.879315],[127.733549,37.87934],[127.733567,37.879349],[127.733603,37.879305],[127.733672,37.879222],[127.73371,37.879177],[127.733747,37.879132],[127.733916,37.879071],[127.733978,37.879049],[127.734095,37.879007],[127.73415,37.878987],[127.734321,37.878925],[127.734499,37.878862],[127.734524,37.878852],[127.734619,37.878818],[127.73463,37.878805],[127.734638,37.878796],[127.734648,37.878784],[127.734803,37.878781],[127.734815,37.878774],[127.734818,37.878771],[127.734887,37.878726],[127.734908,37.878703],[127.734932,37.878678],[127.735039,37.878565],[127.735113,37.878427],[127.735117,37.878428],[127.735126,37.87843],[127.735178,37.878351],[127.735274,37.878268],[127.735277,37.878265],[127.735285,37.878256],[127.73536,37.87817],[127.735366,37.878161],[127.735389,37.878141],[127.735398,37.878132],[127.735425,37.878108],[127.735469,37.878027],[127.735485,37.877997],[127.735487,37.877954],[127.735488,37.877932],[127.735493,37.87778],[127.735509,37.877761],[127.735552,37.877709],[127.73561,37.87764],[127.735641,37.877603],[127.735704,37.877603],[127.735648,37.877573],[127.735237,37.877358],[127.735193,37.877334],[127.735183,37.877328],[127.735194,37.877315],[127.735551,37.876884],[127.735773,37.876626],[127.735775,37.876624],[127.735719,37.876619],[127.734814,37.87654],[127.734791,37.876538],[127.73479,37.876538],[127.733837,37.87645],[127.73382,37.876448],[127.73382,37.876446],[127.733833,37.876339],[127.733849,37.87623],[127.733892,37.875917],[127.733912,37.875779],[127.733913,37.875746],[127.733907,37.87572],[127.733895,37.875697],[127.733865,37.875653],[127.733774,37.875554],[127.733467,37.875218],[127.73341,37.875157],[127.733399,37.875145],[127.733374,37.875159],[127.733307,37.875085],[127.733074,37.87484],[127.73279,37.874541],[127.732742,37.874491],[127.732694,37.874463],[127.732646,37.874441],[127.732603,37.874424],[127.732568,37.874416],[127.732516,37.874407],[127.732434,37.874398],[127.732198,37.874374],[127.7318,37.87434],[127.731723,37.874333],[127.731692,37.874331],[127.731654,37.874337],[127.73163,37.87434],[127.731578,37.874351],[127.731443,37.874389],[127.731394,37.874405],[127.73135,37.874425],[127.731283,37.874459],[127.731261,37.87447],[127.730569,37.874819],[127.730205,37.875003],[127.730144,37.875022],[127.730086,37.875035],[127.73002,37.875044],[127.729985,37.875043],[127.72994,37.87504],[127.729886,37.875023],[127.729758,37.874956],[127.729556,37.874815],[127.729239,37.874572],[127.729111,37.874607],[127.728942,37.874652],[127.728968,37.874672],[127.729022,37.874714],[127.729041,37.874727],[127.729159,37.87481],[127.729165,37.874814],[127.729411,37.874987],[127.730481,37.875736],[127.730547,37.875784],[127.730604,37.875826],[127.730622,37.875838],[127.730495,37.875977],[127.730475,37.875998],[127.730393,37.876089],[127.73037,37.876113],[127.730294,37.876196],[127.730287,37.876204],[127.730204,37.876295],[127.730184,37.876317],[127.730163,37.87634],[127.730083,37.876433],[127.730067,37.876452],[127.73007,37.876454],[127.730231,37.876542],[127.730255,37.87655],[127.730256,37.876551],[127.73017,37.876647],[127.730173,37.876658],[127.730174,37.876659],[127.730173,37.87666],[127.73016,37.876676],[127.730113,37.876732],[127.730108,37.876733],[127.730102,37.876734],[127.73009,37.876736],[127.730018,37.876803],[127.730007,37.876806],[127.729995,37.876808],[127.729969,37.876841],[127.729971,37.876843],[127.729973,37.876847],[127.729987,37.876865],[127.729951,37.876907],[127.729957,37.87691],[127.729967,37.876914],[127.729952,37.87693],[127.729951,37.876932],[127.729921,37.876964],[127.729859,37.877031],[127.72967,37.877224],[127.729524,37.877374],[127.729494,37.877405],[127.729485,37.877414],[127.729425,37.877476],[127.729451,37.877497],[127.729458,37.877504],[127.729426,37.87753],[127.72942,37.877536],[127.72939,37.877511],[127.729377,37.877525],[127.729368,37.87754],[127.729366,37.877543],[127.729363,37.877548],[127.729409,37.8776],[127.729419,37.877608],[127.729422,37.877611],[127.729389,37.87764],[127.729351,37.877673],[127.729337,37.877721],[127.729274,37.877848],[127.729229,37.877933],[127.729232,37.877941],[127.729229,37.877945],[127.729199,37.877977],[127.729137,37.87806],[127.729091,37.878119],[127.72903,37.878129],[127.728989,37.878119],[127.728913,37.878089],[127.728879,37.87807],[127.728872,37.878065],[127.728855,37.878079],[127.728851,37.878082],[127.728813,37.878113],[127.728671,37.878226],[127.728665,37.878232],[127.728588,37.878294],[127.728577,37.878302],[127.728481,37.878369],[127.728472,37.878371],[127.728364,37.878402],[127.728209,37.87844],[127.728205,37.878427],[127.728201,37.878407],[127.728131,37.878418],[127.728051,37.878439],[127.727986,37.878452],[127.72794,37.878469],[127.727901,37.878483],[127.727883,37.878488],[127.72787,37.878496],[127.727823,37.878507],[127.727821,37.878507],[127.727711,37.878531],[127.727706,37.87852],[127.72759,37.878541],[127.727536,37.878551],[127.727197,37.878659],[127.72697,37.878787],[127.726957,37.878777],[127.72674,37.878951],[127.726731,37.878958],[127.72674,37.878965],[127.727588,37.879641],[127.728137,37.880079],[127.727783,37.880499],[127.727812,37.880496],[127.728035,37.880473],[127.728046,37.880472],[127.728048,37.880477],[127.728049,37.88048],[127.72808,37.880475],[127.728086,37.880474],[127.728086,37.880472],[127.728085,37.880468],[127.728096,37.880467],[127.728263,37.880449],[127.728694,37.880404],[127.728719,37.880402],[127.728759,37.880398],[127.729065,37.880365],[127.729477,37.880322],[127.729711,37.880438],[127.729719,37.880427],[127.729722,37.880421],[127.729985,37.880547],[127.730059,37.880581],[127.730074,37.880589],[127.730093,37.880594],[127.73019,37.880625],[127.730191,37.880625],[127.730186,37.88063],[127.730191,37.880632],[127.730242,37.88066],[127.730721,37.880929],[127.730795,37.880983],[127.731044,37.881171],[127.731068,37.881191],[127.731077,37.8812],[127.731061,37.881249],[127.731053,37.881273],[127.731248,37.881414],[127.731339,37.881449],[127.731465,37.881498],[127.731554,37.881595],[127.731591,37.881635],[127.731715,37.881769],[127.731727,37.881783],[127.731727,37.881783],[127.731819,37.881802],[127.731829,37.881804],[127.732079,37.881854],[127.732133,37.881865],[127.732152,37.881869],[127.732148,37.881849],[127.732169,37.881805],[127.732678,37.881666],[127.732749,37.881645],[127.732771,37.881611],[127.73281,37.881552],[127.732813,37.881541],[127.732813,37.881539],[127.732841,37.881532],[127.732946,37.881501],[127.732922,37.881447],[127.732909,37.881417],[127.732882,37.881354],[127.732862,37.881339],[127.732851,37.881332],[127.732835,37.88132],[127.732812,37.881286],[127.732781,37.881241],[127.732781,37.881219]]]]}},
{"type":"Feature","properties":{"BASE_DATE":"20250630","ADM_CD":"32010540","ADM_NM":"약사명동"},"geometry":{"type":"MultiPolygon","coordinates":[[[[127.726937,37.880854],[127.727109,37.880782],[127.727117,37.880794],[127.727134,37.88082],[127.727141,37.88083],[127.727464,37.880707],[127.727483,37.880698],[127.727451,37.880655],[127.727442,37.880642],[127.727779,37.880501],[127.727783,37.880499],[127.728137,37.880079],[127.727588,37.879641],[127.72674,37.878965],[127.726731,37.878958],[127.72674,37.878951],[127.726957,37.878777],[127.72697,37.878787],[127.727197,37.878659],[127.727536,37.878551],[127.72759,37.878541],[127.727706,37.87852],[127.727711,37.878531],[127.727821,37.878507],[127.727823,37.878507],[127.72787,37.878496],[127.727883,37.878488],[127.727901,37.878483],[127.72794,37.878469],[127.727986,37.878452],[127.728051,37.878439],[127.728131,37.878418],[127.728201,37.878407],[127.728205,37.878427],[127.728209,37.87844],[127.728364,37.878402],[127.728472,37.878371],[127.728481,37.878369],[127.728577,37.878302],[127.728588,37.878294],[127.728665,37.878232],[127.728671,37.878226],[127.728813,37.878113],[127.728851,37.878082],[127.728855,37.878079],[127.728872,37.878065],[127.728879,37.87807],[127.728913,37.878089],[127.728989,37.878119],[127.72903,37.878129],[127.729091,37.878119],[127.729137,37.87806],[127.729199,37.877977],[127.729229,37.877945],[127.729232,37.877941],[127.729229,37.877933],[127.729274,37.877848],[127.729337,37.877721],[127.729351,37.877673],[127.729389,37.87764],[127.729422,37.877611],[127.729419,37.877608],[127.729409,37.8776],[127.729363,37.877548],[127.729366,37.877543],[127.729368,37.87754],[127.729377,37.877525],[127.72939,37.877511],[127.72942,37.877536],[127.729426,37.87753],[127.729458,37.877504],[127.729451,37.877497],[127.729425,37.877476],[127.729485,37.877414],[127.729494,37.877405],[127.729524,37.877374],[127.72967,37.877224],[127.729859,37.877031],[127.729921,37.876964],[127.729951,37.876932],[127.729952,37.87693],[127.729967,37.876914],[127.729957,37.87691],[127.729951,37.876907],[127.729987,37.876865],[127.729973,37.876847],[127.729971,37.876843],[127.729969,37.876841],[127.729995,37.876808],[127.730007,37.876806],[127.730018,37.876803],[127.73009,37.876736],[127.730102,37.876734],[127.730108,37.876733],[127.730113,37.876732],[127.73016,37.876676],[127.730173,37.87666],[127.730174,37.876659],[127.730173,37.876658],[127.73017,37.876647],[127.730256,37.876551],[127.730255,37.87655],[127.730231,37.876542],[127.73007,37.876454],[127.730067,37.876452],[127.730083,37.876433],[127.730163,37.87634],[127.730184,37.876317],[127.730204,37.876295],[127.730287,37.876204],[127.730294,37.876196],[127.73037,37.876113],[127.730393,37.876089],[127.730475,37.875998],[127.730495,37.875977],[127.730622,37.875838],[127.730604,37.875826],[127.730547,37.875784],[127.730481,37.875736],[127.729411,37.874987],[127.729165,37.874814],[127.729159,37.87481],[127.729041,37.874727],[127.729022,37.874714],[127.728968,37.874672],[127.728942,37.874652],[127.72894,37.874652],[127.728672,37.874724],[127.728282,37.874829],[127.728244,37.874839],[127.728224,37.874842],[127.728149,37.874842],[127.728096,37.874832],[127.728028,37.874809],[127.72802,37.874805],[127.727969,37.874781],[127.727915,37.874754],[127.727866,37.874725],[127.727823,37.874694],[127.727773,37.874646],[127.727446,37.874228],[127.727145,37.873843],[127.72648,37.872992],[127.726428,37.872933],[127.726395,37.872893],[127.726368,37.872866],[127.726342,37.872844],[127.726285,37.872806],[127.726176,37.872741],[127.726175,37.87274],[127.725845,37.872556],[127.724942,37.872051],[127.724803,37.871973],[127.724315,37.8717],[127.724238,37.871656],[127.723487,37.871227],[127.723487,37.871227],[127.723219,37.871074],[127.722965,37.870929],[127.722853,37.870858],[127.722552,37.870958],[127.722199,37.871004],[127.722184,37.871009],[127.721891,37.871193],[127.721765,37.871272],[127.721574,37.871313],[127.721111,37.871496],[127.720901,37.871579],[127.720668,37.871665],[127.720646,37.871674],[127.720633,37.871724],[127.720615,37.871782],[127.720631,37.872112],[127.720629,37.872127],[127.720626,37.872142],[127.720627,37.872155],[127.720628,37.872186],[127.720629,37.872206],[127.720633,37.872316],[127.72065,37.872761],[127.720666,37.873194],[127.720669,37.873295],[127.720672,37.873382],[127.720699,37.874023],[127.720685,37.874052],[127.720631,37.874169],[127.720434,37.874031],[127.720378,37.873992],[127.720023,37.873754],[127.719932,37.873827],[127.71972,37.874041],[127.719622,37.874007],[127.719234,37.873829],[127.718989,37.873865],[127.718987,37.873867],[127.718868,37.874112],[127.71885,37.874115],[127.718784,37.874126],[127.718732,37.874232],[127.7187,37.874274],[127.718642,37.874349],[127.718405,37.874495],[127.718199,37.874635],[127.718254,37.874672],[127.718223,37.874728],[127.717964,37.875193],[127.717953,37.875213],[127.717951,37.875216],[127.71811,37.875265],[127.71812,37.875268],[127.718711,37.875453],[127.719871,37.875814],[127.719893,37.875821],[127.720432,37.875988],[127.720812,37.876106],[127.721319,37.876263],[127.721321,37.876264],[127.721847,37.876427],[127.722355,37.876584],[127.722458,37.876636],[127.722486,37.87665],[127.722508,37.876661],[127.722942,37.876879],[127.72326,37.877039],[127.723268,37.877043],[127.723541,37.877184],[127.72339,37.877379],[127.723665,37.877606],[127.724377,37.878185],[127.724386,37.878193],[127.724518,37.8783],[127.724768,37.878511],[127.725194,37.87887],[127.725283,37.878945],[127.725288,37.878949],[127.72573,37.879322],[127.72601,37.879558],[127.726424,37.879907],[127.726705,37.880261],[127.726706,37.880266],[127.726911,37.880865],[127.726937,37.880854]]]]}},
{"type":"Feature","properties":{"BASE_DATE":"20250630","ADM_CD":"32010570","ADM_NM":"근화동"},"geometry":{"type":"MultiPolygon","coordinates":[[[[127.715551,37.908976],[127.71715,37.907488],[127.717293,37.907374],[127.718195,37.906868],[127.719242,37.906308],[127.719759,37.906031],[127.720698,37.90514],[127.720788,37.905056],[127.721168,37.904255],[127.721276,37.904035],[127.721548,37.903479],[127.721723,37.903394],[127.722041,37.903241],[127.722781,37.902025],[127.723625,37.90066],[127.723896,37.900222],[127.724075,37.899932],[127.724189,37.899748],[127.724266,37.899623],[127.724478,37.899222],[127.724483,37.899193],[127.724666,37.898026],[127.724786,37.897266],[127.72488,37.896668],[127.724961,37.896154],[127.724983,37.896015],[127.725712,37.895211],[127.727326,37.895202],[127.728026,37.895199],[127.728399,37.895197],[127.728412,37.895196],[127.729086,37.895171],[127.729266,37.895165],[127.729935,37.89514],[127.730345,37.895125],[127.730941,37.895103],[127.73097,37.895102],[127.731959,37.895066],[127.732032,37.895063],[127.733088,37.895024],[127.734082,37.894988],[127.734596,37.89491],[127.734708,37.894893],[127.73505,37.894842],[127.735048,37.894646],[127.735038,37.893492],[127.735036,37.893241],[127.735034,37.893159],[127.735035,37.893159],[127.73505,37.893077],[127.735059,37.893017],[127.735074,37.892925],[127.735121,37.892634],[127.735162,37.892116],[127.734625,37.889606],[127.734488,37.888963],[127.734423,37.888658],[127.734352,37.888324],[127.733878,37.88834],[127.733773,37.888344],[127.732874,37.888374],[127.731742,37.888419],[127.73011,37.889177],[127.730104,37.889179],[127.729767,37.889334],[127.728983,37.889691],[127.728844,37.889755],[127.728596,37.889779],[127.72783,37.889852],[127.727814,37.889854],[127.727793,37.889843],[127.727795,37.88978],[127.727659,37.889728],[127.727601,37.889833],[127.727591,37.889861],[127.727356,37.889884],[127.727219,37.889898],[127.727013,37.889917],[127.726985,37.88992],[127.726945,37.889925],[127.72675,37.889952],[127.726707,37.889958],[127.726348,37.890001],[127.726249,37.88994],[127.726051,37.889821],[127.72607,37.889801],[127.726041,37.889722],[127.725995,37.889673],[127.725914,37.889645],[127.725867,37.889629],[127.725847,37.889636],[127.725807,37.88965],[127.725748,37.889671],[127.725728,37.889641],[127.725603,37.889507],[127.725482,37.889564],[127.725479,37.889561],[127.725286,37.889373],[127.725278,37.889365],[127.725103,37.889481],[127.725092,37.889488],[127.725091,37.889489],[127.724272,37.890045],[127.724253,37.890058],[127.723989,37.889651],[127.723858,37.88945],[127.723605,37.88906],[127.723153,37.888364],[127.723141,37.888345],[127.723261,37.888293],[127.723303,37.888275],[127.723306,37.888274],[127.723427,37.888221],[127.723419,37.888212],[127.723296,37.888263],[127.72328,37.888217],[127.723252,37.888186],[127.723085,37.888005],[127.722881,37.887746],[127.722876,37.887737],[127.722762,37.887535],[127.722703,37.887377],[127.722641,37.887258],[127.722597,37.887173],[127.722749,37.887143],[127.722847,37.887146],[127.72284,37.887114],[127.722887,37.886943],[127.722752,37.88667],[127.72264,37.88656],[127.72261,37.886533],[127.722692,37.886485],[127.722666,37.886448],[127.722371,37.886041],[127.722467,37.886001],[127.722931,37.885807],[127.722699,37.885435],[127.722688,37.885417],[127.722909,37.885323],[127.722787,37.885237],[127.722669,37.885195],[127.722505,37.884916],[127.722475,37.884864],[127.72245,37.884833],[127.722381,37.884667],[127.72225,37.884448],[127.722234,37.884414],[127.722216,37.884379],[127.722206,37.884358],[127.721581,37.884512],[127.721571,37.884503],[127.721565,37.884494],[127.721529,37.884446],[127.721491,37.884397],[127.721451,37.884344],[127.721425,37.8843],[127.721402,37.884257],[127.721393,37.884243],[127.721336,37.884145],[127.721241,37.883979],[127.721236,37.88397],[127.721326,37.883933],[127.721351,37.883922],[127.721373,37.883912],[127.721482,37.883871],[127.721497,37.883865],[127.721565,37.883836],[127.72167,37.883795],[127.722024,37.883653],[127.722196,37.883584],[127.722222,37.883573],[127.72235,37.883499],[127.722049,37.883229],[127.721907,37.883071],[127.721848,37.883006],[127.721773,37.882923],[127.721767,37.882916],[127.721725,37.882869],[127.721483,37.882564],[127.721455,37.882526],[127.721167,37.882132],[127.720997,37.882099],[127.720782,37.882035],[127.720651,37.881958],[127.720328,37.881629],[127.720207,37.881434],[127.720131,37.881284],[127.720055,37.881166],[127.71983,37.880892],[127.719328,37.88072],[127.719361,37.880707],[127.719598,37.880595],[127.719894,37.880478],[127.720028,37.880425],[127.72043,37.880297],[127.720411,37.880263],[127.720429,37.880257],[127.720443,37.88025],[127.720099,37.879765],[127.720254,37.879463],[127.720266,37.87944],[127.720289,37.8794],[127.7203,37.879381],[127.720307,37.879369],[127.72034,37.87931],[127.720354,37.879286],[127.720462,37.879094],[127.720491,37.879044],[127.720517,37.878997],[127.720531,37.878973],[127.7206,37.878842],[127.720632,37.878781],[127.719949,37.878591],[127.719634,37.878503],[127.719566,37.878484],[127.719481,37.87846],[127.719477,37.878459],[127.718992,37.878324],[127.718865,37.878296],[127.718873,37.878278],[127.71888,37.878264],[127.718938,37.878143],[127.719007,37.877998],[127.719008,37.877998],[127.719146,37.877708],[127.719049,37.877679],[127.71893,37.877642],[127.718927,37.877641],[127.718636,37.877553],[127.718518,37.877517],[127.71846,37.8775],[127.718291,37.877448],[127.718267,37.877441],[127.71814,37.877402],[127.718,37.87736],[127.717817,37.877304],[127.717806,37.877301],[127.717792,37.877297],[127.717785,37.877294],[127.717773,37.877262],[127.717748,37.877195],[127.717748,37.877192],[127.717761,37.87698],[127.717918,37.876892],[127.717904,37.876802],[127.717872,37.876584],[127.718,37.876516],[127.718034,37.876471],[127.717943,37.876184],[127.717941,37.876179],[127.717938,37.876173],[127.717944,37.876059],[127.718,37.875981],[127.717995,37.875979],[127.71797,37.875972],[127.717937,37.875962],[127.717886,37.875946],[127.717879,37.875944],[127.717837,37.875931],[127.717811,37.875923],[127.717795,37.875919],[127.717884,37.875733],[127.718058,37.875374],[127.71811,37.875265],[127.717951,37.875216],[127.717953,37.875213],[127.717964,37.875193],[127.718223,37.874728],[127.718254,37.874672],[127.718199,37.874635],[127.718405,37.874495],[127.718642,37.874349],[127.7187,37.874274],[127.718732,37.874232],[127.718784,37.874126],[127.71885,37.874115],[127.718868,37.874112],[127.718987,37.873867],[127.718989,37.873865],[127.719234,37.873829],[127.719622,37.874007],[127.71972,37.874041],[127.719932,37.873827],[127.720023,37.873754],[127.720378,37.873992],[127.720434,37.874031],[127.720631,37.874169],[127.720685,37.874052],[127.720699,37.874023],[127.720672,37.873382],[127.720669,37.873295],[127.720666,37.873194],[127.72065,37.872761],[127.720633,37.872316],[127.720629,37.872206],[127.720628,37.872186],[127.720627,37.872155],[127.720626,37.872142],[127.720629,37.872127],[127.720631,37.872112],[127.720615,37.871782],[127.720633,37.871724],[127.720646,37.871674],[127.72067,37.871583],[127.720699,37.871474],[127.720697,37.871471],[127.720679,37.871453],[127.720674,37.871453],[127.720619,37.871456],[127.720579,37.871398],[127.72056,37.871376],[127.720499,37.871305],[127.72045,37.871249],[127.72037,37.871158],[127.720169,37.871264],[127.71997,37.871376],[127.719751,37.8715],[127.719706,37.871525],[127.719608,37.871533],[127.719373,37.871522],[127.719366,37.87152],[127.71934,37.871512],[127.719284,37.871526],[127.719215,37.871543],[127.719051,37.871544],[127.719022,37.871559],[127.718919,37.871566],[127.718917,37.871567],[127.718806,37.871575],[127.71879,37.871595],[127.718658,37.871605],[127.718315,37.871631],[127.717987,37.871656],[127.717772,37.871673],[127.717184,37.871717],[127.716461,37.871773],[127.716028,37.871805],[127.715743,37.871775],[127.715693,37.871795],[127.715661,37.871827],[127.715657,37.871842],[127.71565,37.871872],[127.715624,37.87198],[127.715603,37.872071],[127.715566,37.872052],[127.715495,37.872017],[127.715443,37.871992],[127.715395,37.871968],[127.715353,37.871947],[127.715184,37.871864],[127.715177,37.87186],[127.715161,37.871857],[127.715046,37.871801],[127.714996,37.871777],[127.714874,37.871717],[127.714512,37.871541],[127.714252,37.871548],[127.713368,37.871574],[127.713028,37.871697],[127.712782,37.871785],[127.712144,37.87231],[127.711585,37.872654],[127.711131,37.872813],[127.710697,37.873019],[127.708825,37.873902],[127.707221,37.875103],[127.705408,37.876273],[127.705337,37.87632],[127.703675,37.877198],[127.7034,37.877671],[127.701863,37.88031],[127.696151,37.877097],[127.695483,37.87676],[127.694318,37.875719],[127.694109,37.875532],[127.692007,37.874559],[127.690373,37.873971],[127.688331,37.873811],[127.687575,37.873586],[127.686404,37.873233],[127.685916,37.873088],[127.684792,37.872819],[127.682731,37.872514],[127.680004,37.871965],[127.679178,37.872055],[127.679085,37.872065],[127.678869,37.873015],[127.679171,37.87404],[127.679836,37.876215],[127.680388,37.878058],[127.681348,37.879256],[127.682064,37.879906],[127.683121,37.880866],[127.685408,37.881984],[127.686782,37.883891],[127.688065,37.884529],[127.68836,37.885],[127.688624,37.885762],[127.689393,37.887681],[127.692771,37.889147],[127.693983,37.889641],[127.694093,37.889685],[127.694119,37.88979],[127.694914,37.892966],[127.695014,37.893027],[127.69604,37.893663],[127.698755,37.895383],[127.699081,37.89559],[127.701169,37.89746],[127.701258,37.89754],[127.702912,37.898875],[127.703378,37.899323],[127.707229,37.903017],[127.707279,37.903136],[127.70751,37.903329],[127.710026,37.906266],[127.710113,37.906368],[127.710583,37.906914],[127.711056,37.907793],[127.711467,37.90779],[127.711992,37.907766],[127.712553,37.907741],[127.714001,37.908333],[127.715551,37.908976]]]]}},
{"type":"Feature","properties":{"BASE_DATE":"20250630","ADM_CD":"32010580","ADM_NM":"소양동"},"geometry":{"type":"MultiPolygon","coordinates":[[[[127.725103,37.889481],[127.725278,37.889365],[127.725286,37.889373],[127.725479,37.889561],[127.725482,37.889564],[127.725603,37.889507],[127.725728,37.889641],[127.725748,37.889671],[127.725807,37.88965],[127.725847,37.889636],[127.725867,37.889629],[127.725914,37.889645],[127.725995,37.889673],[127.726041,37.889722],[127.72607,37.889801],[127.726051,37.889821],[127.726249,37.88994],[127.726348,37.890001],[127.726707,37.889958],[127.72675,37.889952],[127.726945,37.889925],[127.726985,37.88992],[127.727013,37.889917],[127.727219,37.889898],[127.727356,37.889884],[127.727591,37.889861],[127.727601,37.889833],[127.727659,37.889728],[127.727795,37.88978],[127.727793,37.889843],[127.727814,37.889854],[127.72783,37.889852],[127.728596,37.889779],[127.728844,37.889755],[127.728983,37.889691],[127.729767,37.889334],[127.730104,37.889179],[127.73011,37.889177],[127.731742,37.888419],[127.732874,37.888374],[127.733773,37.888344],[127.733878,37.88834],[127.734352,37.888324],[127.735298,37.88784],[127.735732,37.887604],[127.735733,37.887603],[127.736345,37.887271],[127.736737,37.887057],[127.736753,37.887049],[127.736944,37.887203],[127.737006,37.887227],[127.737125,37.887273],[127.737127,37.887273],[127.737371,37.886955],[127.73751,37.886866],[127.737521,37.886859],[127.736723,37.886521],[127.736412,37.886826],[127.736203,37.886712],[127.735819,37.886721],[127.735723,37.886658],[127.735555,37.886374],[127.735415,37.886242],[127.735255,37.886175],[127.735058,37.886055],[127.734973,37.885882],[127.734943,37.885835],[127.73479,37.8856],[127.734726,37.885501],[127.734701,37.885478],[127.734698,37.885475],[127.734673,37.885473],[127.734612,37.885466],[127.734534,37.885457],[127.734305,37.885458],[127.734305,37.885455],[127.734298,37.885275],[127.734231,37.885271],[127.734214,37.88527],[127.734018,37.885259],[127.734006,37.885258],[127.734028,37.884981],[127.734042,37.88483],[127.734044,37.884809],[127.734003,37.884785],[127.733929,37.884769],[127.733873,37.884781],[127.733781,37.884784],[127.733754,37.884784],[127.733746,37.884767],[127.733745,37.884766],[127.733738,37.884748],[127.733693,37.884739],[127.733692,37.884738],[127.733664,37.884705],[127.73366,37.8847],[127.733655,37.884689],[127.733638,37.884654],[127.733637,37.88465],[127.733506,37.884265],[127.733492,37.884224],[127.733475,37.884154],[127.733475,37.884153],[127.733451,37.884162],[127.733413,37.88417],[127.733411,37.884164],[127.733378,37.884075],[127.733363,37.883992],[127.733413,37.883991],[127.733448,37.883991],[127.733448,37.883991],[127.733449,37.883881],[127.73345,37.883689],[127.733451,37.883683],[127.733292,37.883486],[127.733278,37.883417],[127.733269,37.883366],[127.733262,37.88333],[127.73326,37.883322],[127.733257,37.883305],[127.733242,37.883229],[127.733207,37.883047],[127.733202,37.883021],[127.733191,37.882967],[127.733187,37.882947],[127.733172,37.882873],[127.733164,37.882861],[127.733157,37.88285],[127.733095,37.882754],[127.733073,37.88272],[127.733025,37.882712],[127.732885,37.88272],[127.732812,37.882716],[127.732763,37.882713],[127.732685,37.882693],[127.732666,37.882683],[127.732631,37.882657],[127.732604,37.882632],[127.73258,37.882603],[127.732312,37.882206],[127.732164,37.881897],[127.732153,37.881872],[127.732152,37.881869],[127.732133,37.881865],[127.732079,37.881854],[127.731829,37.881804],[127.731819,37.881802],[127.731727,37.881783],[127.731727,37.881783],[127.731715,37.881769],[127.731591,37.881635],[127.731554,37.881595],[127.731465,37.881498],[127.731339,37.881449],[127.731248,37.881414],[127.731053,37.881273],[127.731061,37.881249],[127.731077,37.8812],[127.731068,37.881191],[127.731044,37.881171],[127.730795,37.880983],[127.730721,37.880929],[127.730242,37.88066],[127.730191,37.880632],[127.730186,37.88063],[127.730191,37.880625],[127.73019,37.880625],[127.730093,37.880594],[127.730074,37.880589],[127.730059,37.880581],[127.729985,37.880547],[127.729722,37.880421],[127.729719,37.880427],[127.729711,37.880438],[127.729477,37.880322],[127.729065,37.880365],[127.728759,37.880398],[127.728719,37.880402],[127.728694,37.880404],[127.728263,37.880449],[127.728096,37.880467],[127.728085,37.880468],[127.728086,37.880472],[127.728086,37.880474],[127.72808,37.880475],[127.728049,37.88048],[127.728048,37.880477],[127.728046,37.880472],[127.728035,37.880473],[127.727812,37.880496],[127.727783,37.880499],[127.727779,37.880501],[127.727442,37.880642],[127.727451,37.880655],[127.727483,37.880698],[127.727464,37.880707],[127.727141,37.88083],[127.727134,37.88082],[127.727117,37.880794],[127.727109,37.880782],[127.726937,37.880854],[127.726911,37.880865],[127.726706,37.880266],[127.726705,37.880261],[127.726424,37.879907],[127.72601,37.879558],[127.72573,37.879322],[127.725288,37.878949],[127.725283,37.878945],[127.725194,37.87887],[127.724768,37.878511],[127.724518,37.8783],[127.724386,37.878193],[127.724377,37.878185],[127.723665,37.877606],[127.72339,37.877379],[127.723541,37.877184],[127.723268,37.877043],[127.72326,37.877039],[127.722942,37.876879],[127.722508,37.876661],[127.722486,37.87665],[127.722458,37.876636],[127.722355,37.876584],[127.721847,37.876427],[127.721321,37.876264],[127.721319,37.876263],[127.720812,37.876106],[127.720432,37.875988],[127.719893,37.875821],[127.719871,37.875814],[127.718711,37.875453],[127.71812,37.875268],[127.71811,37.875265],[127.718058,37.875374],[127.717884,37.875733],[127.717795,37.875919],[127.717811,37.875923],[127.717837,37.875931],[127.717879,37.875944],[127.717886,37.875946],[127.717937,37.875962],[127.71797,37.875972],[127.717995,37.875979],[127.718,37.875981],[127.717944,37.876059],[127.717938,37.876173],[127.717941,37.876179],[127.717943,37.876184],[127.718034,37.876471],[127.718,37.876516],[127.717872,37.876584],[127.717904,37.876802],[127.717918,37.876892],[127.717761,37.87698],[127.717748,37.877192],[127.717748,37.877195],[127.717773,37.877262],[127.717785,37.877294],[127.717792,37.877297],[127.717806,37.877301],[127.717817,37.877304],[127.718,37.87736],[127.71814,37.877402],[127.718267,37.877441],[127.718291,37.877448],[127.71846,37.8775],[127.718518,37.877517],[127.718636,37.877553],[127.718927,37.877641],[127.71893,37.877642],[127.719049,37.877679],[127.719146,37.877708],[127.719008,37.877998],[127.719007,37.877998],[127.718938,37.878143],[127.71888,37.878264],[127.718873,37.878278],[127.718865,37.878296],[127.718992,37.878324],[127.719477,37.878459],[127.719481,37.87846],[127.719566,37.878484],[127.719634,37.878503],[127.719949,37.878591],[127.720632,37.878781],[127.7206,37.878842],[127.720531,37.878973],[127.720517,37.878997],[127.720491,37.879044],[127.720462,37.879094],[127.720354,37.879286],[127.72034,37.87931],[127.720307,37.879369],[127.7203,37.879381],[127.720289,37.8794],[127.720266,37.87944],[127.720254,37.879463],[127.720099,37.879765],[127.720443,37.88025],[127.720429,37.880257],[127.720411,37.880263],[127.72043,37.880297],[127.720028,37.880425],[127.719894,37.880478],[127.719598,37.880595],[127.719361,37.880707],[127.719328,37.88072],[127.71983,37.880892],[127.720055,37.881166],[127.720131,37.881284],[127.720207,37.881434],[127.720328,37.881629],[127.720651,37.881958],[127.720782,37.882035],[127.720997,37.882099],[127.721167,37.882132],[127.721455,37.882526],[127.721483,37.882564],[127.721725,37.882869],[127.721767,37.882916],[127.721773,37.882923],[127.721848,37.883006],[127.721907,37.883071],[127.722049,37.883229],[127.72235,37.883499],[127.722222,37.883573],[127.722196,37.883584],[127.722024,37.883653],[127.72167,37.883795],[127.721565,37.883836],[127.721497,37.883865],[127.721482,37.883871],[127.721373,37.883912],[127.721351,37.883922],[127.721326,37.883933],[127.721236,37.88397],[127.721241,37.883979],[127.721336,37.884145],[127.721393,37.884243],[127.721402,37.884257],[127.721425,37.8843],[127.721451,37.884344],[127.721491,37.884397],[127.721529,37.884446],[127.721565,37.884494],[127.721571,37.884503],[127.721581,37.884512],[127.722206,37.884358],[127.722216,37.884379],[127.722234,37.884414],[127.72225,37.884448],[127.722381,37.884667],[127.72245,37.884833],[127.722475,37.884864],[127.722505,37.884916],[127.722669,37.885195],[127.722787,37.885237],[127.722909,37.885323],[127.722688,37.885417],[127.722699,37.885435],[127.722931,37.885807],[127.722467,37.886001],[127.722371,37.886041],[127.722666,37.886448],[127.722692,37.886485],[127.72261,37.886533],[127.72264,37.88656],[127.722752,37.88667],[127.722887,37.886943],[127.72284,37.887114],[127.722847,37.887146],[127.722749,37.887143],[127.722597,37.887173],[127.722641,37.887258],[127.722703,37.887377],[127.722762,37.887535],[127.722876,37.887737],[127.722881,37.887746],[127.723085,37.888005],[127.723252,37.888186],[127.72328,37.888217],[127.723296,37.888263],[127.723419,37.888212],[127.723427,37.888221],[127.723306,37.888274],[127.723303,37.888275],[127.723261,37.888293],[127.723141,37.888345],[127.723153,37.888364],[127.723605,37.88906],[127.723858,37.88945],[127.723989,37.889651],[127.724253,37.890058],[127.724272,37.890045],[127.725091,37.889489],[127.725092,37.889488],[127.725103,37.889481]]]]}},
{"type":"Feature","properties":{"BASE_DATE":"20250630","ADM_CD":"32010600","ADM_NM":"후평1동"},"geometry":{"type":"MultiPolygon","coordinates":[[[[127.745619,37.894154],[127.745718,37.894076],[127.745747,37.894052],[127.745776,37.894031],[127.745959,37.893897],[127.746051,37.893867],[127.746252,37.893802],[127.746378,37.89376],[127.746417,37.893747],[127.746436,37.893766],[127.746488,37.893819],[127.746517,37.893849],[127.746642,37.893829],[127.746717,37.893819],[127.746758,37.893813],[127.746771,37.893811],[127.74683,37.893803],[127.746933,37.893788],[127.746936,37.893787],[127.747046,37.893762],[127.747063,37.893759],[127.747249,37.893718],[127.747335,37.893658],[127.747416,37.893601],[127.747712,37.89349],[127.748468,37.893489],[127.748567,37.893595],[127.748694,37.893729],[127.748721,37.893757],[127.748715,37.893761],[127.748749,37.893823],[127.748785,37.89389],[127.748875,37.893999],[127.748985,37.894134],[127.748989,37.894134],[127.749017,37.894156],[127.749058,37.894188],[127.74906,37.894189],[127.749065,37.894193],[127.749384,37.894226],[127.749616,37.894362],[127.749718,37.894421],[127.75009,37.894462],[127.750228,37.894441],[127.750297,37.894431],[127.750489,37.894302],[127.750582,37.89424],[127.750597,37.89423],[127.750615,37.894208],[127.750749,37.894194],[127.750926,37.894159],[127.750923,37.894142],[127.750918,37.894119],[127.75093,37.894115],[127.750929,37.894115],[127.751015,37.894103],[127.751014,37.89401],[127.751026,37.893935],[127.751014,37.893826],[127.750987,37.893749],[127.75096,37.893457],[127.750876,37.893201],[127.75083,37.893077],[127.750922,37.89288],[127.750925,37.892842],[127.750961,37.892828],[127.751004,37.89281],[127.751048,37.892793],[127.751085,37.892778],[127.751161,37.892789],[127.751243,37.892808],[127.751249,37.892796],[127.751279,37.892742],[127.751347,37.892715],[127.75139,37.892713],[127.751431,37.892712],[127.751558,37.892708],[127.751657,37.892719],[127.751716,37.892755],[127.751719,37.892754],[127.751771,37.892737],[127.751914,37.89269],[127.752164,37.892625],[127.75226,37.892596],[127.752276,37.89259],[127.752362,37.892559],[127.752392,37.892549],[127.752526,37.892453],[127.752496,37.892409],[127.752691,37.892279],[127.752726,37.892256],[127.752737,37.892269],[127.752751,37.892275],[127.752905,37.892206],[127.753087,37.892062],[127.753146,37.892089],[127.753163,37.89208],[127.753256,37.892029],[127.753355,37.891976],[127.753358,37.891974],[127.753416,37.891931],[127.753421,37.891926],[127.753423,37.891926],[127.753439,37.891914],[127.753506,37.891865],[127.753531,37.891873],[127.753537,37.891869],[127.753562,37.89185],[127.753586,37.891832],[127.753648,37.891792],[127.753682,37.891774],[127.753792,37.891703],[127.75378,37.891689],[127.75378,37.891689],[127.753779,37.891687],[127.753823,37.891666],[127.753836,37.891675],[127.753841,37.891679],[127.753856,37.891688],[127.753988,37.891616],[127.754038,37.891576],[127.754014,37.891555],[127.754139,37.891461],[127.754138,37.891421],[127.754138,37.891397],[127.7542,37.891385],[127.754342,37.89136],[127.754454,37.891337],[127.754509,37.891326],[127.754542,37.891319],[127.754569,37.891223],[127.754797,37.891166],[127.754841,37.890894],[127.75485,37.890841],[127.754828,37.890367],[127.754828,37.890365],[127.754821,37.890221],[127.754748,37.889854],[127.754747,37.889847],[127.754738,37.889803],[127.754724,37.889731],[127.754712,37.889672],[127.754675,37.889485],[127.754655,37.889386],[127.75465,37.889337],[127.754649,37.889335],[127.754593,37.888811],[127.754592,37.888799],[127.754592,37.888798],[127.754573,37.888622],[127.754558,37.888277],[127.754553,37.888157],[127.754548,37.888088],[127.754541,37.887997],[127.754567,37.887876],[127.75463,37.887576],[127.75468,37.887493],[127.754729,37.887408],[127.754776,37.887329],[127.754951,37.887033],[127.755005,37.886978],[127.755598,37.88638],[127.755713,37.886207],[127.755729,37.886156],[127.755874,37.88591],[127.755891,37.885872],[127.755974,37.885723],[127.756028,37.885583],[127.756046,37.885537],[127.756079,37.885449],[127.756031,37.885444],[127.755971,37.885439],[127.755879,37.885468],[127.755875,37.885472],[127.75578,37.885553],[127.755711,37.885651],[127.755634,37.885826],[127.755543,37.885941],[127.755482,37.886018],[127.755372,37.88608],[127.755287,37.886129],[127.755281,37.886132],[127.755273,37.886126],[127.75525,37.886109],[127.755163,37.886056],[127.755147,37.886043],[127.755114,37.886064],[127.754986,37.886141],[127.754969,37.886152],[127.754853,37.886254],[127.754852,37.886254],[127.754708,37.886222],[127.754692,37.886207],[127.754721,37.886137],[127.754739,37.886093],[127.754738,37.886092],[127.75471,37.88608],[127.754764,37.885951],[127.754704,37.885939],[127.754721,37.885923],[127.754737,37.885908],[127.754775,37.885873],[127.754781,37.885874],[127.754783,37.885881],[127.7548,37.885867],[127.754726,37.885634],[127.754725,37.88562],[127.754718,37.885532],[127.754823,37.885401],[127.754864,37.88535],[127.754956,37.885234],[127.755007,37.885216],[127.755017,37.885213],[127.755062,37.885162],[127.75509,37.88509],[127.755115,37.885014],[127.75506,37.884968],[127.755045,37.884956],[127.755034,37.884966],[127.75489,37.885096],[127.754836,37.885145],[127.754705,37.885241],[127.754658,37.885269],[127.754521,37.885347],[127.754506,37.885356],[127.754504,37.885357],[127.754439,37.885382],[127.754424,37.885373],[127.754419,37.885367],[127.754346,37.885265],[127.754268,37.885159],[127.754255,37.885141],[127.754201,37.885067],[127.754132,37.884973],[127.754101,37.884905],[127.754049,37.884795],[127.754019,37.884731],[127.753914,37.884507],[127.753806,37.884516],[127.753806,37.884516],[127.753739,37.884522],[127.753714,37.884468],[127.753681,37.884434],[127.753573,37.884364],[127.753314,37.884288],[127.753205,37.884277],[127.753169,37.884168],[127.75273,37.883766],[127.752755,37.883664],[127.752769,37.883608],[127.752776,37.88358],[127.752705,37.883564],[127.752271,37.883467],[127.752014,37.88341],[127.751991,37.883476],[127.751775,37.883422],[127.751734,37.883411],[127.751671,37.883396],[127.751241,37.883306],[127.751113,37.88328],[127.751088,37.883275],[127.750702,37.883195],[127.750438,37.88314],[127.75001,37.88305],[127.74995,37.883038],[127.749805,37.882924],[127.749753,37.883026],[127.74963,37.883262],[127.749562,37.88326],[127.749536,37.883262],[127.749491,37.883266],[127.749571,37.883433],[127.74956,37.883439],[127.749559,37.883439],[127.74953,37.883454],[127.749527,37.883454],[127.749524,37.883455],[127.749523,37.883456],[127.74892,37.88362],[127.748902,37.883624],[127.748894,37.883627],[127.7484,37.882639],[127.748398,37.882635],[127.74834,37.882519],[127.748211,37.882386],[127.74819,37.882365],[127.748182,37.882357],[127.748158,37.882333],[127.748135,37.882309],[127.748135,37.882308],[127.748134,37.882308],[127.747944,37.882113],[127.747792,37.882045],[127.747224,37.881788],[127.747167,37.881762],[127.747164,37.88176],[127.747159,37.881758],[127.74715,37.881754],[127.747149,37.881754],[127.747147,37.881752],[127.745869,37.881174],[127.745862,37.881171],[127.745861,37.881171],[127.745857,37.881169],[127.745856,37.881168],[127.745854,37.881168],[127.745848,37.881165],[127.745841,37.881162],[127.744579,37.880591],[127.744578,37.88059],[127.744559,37.880582],[127.744555,37.88058],[127.744541,37.880574],[127.74454,37.880573],[127.743243,37.879986],[127.743239,37.879985],[127.743227,37.879979],[127.743222,37.879977],[127.74322,37.879976],[127.743217,37.879974],[127.742709,37.879744],[127.741922,37.879388],[127.741917,37.879395],[127.74164,37.879781],[127.741616,37.87981],[127.741583,37.879851],[127.741579,37.879856],[127.741576,37.879864],[127.741573,37.879872],[127.741572,37.879873],[127.741536,37.879967],[127.741432,37.880286],[127.74133,37.880649],[127.741329,37.880649],[127.741326,37.880662],[127.741041,37.880606],[127.740981,37.880594],[127.74076,37.880548],[127.740734,37.880543],[127.740733,37.880543],[127.740719,37.88054],[127.740575,37.880989],[127.740429,37.881448],[127.740426,37.881456],[127.740442,37.881459],[127.740691,37.881509],[127.740681,37.881545],[127.74068,37.881548],[127.740686,37.881551],[127.740687,37.881552],[127.74064,37.881702],[127.740638,37.881748],[127.7408,37.881777],[127.740949,37.881792],[127.740966,37.881794],[127.74096,37.881816],[127.740898,37.882037],[127.740897,37.882038],[127.740907,37.882048],[127.740917,37.882058],[127.740923,37.882064],[127.740892,37.882235],[127.740888,37.88226],[127.740845,37.8824],[127.740843,37.882406],[127.740786,37.882393],[127.74066,37.882374],[127.740652,37.88239],[127.740649,37.882395],[127.740634,37.882421],[127.740595,37.882489],[127.740593,37.882499],[127.740574,37.882592],[127.740573,37.882594],[127.740571,37.882712],[127.740531,37.882754],[127.74052,37.882764],[127.740504,37.882781],[127.740416,37.882923],[127.740387,37.88297],[127.740386,37.882971],[127.740385,37.882971],[127.740369,37.882979],[127.740359,37.883103],[127.740362,37.883103],[127.740398,37.883115],[127.740397,37.883156],[127.740395,37.88326],[127.740391,37.883297],[127.740389,37.883312],[127.740356,37.883594],[127.740355,37.8836],[127.740354,37.883608],[127.740431,37.883614],[127.740785,37.883644],[127.740787,37.883655],[127.740856,37.883972],[127.740913,37.884309],[127.740957,37.884313],[127.740986,37.884342],[127.740985,37.884353],[127.740071,37.884362],[127.740071,37.884385],[127.740069,37.884531],[127.740069,37.88455],[127.740067,37.884716],[127.740066,37.88475],[127.740064,37.884916],[127.740064,37.884959],[127.740063,37.88498],[127.740061,37.885161],[127.740061,37.885207],[127.739896,37.8852],[127.739716,37.885147],[127.739709,37.885163],[127.739703,37.885203],[127.739713,37.885327],[127.739722,37.885445],[127.739729,37.885536],[127.739743,37.885704],[127.739748,37.885989],[127.739731,37.886156],[127.739726,37.886201],[127.739669,37.886436],[127.739602,37.8866],[127.739542,37.886725],[127.739526,37.886741],[127.739513,37.886753],[127.739495,37.886773],[127.739464,37.886807],[127.73931,37.886925],[127.739236,37.886982],[127.739044,37.887033],[127.738981,37.88705],[127.738638,37.887086],[127.738308,37.887083],[127.737998,37.887022],[127.737682,37.886914],[127.737521,37.886859],[127.73751,37.886866],[127.737371,37.886955],[127.737127,37.887273],[127.737125,37.887273],[127.737006,37.887227],[127.736944,37.887203],[127.736753,37.887049],[127.736737,37.887057],[127.736345,37.887271],[127.735733,37.887603],[127.735732,37.887604],[127.735298,37.88784],[127.734352,37.888324],[127.734423,37.888658],[127.734488,37.888963],[127.734625,37.889606],[127.735162,37.892116],[127.735121,37.892634],[127.735074,37.892925],[127.735059,37.893017],[127.73505,37.893077],[127.735035,37.893159],[127.735034,37.893159],[127.735036,37.893241],[127.735038,37.893492],[127.735048,37.894646],[127.73505,37.894842],[127.735477,37.89478],[127.736096,37.89469],[127.736508,37.894631],[127.736755,37.894595],[127.737713,37.894456],[127.7379,37.894429],[127.73891,37.894282],[127.739758,37.894159],[127.742467,37.894334],[127.743143,37.894377],[127.744164,37.894443],[127.744373,37.894676],[127.745441,37.895867],[127.74546,37.895888],[127.745459,37.895841],[127.745453,37.895256],[127.745444,37.894294],[127.745542,37.894216],[127.745619,37.894154]]]]}},
{"type":"Feature","properties":{"BASE_DATE":"20250630","ADM_CD":"32010610","ADM_NM":"후평2동"},"geometry":{"type":"MultiPolygon","coordinates":[[[[127.75175,37.87733],[127.752146,37.876817],[127.752196,37.876748],[127.752203,37.876738],[127.752204,37.876737],[127.752209,37.876731],[127.752211,37.876728],[127.75233,37.876565],[127.752406,37.876462],[127.752532,37.87629],[127.752572,37.876234],[127.752572,37.876231],[127.752572,37.876176],[127.752572,37.876174],[127.752572,37.876172],[127.752571,37.876129],[127.752567,37.875653],[127.752567,37.87565],[127.752567,37.875648],[127.752566,37.875636],[127.752563,37.875342],[127.752563,37.875328],[127.75256,37.87505],[127.752565,37.874885],[127.752566,37.874879],[127.752575,37.874549],[127.752575,37.874549],[127.752575,37.874546],[127.752575,37.874541],[127.752575,37.87454],[127.752576,37.874534],[127.752587,37.873778],[127.752587,37.873765],[127.752587,37.873765],[127.752587,37.873763],[127.752587,37.873739],[127.752605,37.873545],[127.752606,37.872956],[127.752635,37.872464],[127.752638,37.872376],[127.752648,37.872095],[127.752648,37.87206],[127.75265,37.871748],[127.75265,37.871742],[127.75265,37.87174],[127.75265,37.871707],[127.752653,37.871257],[127.752654,37.87105],[127.752655,37.870922],[127.752655,37.870918],[127.752657,37.870649],[127.75265,37.870344],[127.752673,37.870345],[127.752676,37.870166],[127.752676,37.870129],[127.752677,37.870104],[127.752678,37.869962],[127.752507,37.869949],[127.75251,37.869908],[127.752147,37.869841],[127.751806,37.869779],[127.75074,37.869737],[127.750299,37.869814],[127.750169,37.869836],[127.749929,37.869878],[127.749086,37.87034],[127.748753,37.870513],[127.748609,37.870606],[127.748355,37.870771],[127.74799,37.871007],[127.747876,37.871126],[127.747748,37.871259],[127.747597,37.871416],[127.747112,37.871906],[127.746529,37.872243],[127.746534,37.872257],[127.746563,37.872347],[127.746573,37.872377],[127.746584,37.87241],[127.746588,37.872424],[127.746646,37.8726],[127.746682,37.872711],[127.746697,37.872756],[127.746746,37.872904],[127.746752,37.872923],[127.746761,37.87295],[127.746839,37.873187],[127.746837,37.873189],[127.746639,37.873326],[127.746499,37.87341],[127.746297,37.873462],[127.746245,37.873475],[127.745727,37.873595],[127.745342,37.873667],[127.745294,37.873673],[127.745289,37.873673],[127.745268,37.873676],[127.74539,37.873836],[127.745408,37.873859],[127.745543,37.874038],[127.745563,37.874064],[127.745592,37.874103],[127.745606,37.874122],[127.745742,37.874307],[127.745772,37.874347],[127.7459,37.874521],[127.745952,37.87459],[127.745965,37.874607],[127.746215,37.87494],[127.746264,37.875004],[127.746262,37.875005],[127.746124,37.875106],[127.746106,37.875282],[127.746188,37.875472],[127.746178,37.875836],[127.746157,37.875867],[127.746143,37.875888],[127.745899,37.876246],[127.745899,37.876246],[127.745898,37.876247],[127.745896,37.87625],[127.745894,37.876252],[127.745889,37.87626],[127.745798,37.876393],[127.745729,37.876491],[127.7457,37.876533],[127.745602,37.876672],[127.745589,37.87669],[127.745536,37.876687],[127.74545,37.876666],[127.745434,37.87666],[127.745366,37.876743],[127.745343,37.876732],[127.745254,37.876691],[127.745252,37.876691],[127.745251,37.876691],[127.745245,37.876703],[127.745207,37.876776],[127.745156,37.876762],[127.745116,37.876751],[127.745078,37.876744],[127.745076,37.876743],[127.74507,37.87674],[127.745057,37.876735],[127.744908,37.876689],[127.744851,37.87678],[127.744846,37.876787],[127.744845,37.876788],[127.744845,37.876788],[127.744839,37.876789],[127.744823,37.876782],[127.744797,37.876766],[127.74466,37.876724],[127.744607,37.876841],[127.74459,37.876844],[127.744576,37.876847],[127.744566,37.876845],[127.744547,37.876843],[127.744524,37.87684],[127.744501,37.876821],[127.744431,37.876788],[127.744347,37.876893],[127.744331,37.876885],[127.744331,37.876885],[127.74433,37.876885],[127.744318,37.876904],[127.744297,37.876894],[127.744236,37.876903],[127.744155,37.876951],[127.744115,37.876962],[127.744106,37.876965],[127.74391,37.87688],[127.743783,37.876833],[127.743754,37.876822],[127.743611,37.87702],[127.743399,37.877313],[127.743196,37.877599],[127.742877,37.878038],[127.742811,37.878125],[127.74281,37.878126],[127.742809,37.878127],[127.742806,37.878131],[127.7428,37.878138],[127.742797,37.878143],[127.742549,37.878494],[127.742528,37.878524],[127.742527,37.878526],[127.742521,37.878534],[127.742395,37.878715],[127.742384,37.878731],[127.742348,37.878782],[127.74225,37.878913],[127.742243,37.878923],[127.742241,37.878927],[127.74224,37.878927],[127.741967,37.879295],[127.741924,37.879385],[127.741923,37.879386],[127.741922,37.879388],[127.742709,37.879744],[127.743217,37.879974],[127.74322,37.879976],[127.743222,37.879977],[127.743227,37.879979],[127.743239,37.879985],[127.743243,37.879986],[127.74454,37.880573],[127.744541,37.880574],[127.744555,37.88058],[127.744559,37.880582],[127.744578,37.88059],[127.744579,37.880591],[127.745841,37.881162],[127.745848,37.881165],[127.745854,37.881168],[127.745856,37.881168],[127.745857,37.881169],[127.745861,37.881171],[127.745862,37.881171],[127.745869,37.881174],[127.747147,37.881752],[127.747149,37.881754],[127.74715,37.881754],[127.747159,37.881758],[127.747164,37.88176],[127.747167,37.881762],[127.747224,37.881788],[127.747792,37.882045],[127.74783,37.882046],[127.748036,37.882051],[127.748045,37.882051],[127.748321,37.882058],[127.748537,37.881763],[127.748625,37.881649],[127.748737,37.881502],[127.748794,37.881429],[127.748826,37.881382],[127.748826,37.881382],[127.748921,37.881246],[127.748943,37.881215],[127.749066,37.881038],[127.749072,37.88103],[127.749195,37.880858],[127.749212,37.880835],[127.749268,37.880757],[127.749376,37.88061],[127.749386,37.880597],[127.749406,37.88057],[127.749516,37.880416],[127.749687,37.880177],[127.749702,37.880156],[127.749734,37.880111],[127.749746,37.880095],[127.749751,37.880089],[127.749764,37.880072],[127.749818,37.88],[127.749968,37.8798],[127.750004,37.879752],[127.750011,37.879742],[127.750101,37.879613],[127.750168,37.879518],[127.750178,37.879503],[127.75018,37.8795],[127.75018,37.8795],[127.750181,37.879498],[127.750202,37.879468],[127.750454,37.879111],[127.750636,37.878856],[127.750753,37.878694],[127.75092,37.878473],[127.750924,37.878468],[127.750925,37.878466],[127.75093,37.878459],[127.751014,37.878349],[127.75116,37.878142],[127.751177,37.878119],[127.751181,37.878112],[127.751182,37.878111],[127.751202,37.878083],[127.751407,37.877793],[127.751535,37.87762],[127.751536,37.877618],[127.751543,37.877609],[127.75175,37.87733]]]]}},
{"type":"Feature","properties":{"BASE_DATE":"20250630","ADM_CD":"32010620","ADM_NM":"후평3동"},"geometry":{"type":"MultiPolygon","coordinates":[[[[127.749536,37.883262],[127.749562,37.88326],[127.74963,37.883262],[127.749753,37.883026],[127.749805,37.882924],[127.74995,37.883038],[127.75001,37.88305],[127.750438,37.88314],[127.750702,37.883195],[127.751088,37.883275],[127.751113,37.88328],[127.751241,37.883306],[127.751671,37.883396],[127.751734,37.883411],[127.751775,37.883422],[127.751991,37.883476],[127.752014,37.88341],[127.752271,37.883467],[127.752705,37.883564],[127.752776,37.88358],[127.753003,37.883268],[127.752927,37.883255],[127.752952,37.883214],[127.752989,37.883156],[127.753044,37.883064],[127.753066,37.883028],[127.753091,37.882986],[127.753115,37.882947],[127.753193,37.882885],[127.753375,37.882739],[127.753434,37.882693],[127.753455,37.882676],[127.753651,37.88259],[127.753921,37.882387],[127.754056,37.882359],[127.754302,37.882309],[127.754444,37.88228],[127.754537,37.882261],[127.75473,37.88222],[127.754853,37.882195],[127.754878,37.88219],[127.75499,37.882167],[127.75548,37.882081],[127.755576,37.882064],[127.75544,37.881752],[127.755388,37.881627],[127.755357,37.88155],[127.755306,37.881426],[127.755274,37.881347],[127.755461,37.881199],[127.755554,37.881125],[127.755648,37.881051],[127.755696,37.880954],[127.755917,37.88051],[127.755915,37.880462],[127.755913,37.880396],[127.755974,37.880215],[127.756031,37.880046],[127.756058,37.879972],[127.756122,37.879788],[127.756268,37.879505],[127.756289,37.879464],[127.756378,37.87945],[127.756603,37.879416],[127.756698,37.87948],[127.756701,37.879483],[127.756789,37.879544],[127.756845,37.879584],[127.756982,37.879565],[127.757405,37.879508],[127.75769,37.879319],[127.757835,37.879301],[127.757863,37.879298],[127.757867,37.879125],[127.757869,37.879026],[127.757888,37.879011],[127.758131,37.878864],[127.758242,37.878796],[127.758324,37.878747],[127.758455,37.878669],[127.758863,37.878427],[127.759224,37.87813],[127.759233,37.878122],[127.759271,37.878087],[127.759273,37.878081],[127.759333,37.877921],[127.759337,37.877912],[127.759341,37.877901],[127.759351,37.877873],[127.759373,37.87781],[127.759398,37.877745],[127.759533,37.877637],[127.759645,37.877549],[127.759658,37.877538],[127.75966,37.877539],[127.759827,37.877403],[127.760033,37.877235],[127.760154,37.877125],[127.760203,37.87708],[127.760285,37.877006],[127.760291,37.877],[127.760375,37.876842],[127.760455,37.876691],[127.760496,37.876654],[127.760528,37.876624],[127.760812,37.876361],[127.760938,37.876245],[127.761059,37.876159],[127.761283,37.876],[127.761349,37.875947],[127.761522,37.875807],[127.761597,37.875747],[127.761608,37.875738],[127.761821,37.875566],[127.761932,37.875519],[127.762034,37.875381],[127.762156,37.875214],[127.762267,37.874966],[127.762463,37.87489],[127.762914,37.874697],[127.763045,37.874482],[127.763175,37.874269],[127.763298,37.874069],[127.76368,37.873738],[127.763826,37.873476],[127.763975,37.873267],[127.764343,37.873052],[127.764356,37.873044],[127.764371,37.873035],[127.764423,37.873004],[127.76448,37.87297],[127.764533,37.872938],[127.764585,37.872907],[127.764598,37.872838],[127.764612,37.872765],[127.764626,37.872642],[127.764628,37.872626],[127.764653,37.872498],[127.764689,37.872302],[127.764534,37.872157],[127.764184,37.871825],[127.764172,37.871813],[127.764092,37.871596],[127.764093,37.871579],[127.764093,37.871479],[127.764095,37.871334],[127.764033,37.871318],[127.762955,37.871429],[127.762772,37.871438],[127.762665,37.871443],[127.762639,37.871444],[127.762506,37.871446],[127.761879,37.871343],[127.761721,37.871344],[127.761661,37.871344],[127.761472,37.871374],[127.760988,37.871464],[127.76092,37.871425],[127.760889,37.871408],[127.760339,37.871251],[127.75935,37.870968],[127.759349,37.870967],[127.759172,37.870816],[127.758997,37.870827],[127.758878,37.870834],[127.758526,37.870949],[127.758509,37.870948],[127.758501,37.870852],[127.758489,37.870714],[127.758474,37.870535],[127.758468,37.870464],[127.758387,37.870461],[127.758387,37.870461],[127.758249,37.870456],[127.758005,37.870446],[127.757278,37.870419],[127.757111,37.870412],[127.756816,37.870401],[127.756102,37.870374],[127.75592,37.870367],[127.755346,37.870294],[127.755098,37.870263],[127.754461,37.870182],[127.75425,37.870155],[127.753659,37.87008],[127.753161,37.870017],[127.752807,37.869973],[127.752687,37.869963],[127.752678,37.869962],[127.752677,37.870104],[127.752676,37.870129],[127.752676,37.870166],[127.752673,37.870345],[127.75265,37.870344],[127.752657,37.870649],[127.752655,37.870918],[127.752655,37.870922],[127.752654,37.87105],[127.752653,37.871257],[127.75265,37.871707],[127.75265,37.87174],[127.75265,37.871742],[127.75265,37.871748],[127.752648,37.87206],[127.752648,37.872095],[127.752638,37.872376],[127.752635,37.872464],[127.752606,37.872956],[127.752605,37.873545],[127.752587,37.873739],[127.752587,37.873763],[127.752587,37.873765],[127.752587,37.873765],[127.752587,37.873778],[127.752576,37.874534],[127.752575,37.87454],[127.752575,37.874541],[127.752575,37.874546],[127.752575,37.874549],[127.752575,37.874549],[127.752566,37.874879],[127.752565,37.874885],[127.75256,37.87505],[127.752563,37.875328],[127.752563,37.875342],[127.752566,37.875636],[127.752567,37.875648],[127.752567,37.87565],[127.752567,37.875653],[127.752571,37.876129],[127.752572,37.876172],[127.752572,37.876174],[127.752572,37.876176],[127.752572,37.876231],[127.752572,37.876234],[127.752532,37.87629],[127.752406,37.876462],[127.75233,37.876565],[127.752211,37.876728],[127.752209,37.876731],[127.752204,37.876737],[127.752203,37.876738],[127.752196,37.876748],[127.752146,37.876817],[127.75175,37.87733],[127.751543,37.877609],[127.751536,37.877618],[127.751535,37.87762],[127.751407,37.877793],[127.751202,37.878083],[127.751182,37.878111],[127.751181,37.878112],[127.751177,37.878119],[127.75116,37.878142],[127.751014,37.878349],[127.75093,37.878459],[127.750925,37.878466],[127.750924,37.878468],[127.75092,37.878473],[127.750753,37.878694],[127.750636,37.878856],[127.750454,37.879111],[127.750202,37.879468],[127.750181,37.879498],[127.75018,37.8795],[127.75018,37.8795],[127.750178,37.879503],[127.750168,37.879518],[127.750101,37.879613],[127.750011,37.879742],[127.750004,37.879752],[127.749968,37.8798],[127.749818,37.88],[127.749764,37.880072],[127.749751,37.880089],[127.749746,37.880095],[127.749734,37.880111],[127.749702,37.880156],[127.749687,37.880177],[127.749516,37.880416],[127.749406,37.88057],[127.749386,37.880597],[127.749376,37.88061],[127.749268,37.880757],[127.749212,37.880835],[127.749195,37.880858],[127.749072,37.88103],[127.749066,37.881038],[127.748943,37.881215],[127.748921,37.881246],[127.748826,37.881382],[127.748826,37.881382],[127.748794,37.881429],[127.748737,37.881502],[127.748625,37.881649],[127.748537,37.881763],[127.748321,37.882058],[127.748045,37.882051],[127.748036,37.882051],[127.74783,37.882046],[127.747792,37.882045],[127.747944,37.882113],[127.748134,37.882308],[127.748135,37.882308],[127.748135,37.882309],[127.748158,37.882333],[127.748182,37.882357],[127.74819,37.882365],[127.748211,37.882386],[127.74834,37.882519],[127.748398,37.882635],[127.7484,37.882639],[127.748894,37.883627],[127.748902,37.883624],[127.74892,37.88362],[127.749523,37.883456],[127.749524,37.883455],[127.749527,37.883454],[127.74953,37.883454],[127.749559,37.883439],[127.74956,37.883439],[127.749571,37.883433],[127.749491,37.883266],[127.749536,37.883262]]]]}},
{"type":"Feature","properties":{"BASE_DATE":"20250630","ADM_CD":"32010630","ADM_NM":"효자1동"},"geometry":{"type":"MultiPolygon","coordinates":[[[[127.734245,37.874336],[127.734235,37.874302],[127.734185,37.874219],[127.734173,37.874199],[127.734174,37.874197],[127.734184,37.87418],[127.734092,37.873985],[127.734077,37.873938],[127.734016,37.873808],[127.734015,37.873807],[127.734011,37.873798],[127.734009,37.873795],[127.733945,37.873663],[127.733892,37.873567],[127.733888,37.873561],[127.733849,37.873499],[127.733848,37.873495],[127.733843,37.873478],[127.733827,37.87344],[127.733792,37.873392],[127.733787,37.873386],[127.733773,37.873374],[127.733716,37.87327],[127.733704,37.873249],[127.7337,37.87324],[127.733668,37.87318],[127.733668,37.87318],[127.733656,37.873152],[127.733648,37.873141],[127.733583,37.873058],[127.733576,37.873049],[127.733523,37.872982],[127.733548,37.872974],[127.733497,37.872884],[127.733478,37.872885],[127.733409,37.872791],[127.733408,37.872791],[127.733398,37.872788],[127.733385,37.872784],[127.733353,37.872774],[127.733336,37.872739],[127.733327,37.872718],[127.73334,37.872709],[127.733302,37.872651],[127.733239,37.872535],[127.733226,37.872518],[127.733199,37.872467],[127.733181,37.872433],[127.733138,37.87235],[127.733138,37.872349],[127.733112,37.872313],[127.733035,37.872207],[127.732959,37.872107],[127.732959,37.872106],[127.732896,37.87199],[127.73289,37.87198],[127.732867,37.871939],[127.732824,37.871828],[127.732817,37.871811],[127.732763,37.871705],[127.732743,37.871711],[127.732575,37.871765],[127.732563,37.871769],[127.732546,37.871739],[127.732504,37.871665],[127.732382,37.871445],[127.732314,37.871306],[127.73224,37.871338],[127.732146,37.871379],[127.732136,37.871384],[127.732032,37.871429],[127.732026,37.871432],[127.732026,37.87143],[127.731975,37.871338],[127.732026,37.87123],[127.732056,37.871151],[127.731979,37.871038],[127.731958,37.871007],[127.731951,37.870998],[127.731947,37.870992],[127.731913,37.870951],[127.731877,37.870883],[127.731831,37.870857],[127.731786,37.870832],[127.731399,37.870578],[127.731284,37.870493],[127.731282,37.870491],[127.73118,37.870415],[127.731396,37.870253],[127.731227,37.870102],[127.73122,37.870096],[127.731041,37.870216],[127.730969,37.870156],[127.730969,37.870154],[127.730968,37.870148],[127.730974,37.870142],[127.730983,37.870134],[127.730979,37.870129],[127.730937,37.870081],[127.730994,37.870038],[127.73108,37.869972],[127.731075,37.869967],[127.73107,37.869962],[127.730959,37.869865],[127.730806,37.869727],[127.730771,37.869696],[127.730665,37.869603],[127.730661,37.869599],[127.730653,37.869592],[127.730506,37.869461],[127.730141,37.869134],[127.730124,37.869119],[127.729896,37.869262],[127.729811,37.869179],[127.729739,37.869223],[127.729722,37.869206],[127.729659,37.869142],[127.729621,37.869103],[127.729598,37.86908],[127.729478,37.869151],[127.729421,37.86909],[127.729418,37.869087],[127.729401,37.869069],[127.729399,37.869067],[127.72921,37.869174],[127.7292,37.86918],[127.728705,37.86873],[127.728676,37.868703],[127.728658,37.868711],[127.728487,37.86879],[127.728464,37.8688],[127.728445,37.868809],[127.728342,37.868856],[127.728317,37.868828],[127.728215,37.868709],[127.72817,37.868654],[127.72816,37.868641],[127.728178,37.868627],[127.728152,37.868596],[127.728106,37.868555],[127.72806,37.868514],[127.728037,37.868492],[127.728003,37.868459],[127.728001,37.868456],[127.727998,37.868454],[127.727982,37.868438],[127.727973,37.86843],[127.727971,37.868429],[127.72797,37.868428],[127.727969,37.868427],[127.727967,37.868425],[127.727963,37.868421],[127.727962,37.86842],[127.728046,37.868355],[127.727949,37.868276],[127.727846,37.868351],[127.727818,37.868341],[127.727792,37.868332],[127.727733,37.868312],[127.727732,37.868312],[127.72773,37.868311],[127.727727,37.86831],[127.727708,37.868303],[127.727647,37.868367],[127.727628,37.868354],[127.727626,37.868352],[127.727485,37.868253],[127.727485,37.868253],[127.72749,37.868249],[127.727488,37.868246],[127.727487,37.868244],[127.727487,37.868243],[127.727484,37.86824],[127.727381,37.86817],[127.727353,37.86815],[127.727345,37.868146],[127.727318,37.868131],[127.727307,37.868125],[127.727238,37.868191],[127.727019,37.868378],[127.726983,37.86841],[127.726905,37.868478],[127.726791,37.868585],[127.726727,37.868645],[127.726699,37.86867],[127.726693,37.868662],[127.726343,37.868211],[127.726296,37.868152],[127.726296,37.868152],[127.726288,37.868142],[127.726176,37.868203],[127.725137,37.868769],[127.724699,37.869008],[127.724655,37.869032],[127.724357,37.869231],[127.724095,37.869363],[127.723965,37.869429],[127.723805,37.869509],[127.723785,37.869515],[127.723696,37.869398],[127.723438,37.869536],[127.723389,37.869563],[127.723312,37.869614],[127.723286,37.869631],[127.723191,37.869676],[127.723013,37.869768],[127.721988,37.870298],[127.721946,37.870325],[127.721839,37.870393],[127.721746,37.870455],[127.721718,37.870472],[127.721691,37.870494],[127.720837,37.870708],[127.720706,37.870834],[127.720678,37.870861],[127.72037,37.871158],[127.72045,37.871249],[127.720499,37.871305],[127.72056,37.871376],[127.720579,37.871398],[127.720619,37.871456],[127.720674,37.871453],[127.720679,37.871453],[127.720697,37.871471],[127.720699,37.871474],[127.72067,37.871583],[127.720646,37.871674],[127.720668,37.871665],[127.720901,37.871579],[127.721111,37.871496],[127.721574,37.871313],[127.721765,37.871272],[127.721891,37.871193],[127.722184,37.871009],[127.722199,37.871004],[127.722552,37.870958],[127.722853,37.870858],[127.722965,37.870929],[127.723219,37.871074],[127.723487,37.871227],[127.723487,37.871227],[127.724238,37.871656],[127.724315,37.8717],[127.724803,37.871973],[127.724942,37.872051],[127.725845,37.872556],[127.726175,37.87274],[127.726176,37.872741],[127.726285,37.872806],[127.726342,37.872844],[127.726368,37.872866],[127.726395,37.872893],[127.726428,37.872933],[127.72648,37.872992],[127.727145,37.873843],[127.727446,37.874228],[127.727773,37.874646],[127.727823,37.874694],[127.727866,37.874725],[127.727915,37.874754],[127.727969,37.874781],[127.72802,37.874805],[127.728028,37.874809],[127.728096,37.874832],[127.728149,37.874842],[127.728224,37.874842],[127.728244,37.874839],[127.728282,37.874829],[127.728672,37.874724],[127.72894,37.874652],[127.728942,37.874652],[127.729111,37.874607],[127.729239,37.874572],[127.729556,37.874815],[127.729758,37.874956],[127.729886,37.875023],[127.72994,37.87504],[127.729985,37.875043],[127.73002,37.875044],[127.730086,37.875035],[127.730144,37.875022],[127.730205,37.875003],[127.730569,37.874819],[127.731261,37.87447],[127.731283,37.874459],[127.73135,37.874425],[127.731394,37.874405],[127.731443,37.874389],[127.731578,37.874351],[127.73163,37.87434],[127.731654,37.874337],[127.731692,37.874331],[127.731723,37.874333],[127.7318,37.87434],[127.732198,37.874374],[127.732434,37.874398],[127.732516,37.874407],[127.732568,37.874416],[127.732603,37.874424],[127.732646,37.874441],[127.732694,37.874463],[127.732742,37.874491],[127.73279,37.874541],[127.733074,37.87484],[127.733307,37.875085],[127.733374,37.875159],[127.733399,37.875145],[127.7334,37.875143],[127.733445,37.875119],[127.733783,37.874925],[127.733953,37.874822],[127.734163,37.874706],[127.734068,37.874547],[127.734081,37.874536],[127.734208,37.874435],[127.734209,37.874431],[127.734209,37.874431],[127.73421,37.874413],[127.734211,37.874405],[127.734248,37.874382],[127.73426,37.874374],[127.73426,37.874372],[127.734246,37.874342],[127.734245,37.874336]]]]}},
{"type":"Feature","properties":{"BASE_DATE":"20250630","ADM_CD":"32010640","ADM_NM":"효자2동"},"geometry":{"type":"MultiPolygon","coordinates":[[[[127.737274,37.875987],[127.737853,37.875725],[127.738075,37.875628],[127.738077,37.875627],[127.738078,37.875627],[127.738084,37.875624],[127.738093,37.87562],[127.738094,37.87562],[127.738098,37.875618],[127.738456,37.875461],[127.739081,37.875181],[127.739123,37.875162],[127.739128,37.875159],[127.739148,37.875151],[127.73975,37.874879],[127.740011,37.874764],[127.740025,37.874757],[127.739842,37.874496],[127.739832,37.874494],[127.739813,37.874491],[127.739809,37.87449],[127.739789,37.874459],[127.739717,37.874346],[127.739717,37.874345],[127.73971,37.874334],[127.73975,37.874316],[127.739802,37.874292],[127.739866,37.874263],[127.739883,37.874255],[127.739885,37.874254],[127.739939,37.87423],[127.740174,37.874107],[127.740277,37.87405],[127.740351,37.874009],[127.740462,37.873997],[127.740672,37.874011],[127.740677,37.874013],[127.740821,37.87405],[127.740867,37.87405],[127.740877,37.874056],[127.740913,37.874052],[127.741021,37.874041],[127.741068,37.874021],[127.74107,37.87402],[127.741075,37.874018],[127.741077,37.874017],[127.741253,37.87394],[127.741296,37.873875],[127.741607,37.873748],[127.741649,37.87373],[127.74165,37.87373],[127.741723,37.873699],[127.741778,37.873675],[127.741967,37.873583],[127.742007,37.873575],[127.742191,37.873499],[127.742189,37.873496],[127.742191,37.873496],[127.742193,37.873504],[127.742194,37.873504],[127.742203,37.8735],[127.742516,37.873368],[127.742499,37.873327],[127.742499,37.873325],[127.742497,37.873317],[127.742519,37.873309],[127.742559,37.873296],[127.742568,37.873301],[127.742642,37.873278],[127.742664,37.873272],[127.742678,37.873267],[127.742729,37.873252],[127.742834,37.873214],[127.743177,37.873091],[127.743555,37.87294],[127.743873,37.872802],[127.744044,37.872737],[127.744336,37.872799],[127.744422,37.872771],[127.744453,37.87276],[127.744558,37.872725],[127.744566,37.872723],[127.74459,37.872715],[127.744732,37.872668],[127.744781,37.872652],[127.744806,37.872644],[127.745217,37.872543],[127.745795,37.872407],[127.7458,37.872406],[127.745808,37.872404],[127.746329,37.872282],[127.746513,37.872246],[127.746529,37.872243],[127.747112,37.871906],[127.747597,37.871416],[127.747748,37.871259],[127.747876,37.871126],[127.74799,37.871007],[127.748355,37.870771],[127.748609,37.870606],[127.748753,37.870513],[127.749086,37.87034],[127.749929,37.869878],[127.750169,37.869836],[127.750299,37.869814],[127.75074,37.869737],[127.751806,37.869779],[127.752147,37.869841],[127.75251,37.869908],[127.752522,37.869762],[127.752525,37.869559],[127.75253,37.869206],[127.752535,37.868869],[127.752535,37.868851],[127.752535,37.868828],[127.752538,37.868716],[127.752537,37.86867],[127.752533,37.868625],[127.752528,37.86858],[127.75252,37.868532],[127.752511,37.868487],[127.752499,37.868439],[127.752486,37.868396],[127.752468,37.868344],[127.75245,37.8683],[127.75245,37.868299],[127.752431,37.868256],[127.75241,37.868213],[127.752386,37.868171],[127.75235,37.868116],[127.752325,37.868076],[127.752313,37.868059],[127.752296,37.868037],[127.752266,37.867999],[127.752235,37.867962],[127.752201,37.867925],[127.752166,37.867889],[127.75213,37.867855],[127.751215,37.867038],[127.751158,37.866988],[127.750256,37.866181],[127.749962,37.865917],[127.749602,37.865595],[127.748423,37.86454],[127.748419,37.864536],[127.748418,37.864544],[127.748408,37.864642],[127.748447,37.864798],[127.748395,37.864828],[127.74821,37.865277],[127.748195,37.865341],[127.748246,37.865511],[127.748293,37.865665],[127.748419,37.865736],[127.748421,37.865819],[127.74818,37.865851],[127.74802,37.865986],[127.747996,37.866084],[127.747816,37.866147],[127.747757,37.866177],[127.747358,37.865923],[127.746858,37.866039],[127.74637,37.865529],[127.746285,37.865552],[127.746076,37.865606],[127.746052,37.865612],[127.745869,37.86566],[127.745523,37.865584],[127.745476,37.865574],[127.745296,37.865535],[127.745243,37.865523],[127.74524,37.865445],[127.745097,37.865583],[127.744886,37.865787],[127.744657,37.866008],[127.744636,37.865855],[127.744419,37.865709],[127.74403,37.865461],[127.743939,37.865386],[127.74384,37.865304],[127.743327,37.864884],[127.742907,37.864717],[127.742751,37.864571],[127.742701,37.864511],[127.742538,37.864435],[127.742511,37.864422],[127.742394,37.864376],[127.742365,37.864341],[127.742311,37.864275],[127.74215,37.864225],[127.742117,37.864215],[127.742109,37.864196],[127.742102,37.864178],[127.742098,37.864168],[127.742092,37.864153],[127.741985,37.863903],[127.741921,37.863792],[127.741635,37.863542],[127.741625,37.863533],[127.741554,37.863474],[127.741614,37.863197],[127.741591,37.8631],[127.741587,37.863085],[127.74165,37.863032],[127.74166,37.862983],[127.741661,37.862764],[127.741659,37.862625],[127.741653,37.862138],[127.741653,37.862105],[127.741658,37.862077],[127.741669,37.862021],[127.741596,37.861984],[127.741596,37.861961],[127.741596,37.861937],[127.741595,37.861936],[127.741595,37.861921],[127.741539,37.861834],[127.741516,37.861842],[127.741231,37.861937],[127.740827,37.862072],[127.740816,37.862076],[127.740785,37.862086],[127.74046,37.862195],[127.740262,37.862268],[127.739679,37.862537],[127.739643,37.862554],[127.739561,37.862592],[127.739331,37.862698],[127.73929,37.862717],[127.738736,37.862974],[127.738625,37.863025],[127.738402,37.863128],[127.737776,37.863421],[127.737669,37.863471],[127.737645,37.863481],[127.737231,37.863671],[127.737201,37.863685],[127.737052,37.863755],[127.736925,37.863814],[127.736924,37.863815],[127.736656,37.863526],[127.736589,37.863455],[127.736584,37.86345],[127.736382,37.863237],[127.736369,37.863223],[127.73621,37.863055],[127.736186,37.86303],[127.736169,37.863013],[127.736147,37.862991],[127.736003,37.862851],[127.73593,37.862795],[127.735925,37.862791],[127.735905,37.862807],[127.735881,37.862828],[127.735854,37.862852],[127.735851,37.862849],[127.735683,37.862668],[127.73494,37.863239],[127.734678,37.863441],[127.734571,37.863523],[127.734408,37.86358],[127.733949,37.863738],[127.733608,37.863856],[127.733306,37.86396],[127.733282,37.863969],[127.733216,37.863956],[127.733116,37.863937],[127.732851,37.863885],[127.732701,37.863856],[127.732668,37.863844],[127.732581,37.863813],[127.732562,37.86381],[127.732502,37.863842],[127.732418,37.863886],[127.732352,37.863921],[127.73229,37.863954],[127.732162,37.864023],[127.732152,37.864024],[127.732146,37.864026],[127.732108,37.864015],[127.732048,37.864],[127.732023,37.863993],[127.731813,37.863938],[127.731754,37.863987],[127.731701,37.864032],[127.731673,37.864054],[127.731623,37.864093],[127.73157,37.864138],[127.731536,37.864166],[127.73152,37.86418],[127.73152,37.86418],[127.731502,37.864195],[127.731342,37.864322],[127.731316,37.864342],[127.731168,37.864457],[127.731154,37.864468],[127.731158,37.864473],[127.731182,37.864504],[127.73118,37.864505],[127.731069,37.864555],[127.731047,37.864548],[127.730876,37.86468],[127.730871,37.864683],[127.730847,37.864701],[127.730683,37.864828],[127.730542,37.864937],[127.730409,37.865039],[127.730338,37.865076],[127.730316,37.865087],[127.730064,37.86522],[127.730065,37.865223],[127.730115,37.865361],[127.730207,37.865622],[127.730328,37.865962],[127.73012,37.866075],[127.73011,37.86608],[127.730109,37.866081],[127.730076,37.866098],[127.730038,37.866119],[127.729639,37.866336],[127.729557,37.86638],[127.729558,37.866386],[127.729472,37.866445],[127.729464,37.866431],[127.729266,37.866539],[127.729171,37.86659],[127.729159,37.866596],[127.72915,37.866589],[127.729139,37.866581],[127.729134,37.866577],[127.729085,37.866612],[127.729058,37.866632],[127.728984,37.866683],[127.728768,37.866839],[127.728693,37.866893],[127.728598,37.86696],[127.728443,37.867095],[127.728354,37.867172],[127.728353,37.867171],[127.72823,37.867269],[127.728125,37.867283],[127.728123,37.867283],[127.72811,37.867289],[127.728032,37.867325],[127.727988,37.867345],[127.727969,37.867353],[127.727911,37.867379],[127.727848,37.867409],[127.727782,37.867439],[127.727579,37.867532],[127.727546,37.867537],[127.727503,37.867559],[127.727465,37.867583],[127.727263,37.867675],[127.727217,37.867696],[127.726669,37.867945],[127.7266,37.867976],[127.7266,37.867976],[127.726547,37.868],[127.726288,37.868142],[127.726296,37.868152],[127.726296,37.868152],[127.726343,37.868211],[127.726693,37.868662],[127.726699,37.86867],[127.726727,37.868645],[127.726791,37.868585],[127.726905,37.868478],[127.726983,37.86841],[127.727019,37.868378],[127.727238,37.868191],[127.727307,37.868125],[127.727318,37.868131],[127.727345,37.868146],[127.727353,37.86815],[127.727381,37.86817],[127.727484,37.86824],[127.727487,37.868243],[127.727487,37.868244],[127.727488,37.868246],[127.72749,37.868249],[127.727485,37.868253],[127.727485,37.868253],[127.727626,37.868352],[127.727628,37.868354],[127.727647,37.868367],[127.727708,37.868303],[127.727727,37.86831],[127.72773,37.868311],[127.727732,37.868312],[127.727733,37.868312],[127.727792,37.868332],[127.727818,37.868341],[127.727846,37.868351],[127.727949,37.868276],[127.728046,37.868355],[127.727962,37.86842],[127.727963,37.868421],[127.727967,37.868425],[127.727969,37.868427],[127.72797,37.868428],[127.727971,37.868429],[127.727973,37.86843],[127.727982,37.868438],[127.727998,37.868454],[127.728001,37.868456],[127.728003,37.868459],[127.728037,37.868492],[127.72806,37.868514],[127.728106,37.868555],[127.728152,37.868596],[127.728178,37.868627],[127.72816,37.868641],[127.72817,37.868654],[127.728215,37.868709],[127.728317,37.868828],[127.728342,37.868856],[127.728445,37.868809],[127.728464,37.8688],[127.728487,37.86879],[127.728658,37.868711],[127.728676,37.868703],[127.728705,37.86873],[127.7292,37.86918],[127.72921,37.869174],[127.729399,37.869067],[127.729401,37.869069],[127.729418,37.869087],[127.729421,37.86909],[127.729478,37.869151],[127.729598,37.86908],[127.729621,37.869103],[127.729659,37.869142],[127.729722,37.869206],[127.729739,37.869223],[127.729811,37.869179],[127.729896,37.869262],[127.730124,37.869119],[127.730141,37.869134],[127.730506,37.869461],[127.730653,37.869592],[127.730661,37.869599],[127.730665,37.869603],[127.730771,37.869696],[127.730806,37.869727],[127.730959,37.869865],[127.73107,37.869962],[127.731075,37.869967],[127.73108,37.869972],[127.730994,37.870038],[127.730937,37.870081],[127.730979,37.870129],[127.730983,37.870134],[127.730974,37.870142],[127.730968,37.870148],[127.730969,37.870154],[127.730969,37.870156],[127.731041,37.870216],[127.73122,37.870096],[127.731227,37.870102],[127.731396,37.870253],[127.73118,37.870415],[127.731282,37.870491],[127.731284,37.870493],[127.731399,37.870578],[127.731786,37.870832],[127.731831,37.870857],[127.731877,37.870883],[127.731913,37.870951],[127.731947,37.870992],[127.731951,37.870998],[127.731958,37.871007],[127.731979,37.871038],[127.732056,37.871151],[127.732026,37.87123],[127.731975,37.871338],[127.732026,37.87143],[127.732026,37.871432],[127.732032,37.871429],[127.732136,37.871384],[127.732146,37.871379],[127.73224,37.871338],[127.732314,37.871306],[127.732382,37.871445],[127.732504,37.871665],[127.732546,37.871739],[127.732563,37.871769],[127.732575,37.871765],[127.732743,37.871711],[127.732763,37.871705],[127.732817,37.871811],[127.732824,37.871828],[127.732867,37.871939],[127.73289,37.87198],[127.732896,37.87199],[127.732959,37.872106],[127.732959,37.872107],[127.733035,37.872207],[127.733112,37.872313],[127.733138,37.872349],[127.733138,37.87235],[127.733181,37.872433],[127.733199,37.872467],[127.733226,37.872518],[127.733239,37.872535],[127.733302,37.872651],[127.73334,37.872709],[127.733327,37.872718],[127.733336,37.872739],[127.733353,37.872774],[127.733385,37.872784],[127.733398,37.872788],[127.733408,37.872791],[127.733409,37.872791],[127.733478,37.872885],[127.733497,37.872884],[127.733548,37.872974],[127.733523,37.872982],[127.733576,37.873049],[127.733583,37.873058],[127.733648,37.873141],[127.733656,37.873152],[127.733668,37.87318],[127.733668,37.87318],[127.7337,37.87324],[127.733704,37.873249],[127.733716,37.87327],[127.733773,37.873374],[127.733787,37.873386],[127.733792,37.873392],[127.733827,37.87344],[127.733843,37.873478],[127.733848,37.873495],[127.733849,37.873499],[127.733888,37.873561],[127.733892,37.873567],[127.733945,37.873663],[127.734009,37.873795],[127.734011,37.873798],[127.734015,37.873807],[127.734016,37.873808],[127.734077,37.873938],[127.734092,37.873985],[127.734184,37.87418],[127.734174,37.874197],[127.734173,37.874199],[127.734185,37.874219],[127.734235,37.874302],[127.734245,37.874336],[127.734246,37.874342],[127.73426,37.874372],[127.73426,37.874374],[127.734248,37.874382],[127.734211,37.874405],[127.73421,37.874413],[127.734209,37.874431],[127.734209,37.874431],[127.734208,37.874435],[127.734081,37.874536],[127.734068,37.874547],[127.734163,37.874706],[127.733953,37.874822],[127.733783,37.874925],[127.733445,37.875119],[127.7334,37.875143],[127.733399,37.875145],[127.73341,37.875157],[127.733467,37.875218],[127.733774,37.875554],[127.733865,37.875653],[127.733895,37.875697],[127.733907,37.87572],[127.733913,37.875746],[127.733912,37.875779],[127.733892,37.875917],[127.733849,37.87623],[127.733833,37.876339],[127.73382,37.876446],[127.73382,37.876448],[127.733837,37.87645],[127.73479,37.876538],[127.734791,37.876529],[127.734795,37.876506],[127.734865,37.876055],[127.734871,37.876015],[127.73491,37.876002],[127.735438,37.875824],[127.73544,37.875829],[127.735445,37.875837],[127.735846,37.876612],[127.735849,37.87661],[127.735865,37.876604],[127.735876,37.876599],[127.735895,37.876591],[127.735896,37.876591],[127.736225,37.876452],[127.736844,37.87618],[127.736854,37.876175],[127.736865,37.87617],[127.736871,37.876167],[127.736877,37.876165],[127.737274,37.875987]]]]}},
{"type":"Feature","properties":{"BASE_DATE":"20250630","ADM_CD":"32010650","ADM_NM":"효자3동"},"geometry":{"type":"MultiPolygon","coordinates":[[[[127.742877,37.878038],[127.743196,37.877599],[127.743399,37.877313],[127.743611,37.87702],[127.743754,37.876822],[127.743783,37.876833],[127.74391,37.87688],[127.744106,37.876965],[127.744115,37.876962],[127.744155,37.876951],[127.744236,37.876903],[127.744297,37.876894],[127.744318,37.876904],[127.74433,37.876885],[127.744331,37.876885],[127.744331,37.876885],[127.744347,37.876893],[127.744431,37.876788],[127.744501,37.876821],[127.744524,37.87684],[127.744547,37.876843],[127.744566,37.876845],[127.744576,37.876847],[127.74459,37.876844],[127.744607,37.876841],[127.74466,37.876724],[127.744797,37.876766],[127.744823,37.876782],[127.744839,37.876789],[127.744845,37.876788],[127.744845,37.876788],[127.744846,37.876787],[127.744851,37.87678],[127.744908,37.876689],[127.745057,37.876735],[127.74507,37.87674],[127.745076,37.876743],[127.745078,37.876744],[127.745116,37.876751],[127.745156,37.876762],[127.745207,37.876776],[127.745245,37.876703],[127.745251,37.876691],[127.745252,37.876691],[127.745254,37.876691],[127.745343,37.876732],[127.745366,37.876743],[127.745434,37.87666],[127.74545,37.876666],[127.745536,37.876687],[127.745589,37.87669],[127.745602,37.876672],[127.7457,37.876533],[127.745729,37.876491],[127.745798,37.876393],[127.745889,37.87626],[127.745894,37.876252],[127.745896,37.87625],[127.745898,37.876247],[127.745899,37.876246],[127.745899,37.876246],[127.746143,37.875888],[127.746157,37.875867],[127.746178,37.875836],[127.746188,37.875472],[127.746106,37.875282],[127.746124,37.875106],[127.746262,37.875005],[127.746264,37.875004],[127.746215,37.87494],[127.745965,37.874607],[127.745952,37.87459],[127.7459,37.874521],[127.745772,37.874347],[127.745742,37.874307],[127.745606,37.874122],[127.745592,37.874103],[127.745563,37.874064],[127.745543,37.874038],[127.745408,37.873859],[127.74539,37.873836],[127.745268,37.873676],[127.745289,37.873673],[127.745294,37.873673],[127.745342,37.873667],[127.745727,37.873595],[127.746245,37.873475],[127.746297,37.873462],[127.746499,37.87341],[127.746639,37.873326],[127.746837,37.873189],[127.746839,37.873187],[127.746761,37.87295],[127.746752,37.872923],[127.746746,37.872904],[127.746697,37.872756],[127.746682,37.872711],[127.746646,37.8726],[127.746588,37.872424],[127.746584,37.87241],[127.746573,37.872377],[127.746563,37.872347],[127.746534,37.872257],[127.746529,37.872243],[127.746513,37.872246],[127.746329,37.872282],[127.745808,37.872404],[127.7458,37.872406],[127.745795,37.872407],[127.745217,37.872543],[127.744806,37.872644],[127.744781,37.872652],[127.744732,37.872668],[127.74459,37.872715],[127.744566,37.872723],[127.744558,37.872725],[127.744453,37.87276],[127.744422,37.872771],[127.744336,37.872799],[127.744044,37.872737],[127.743873,37.872802],[127.743555,37.87294],[127.743177,37.873091],[127.742834,37.873214],[127.742729,37.873252],[127.742678,37.873267],[127.742664,37.873272],[127.742642,37.873278],[127.742568,37.873301],[127.742559,37.873296],[127.742519,37.873309],[127.742497,37.873317],[127.742499,37.873325],[127.742499,37.873327],[127.742516,37.873368],[127.742203,37.8735],[127.742194,37.873504],[127.742193,37.873504],[127.742191,37.873496],[127.742189,37.873496],[127.742191,37.873499],[127.742007,37.873575],[127.741967,37.873583],[127.741778,37.873675],[127.741723,37.873699],[127.74165,37.87373],[127.741649,37.87373],[127.741607,37.873748],[127.741296,37.873875],[127.741253,37.87394],[127.741077,37.874017],[127.741075,37.874018],[127.74107,37.87402],[127.741068,37.874021],[127.741021,37.874041],[127.740913,37.874052],[127.740877,37.874056],[127.740867,37.87405],[127.740821,37.87405],[127.740677,37.874013],[127.740672,37.874011],[127.740462,37.873997],[127.740351,37.874009],[127.740277,37.87405],[127.740174,37.874107],[127.739939,37.87423],[127.739885,37.874254],[127.739883,37.874255],[127.739866,37.874263],[127.739802,37.874292],[127.73975,37.874316],[127.73971,37.874334],[127.739717,37.874345],[127.739717,37.874346],[127.739789,37.874459],[127.739809,37.87449],[127.739813,37.874491],[127.739832,37.874494],[127.739842,37.874496],[127.740025,37.874757],[127.740011,37.874764],[127.73975,37.874879],[127.739148,37.875151],[127.739128,37.875159],[127.739123,37.875162],[127.739081,37.875181],[127.738456,37.875461],[127.738098,37.875618],[127.738094,37.87562],[127.738093,37.87562],[127.738084,37.875624],[127.738078,37.875627],[127.738077,37.875627],[127.738075,37.875628],[127.737853,37.875725],[127.737274,37.875987],[127.736877,37.876165],[127.736871,37.876167],[127.736865,37.87617],[127.736854,37.876175],[127.736844,37.87618],[127.736225,37.876452],[127.735896,37.876591],[127.735895,37.876591],[127.735876,37.876599],[127.735865,37.876604],[127.735849,37.87661],[127.735846,37.876612],[127.735445,37.875837],[127.73544,37.875829],[127.735438,37.875824],[127.73491,37.876002],[127.734871,37.876015],[127.734865,37.876055],[127.734795,37.876506],[127.734791,37.876529],[127.73479,37.876538],[127.734791,37.876538],[127.734814,37.87654],[127.735719,37.876619],[127.735775,37.876624],[127.735773,37.876626],[127.735551,37.876884],[127.735194,37.877315],[127.735183,37.877328],[127.735193,37.877334],[127.735237,37.877358],[127.735648,37.877573],[127.735704,37.877603],[127.735804,37.877602],[127.73636,37.877814],[127.73646,37.877893],[127.736486,37.877915],[127.736504,37.877926],[127.736553,37.877964],[127.736573,37.877945],[127.736583,37.877936],[127.736664,37.878007],[127.736756,37.878074],[127.736831,37.878132],[127.736846,37.878143],[127.736855,37.87815],[127.73686,37.878154],[127.736895,37.878181],[127.736929,37.878199],[127.737126,37.87828],[127.737193,37.878314],[127.737224,37.87833],[127.737322,37.878376],[127.737405,37.878415],[127.737456,37.878438],[127.737489,37.878454],[127.737593,37.878505],[127.73762,37.878518],[127.737624,37.87852],[127.737648,37.878532],[127.737792,37.87857],[127.737958,37.878614],[127.738081,37.878647],[127.738195,37.878678],[127.738281,37.8787],[127.738302,37.878706],[127.738499,37.878759],[127.738652,37.878799],[127.738682,37.878807],[127.738734,37.878821],[127.738786,37.878835],[127.73882,37.878844],[127.738875,37.878855],[127.738877,37.878876],[127.738879,37.878893],[127.738942,37.878994],[127.738954,37.879023],[127.738929,37.879053],[127.738947,37.879088],[127.738973,37.879126],[127.739009,37.879179],[127.739054,37.879216],[127.739096,37.879251],[127.739168,37.879309],[127.739314,37.879429],[127.739389,37.879474],[127.739379,37.879481],[127.73953,37.879621],[127.739536,37.879627],[127.739532,37.879635],[127.739523,37.879736],[127.739506,37.879907],[127.739504,37.879928],[127.739494,37.880059],[127.739489,37.880166],[127.739527,37.880191],[127.739538,37.880198],[127.739554,37.880301],[127.739574,37.880305],[127.740083,37.880401],[127.740171,37.880419],[127.740217,37.880428],[127.740723,37.880526],[127.740719,37.88054],[127.740733,37.880543],[127.740734,37.880543],[127.74076,37.880548],[127.740981,37.880594],[127.741041,37.880606],[127.741326,37.880662],[127.741329,37.880649],[127.74133,37.880649],[127.741432,37.880286],[127.741536,37.879967],[127.741572,37.879873],[127.741573,37.879872],[127.741576,37.879864],[127.741579,37.879856],[127.741583,37.879851],[127.741616,37.87981],[127.74164,37.879781],[127.741917,37.879395],[127.741922,37.879388],[127.741923,37.879386],[127.741924,37.879385],[127.741967,37.879295],[127.74224,37.878927],[127.742241,37.878927],[127.742243,37.878923],[127.74225,37.878913],[127.742348,37.878782],[127.742384,37.878731],[127.742395,37.878715],[127.742521,37.878534],[127.742527,37.878526],[127.742528,37.878524],[127.742549,37.878494],[127.742797,37.878143],[127.7428,37.878138],[127.742806,37.878131],[127.742809,37.878127],[127.74281,37.878126],[127.742811,37.878125],[127.742877,37.878038]]]]}},
{"type":"Feature","properties":{"BASE_DATE":"20250630","ADM_CD":"32010660","ADM_NM":"석사동"},"geometry":{"type":"MultiPolygon","coordinates":[[[[127.761721,37.871344],[127.761879,37.871343],[127.762506,37.871446],[127.762639,37.871444],[127.762665,37.871443],[127.762772,37.871438],[127.762955,37.871429],[127.764033,37.871318],[127.764095,37.871334],[127.76417,37.871335],[127.764187,37.871335],[127.764245,37.871335],[127.764309,37.871336],[127.764559,37.871244],[127.764867,37.871129],[127.765414,37.871095],[127.76598,37.871056],[127.766043,37.87105],[127.76609,37.871019],[127.76628,37.870879],[127.766545,37.870548],[127.766607,37.870473],[127.76683,37.870438],[127.767112,37.870126],[127.767157,37.870125],[127.76763,37.870114],[127.768014,37.870104],[127.768378,37.870117],[127.768611,37.870098],[127.768661,37.870094],[127.768781,37.870054],[127.769036,37.869965],[127.769087,37.869717],[127.769176,37.869669],[127.769447,37.869522],[127.769627,37.869145],[127.769458,37.86907],[127.769447,37.869063],[127.769199,37.868885],[127.769167,37.868862],[127.769085,37.868798],[127.768984,37.868797],[127.768811,37.868795],[127.76875,37.868795],[127.768711,37.868768],[127.768585,37.86868],[127.768426,37.86859],[127.768229,37.868517],[127.767957,37.868416],[127.767966,37.868244],[127.767975,37.868055],[127.767978,37.868001],[127.767978,37.867999],[127.767843,37.867881],[127.767743,37.867793],[127.767677,37.867734],[127.767639,37.867702],[127.767534,37.867471],[127.767471,37.867331],[127.767546,37.867216],[127.767597,37.867137],[127.767559,37.867026],[127.767497,37.86685],[127.767442,37.86669],[127.767436,37.866585],[127.767425,37.866412],[127.767421,37.866342],[127.767125,37.866429],[127.766897,37.866496],[127.766503,37.866261],[127.766325,37.866154],[127.766222,37.866067],[127.766015,37.865893],[127.766049,37.865705],[127.765978,37.865435],[127.765967,37.865395],[127.765819,37.865169],[127.765639,37.865093],[127.765438,37.865008],[127.76522,37.864917],[127.765158,37.864705],[127.765153,37.86469],[127.765128,37.864686],[127.765024,37.864672],[127.764738,37.864632],[127.764511,37.8646],[127.764469,37.86457],[127.76408,37.864288],[127.763939,37.864187],[127.763481,37.864265],[127.763232,37.86431],[127.763141,37.864327],[127.76273,37.864321],[127.762618,37.864076],[127.762588,37.864009],[127.762466,37.86374],[127.762322,37.863423],[127.761664,37.863158],[127.761518,37.863347],[127.761516,37.86335],[127.761507,37.863362],[127.761483,37.863361],[127.761278,37.863354],[127.761112,37.863347],[127.760911,37.86334],[127.760879,37.863345],[127.760492,37.863404],[127.760354,37.863496],[127.759888,37.863406],[127.75917,37.863331],[127.758773,37.863249],[127.758741,37.863243],[127.758447,37.863182],[127.758369,37.863165],[127.758318,37.863155],[127.758249,37.863001],[127.758259,37.862966],[127.75829,37.862852],[127.75838,37.862527],[127.758056,37.862463],[127.757783,37.862408],[127.757278,37.862307],[127.756485,37.862148],[127.756216,37.862094],[127.756197,37.862091],[127.756185,37.862088],[127.755932,37.862045],[127.755994,37.86189],[127.756068,37.861936],[127.756372,37.861339],[127.75618,37.860995],[127.756168,37.860964],[127.756136,37.86088],[127.756068,37.860702],[127.755293,37.860657],[127.754769,37.860481],[127.754764,37.860479],[127.754731,37.860468],[127.754723,37.860465],[127.754397,37.860025],[127.754029,37.859528],[127.753935,37.859079],[127.753318,37.859065],[127.753241,37.858899],[127.753181,37.858769],[127.753204,37.85875],[127.753293,37.858675],[127.753038,37.858357],[127.752893,37.858177],[127.752892,37.858177],[127.752892,37.858176],[127.752775,37.858031],[127.752752,37.858002],[127.752651,37.857876],[127.7526,37.857813],[127.752594,37.857805],[127.752624,37.857739],[127.752661,37.857641],[127.752643,37.857489],[127.752642,37.857475],[127.752642,37.857469],[127.752235,37.857456],[127.752138,37.857467],[127.75212,37.857469],[127.75201,37.85726],[127.751926,37.857101],[127.751836,37.856902],[127.751815,37.856856],[127.751764,37.856818],[127.751746,37.856754],[127.751712,37.856756],[127.751692,37.856702],[127.751672,37.856677],[127.751545,37.856697],[127.751535,37.856699],[127.751517,37.856706],[127.751402,37.856698],[127.75134,37.856694],[127.751296,37.856691],[127.751153,37.856677],[127.750746,37.856578],[127.750707,37.85655],[127.750598,37.856471],[127.750248,37.856217],[127.750023,37.855885],[127.749963,37.855812],[127.749845,37.855639],[127.749798,37.8556],[127.749563,37.855386],[127.749519,37.855346],[127.749471,37.855303],[127.74958,37.855231],[127.749624,37.855274],[127.749672,37.855322],[127.749695,37.855346],[127.750032,37.855074],[127.750176,37.854876],[127.750202,37.854827],[127.750205,37.854826],[127.750214,37.854812],[127.750249,37.854752],[127.750453,37.854423],[127.750686,37.854049],[127.75076,37.853929],[127.750965,37.853592],[127.750979,37.85357],[127.751108,37.853359],[127.751154,37.853283],[127.751262,37.853106],[127.751261,37.853106],[127.751274,37.853084],[127.751308,37.853065],[127.751322,37.853057],[127.751335,37.85305],[127.751343,37.853038],[127.751461,37.852841],[127.751478,37.852812],[127.751474,37.852772],[127.751552,37.852642],[127.751584,37.85259],[127.751729,37.852351],[127.751818,37.852204],[127.751915,37.852067],[127.751964,37.852019],[127.752109,37.851875],[127.75212,37.851864],[127.752267,37.851717],[127.752397,37.851588],[127.752402,37.851582],[127.752488,37.851494],[127.75251,37.851471],[127.75252,37.851456],[127.752542,37.851424],[127.752568,37.851386],[127.752696,37.85125],[127.752697,37.851249],[127.752803,37.851168],[127.752842,37.851128],[127.752917,37.851052],[127.752965,37.851008],[127.753119,37.850853],[127.753194,37.850777],[127.753357,37.850613],[127.753394,37.850555],[127.753414,37.850525],[127.753443,37.85048],[127.753457,37.850458],[127.753458,37.850457],[127.7535,37.850397],[127.75354,37.850415],[127.753535,37.85043],[127.753527,37.85044],[127.753506,37.850462],[127.753562,37.850467],[127.753653,37.850406],[127.753926,37.850221],[127.753986,37.850183],[127.754131,37.850078],[127.754272,37.849966],[127.754278,37.849967],[127.754378,37.849883],[127.75456,37.849716],[127.754843,37.849459],[127.754907,37.8494],[127.754946,37.849399],[127.754989,37.849326],[127.755092,37.849231],[127.755198,37.849155],[127.755445,37.848984],[127.755579,37.848993],[127.75564,37.848997],[127.755717,37.849002],[127.75681,37.849086],[127.756828,37.849062],[127.756833,37.848915],[127.756833,37.848908],[127.756807,37.84886],[127.756785,37.848819],[127.756752,37.848758],[127.756746,37.848711],[127.756735,37.848653],[127.756726,37.848594],[127.756722,37.848561],[127.756698,37.8484],[127.756687,37.848326],[127.756679,37.848268],[127.756669,37.848201],[127.756655,37.848128],[127.756565,37.848038],[127.756567,37.847936],[127.756918,37.847442],[127.757205,37.847112],[127.757295,37.846866],[127.757377,37.846764],[127.757405,37.846698],[127.757427,37.846645],[127.757441,37.846611],[127.757487,37.846499],[127.75841,37.845956],[127.758989,37.845331],[127.758947,37.845302],[127.758897,37.845268],[127.758889,37.845262],[127.758862,37.845246],[127.758817,37.845218],[127.758576,37.845054],[127.758436,37.844958],[127.758305,37.844963],[127.758235,37.844966],[127.758271,37.844888],[127.758233,37.844887],[127.758146,37.844855],[127.757806,37.844729],[127.75774,37.844705],[127.757368,37.844799],[127.757212,37.845068],[127.757009,37.845081],[127.756989,37.845136],[127.7569,37.845141],[127.756828,37.845146],[127.756756,37.84511],[127.756147,37.844809],[127.756102,37.844804],[127.755772,37.844752],[127.755443,37.844783],[127.754796,37.84458],[127.754569,37.84442],[127.75432,37.844463],[127.754086,37.844503],[127.754024,37.844509],[127.753761,37.844348],[127.753406,37.843958],[127.753163,37.843167],[127.752389,37.842701],[127.752313,37.842533],[127.752187,37.842254],[127.750202,37.842166],[127.750006,37.842164],[127.749921,37.842164],[127.749499,37.842161],[127.749479,37.84216],[127.749079,37.8424],[127.748474,37.842559],[127.748101,37.842657],[127.746883,37.8429],[127.746745,37.842853],[127.746383,37.842729],[127.745756,37.843063],[127.745165,37.843378],[127.745061,37.843589],[127.744908,37.843898],[127.74474,37.844315],[127.744658,37.844546],[127.74466,37.844549],[127.744656,37.844553],[127.744477,37.844757],[127.744138,37.845144],[127.744129,37.845154],[127.743982,37.845317],[127.743648,37.845323],[127.743637,37.845447],[127.743613,37.845699],[127.743463,37.845862],[127.74362,37.846457],[127.743665,37.846627],[127.743679,37.846679],[127.743787,37.846699],[127.743852,37.846708],[127.744084,37.846696],[127.744433,37.84667],[127.744537,37.84665],[127.744605,37.846649],[127.744755,37.846647],[127.74476,37.846647],[127.7448,37.846646],[127.744875,37.846645],[127.744908,37.846644],[127.745309,37.846637],[127.745389,37.846653],[127.745663,37.846707],[127.745672,37.846709],[127.745677,37.846711],[127.745824,37.846771],[127.745837,37.846778],[127.746032,37.846869],[127.74609,37.846911],[127.746094,37.847012],[127.746097,37.847102],[127.746099,37.847158],[127.74609,37.847173],[127.74628,37.847373],[127.746344,37.847441],[127.746352,37.847452],[127.746355,37.847456],[127.746558,37.847724],[127.746576,37.84774],[127.746732,37.847871],[127.74675,37.847901],[127.746798,37.847982],[127.746828,37.848032],[127.74684,37.848052],[127.746891,37.848202],[127.74693,37.848349],[127.746938,37.848379],[127.746956,37.848448],[127.746975,37.848479],[127.746893,37.848495],[127.74685,37.848503],[127.746872,37.848555],[127.746911,37.848648],[127.746931,37.848689],[127.746951,37.848728],[127.746972,37.848766],[127.746997,37.848803],[127.747023,37.84884],[127.747051,37.848876],[127.747053,37.848878],[127.747089,37.848918],[127.747124,37.848955],[127.747154,37.848984],[127.747188,37.849014],[127.747492,37.849277],[127.747953,37.849675],[127.748438,37.850095],[127.748466,37.85012],[127.748342,37.850144],[127.748333,37.850146],[127.747081,37.850387],[127.746294,37.850539],[127.746033,37.850589],[127.745409,37.850709],[127.745327,37.850725],[127.745315,37.850727],[127.744411,37.850902],[127.743523,37.851073],[127.743443,37.851088],[127.742525,37.851265],[127.742408,37.851288],[127.741085,37.851543],[127.740699,37.851617],[127.74029,37.851696],[127.739528,37.851843],[127.739223,37.851902],[127.739058,37.851934],[127.738941,37.851957],[127.738859,37.851973],[127.73878,37.851995],[127.738706,37.85202],[127.738634,37.852047],[127.738565,37.852079],[127.738523,37.8521],[127.738495,37.852114],[127.738438,37.85215],[127.738368,37.852193],[127.738272,37.852277],[127.738119,37.85242],[127.737716,37.852768],[127.737725,37.852781],[127.737777,37.852848],[127.737871,37.852971],[127.737893,37.853001],[127.737894,37.853003],[127.738148,37.853454],[127.73822,37.853581],[127.738461,37.854016],[127.738599,37.854264],[127.73859,37.854286],[127.738607,37.854485],[127.738575,37.854566],[127.738452,37.854491],[127.73844,37.854514],[127.738497,37.85471],[127.738491,37.854919],[127.738483,37.854932],[127.738453,37.854975],[127.738406,37.855044],[127.738402,37.85505],[127.738323,37.855043],[127.738374,37.855321],[127.738399,37.855439],[127.738407,37.855483],[127.738432,37.855613],[127.738357,37.855654],[127.738359,37.85567],[127.738396,37.85586],[127.73843,37.856037],[127.738404,37.856296],[127.738383,37.856495],[127.738366,37.85666],[127.738487,37.857464],[127.738525,37.857722],[127.738536,37.857796],[127.738546,37.857858],[127.738563,37.857971],[127.738588,37.858077],[127.738601,37.85813],[127.738588,37.85814],[127.738477,37.858222],[127.738495,37.858373],[127.738489,37.858647],[127.738487,37.858741],[127.738394,37.858999],[127.738378,37.859042],[127.738325,37.859187],[127.738265,37.859355],[127.738226,37.859462],[127.738304,37.859726],[127.738304,37.859816],[127.738304,37.859856],[127.738179,37.859979],[127.738038,37.860117],[127.737366,37.860777],[127.737335,37.860808],[127.736757,37.861376],[127.73675,37.861383],[127.736603,37.861527],[127.736495,37.861769],[127.736363,37.862063],[127.736362,37.862063],[127.736306,37.862189],[127.735791,37.862585],[127.735787,37.862588],[127.735683,37.862668],[127.735851,37.862849],[127.735854,37.862852],[127.735881,37.862828],[127.735905,37.862807],[127.735925,37.862791],[127.73593,37.862795],[127.736003,37.862851],[127.736147,37.862991],[127.736169,37.863013],[127.736186,37.86303],[127.73621,37.863055],[127.736369,37.863223],[127.736382,37.863237],[127.736584,37.86345],[127.736589,37.863455],[127.736656,37.863526],[127.736924,37.863815],[127.736925,37.863814],[127.737052,37.863755],[127.737201,37.863685],[127.737231,37.863671],[127.737645,37.863481],[127.737669,37.863471],[127.737776,37.863421],[127.738402,37.863128],[127.738625,37.863025],[127.738736,37.862974],[127.73929,37.862717],[127.739331,37.862698],[127.739561,37.862592],[127.739643,37.862554],[127.739679,37.862537],[127.740262,37.862268],[127.74046,37.862195],[127.740785,37.862086],[127.740816,37.862076],[127.740827,37.862072],[127.741231,37.861937],[127.741516,37.861842],[127.741539,37.861834],[127.741595,37.861921],[127.741595,37.861936],[127.741596,37.861937],[127.741596,37.861961],[127.741596,37.861984],[127.741669,37.862021],[127.741658,37.862077],[127.741653,37.862105],[127.741653,37.862138],[127.741659,37.862625],[127.741661,37.862764],[127.74166,37.862983],[127.74165,37.863032],[127.741587,37.863085],[127.741591,37.8631],[127.741614,37.863197],[127.741554,37.863474],[127.741625,37.863533],[127.741635,37.863542],[127.741921,37.863792],[127.741985,37.863903],[127.742092,37.864153],[127.742098,37.864168],[127.742102,37.864178],[127.742109,37.864196],[127.742117,37.864215],[127.74215,37.864225],[127.742311,37.864275],[127.742365,37.864341],[127.742394,37.864376],[127.742511,37.864422],[127.742538,37.864435],[127.742701,37.864511],[127.742751,37.864571],[127.742907,37.864717],[127.743327,37.864884],[127.74384,37.865304],[127.743939,37.865386],[127.74403,37.865461],[127.744419,37.865709],[127.744636,37.865855],[127.744657,37.866008],[127.744886,37.865787],[127.745097,37.865583],[127.74524,37.865445],[127.745243,37.865523],[127.745296,37.865535],[127.745476,37.865574],[127.745523,37.865584],[127.745869,37.86566],[127.746052,37.865612],[127.746076,37.865606],[127.746285,37.865552],[127.74637,37.865529],[127.746858,37.866039],[127.747358,37.865923],[127.747757,37.866177],[127.747816,37.866147],[127.747996,37.866084],[127.74802,37.865986],[127.74818,37.865851],[127.748421,37.865819],[127.748419,37.865736],[127.748293,37.865665],[127.748246,37.865511],[127.748195,37.865341],[127.74821,37.865277],[127.748395,37.864828],[127.748447,37.864798],[127.748408,37.864642],[127.748418,37.864544],[127.748419,37.864536],[127.748423,37.86454],[127.749602,37.865595],[127.749962,37.865917],[127.750256,37.866181],[127.751158,37.866988],[127.751215,37.867038],[127.75213,37.867855],[127.752166,37.867889],[127.752201,37.867925],[127.752235,37.867962],[127.752266,37.867999],[127.752296,37.868037],[127.752313,37.868059],[127.752325,37.868076],[127.75235,37.868116],[127.752386,37.868171],[127.75241,37.868213],[127.752431,37.868256],[127.75245,37.868299],[127.75245,37.8683],[127.752468,37.868344],[127.752486,37.868396],[127.752499,37.868439],[127.752511,37.868487],[127.75252,37.868532],[127.752528,37.86858],[127.752533,37.868625],[127.752537,37.86867],[127.752538,37.868716],[127.752535,37.868828],[127.752535,37.868851],[127.752535,37.868869],[127.75253,37.869206],[127.752525,37.869559],[127.752522,37.869762],[127.75251,37.869908],[127.752507,37.869949],[127.752678,37.869962],[127.752687,37.869963],[127.752807,37.869973],[127.753161,37.870017],[127.753659,37.87008],[127.75425,37.870155],[127.754461,37.870182],[127.755098,37.870263],[127.755346,37.870294],[127.75592,37.870367],[127.756102,37.870374],[127.756816,37.870401],[127.757111,37.870412],[127.757278,37.870419],[127.758005,37.870446],[127.758249,37.870456],[127.758387,37.870461],[127.758387,37.870461],[127.758468,37.870464],[127.758474,37.870535],[127.758489,37.870714],[127.758501,37.870852],[127.758509,37.870948],[127.758526,37.870949],[127.758878,37.870834],[127.758997,37.870827],[127.759172,37.870816],[127.759349,37.870967],[127.75935,37.870968],[127.760339,37.871251],[127.760889,37.871408],[127.76092,37.871425],[127.760988,37.871464],[127.761472,37.871374],[127.761661,37.871344],[127.761721,37.871344]]]]}},
{"type":"Feature","properties":{"BASE_DATE":"20250630","ADM_CD":"32010670","ADM_NM":"퇴계동"},"geometry":{"type":"MultiPolygon","coordinates":[[[[127.72823,37.867269],[127.728353,37.867171],[127.728354,37.867172],[127.728443,37.867095],[127.728598,37.86696],[127.728693,37.866893],[127.728768,37.866839],[127.728984,37.866683],[127.729058,37.866632],[127.729085,37.866612],[127.729134,37.866577],[127.729139,37.866581],[127.72915,37.866589],[127.729159,37.866596],[127.729171,37.86659],[127.729266,37.866539],[127.729464,37.866431],[127.729472,37.866445],[127.729558,37.866386],[127.729557,37.86638],[127.729639,37.866336],[127.730038,37.866119],[127.730076,37.866098],[127.730109,37.866081],[127.73011,37.86608],[127.73012,37.866075],[127.730328,37.865962],[127.730207,37.865622],[127.730115,37.865361],[127.730065,37.865223],[127.730064,37.86522],[127.730316,37.865087],[127.730338,37.865076],[127.730409,37.865039],[127.730542,37.864937],[127.730683,37.864828],[127.730847,37.864701],[127.730871,37.864683],[127.730876,37.86468],[127.731047,37.864548],[127.731069,37.864555],[127.73118,37.864505],[127.731182,37.864504],[127.731158,37.864473],[127.731154,37.864468],[127.731168,37.864457],[127.731316,37.864342],[127.731342,37.864322],[127.731502,37.864195],[127.73152,37.86418],[127.73152,37.86418],[127.731536,37.864166],[127.73157,37.864138],[127.731623,37.864093],[127.731673,37.864054],[127.731701,37.864032],[127.731754,37.863987],[127.731813,37.863938],[127.732023,37.863993],[127.732048,37.864],[127.732108,37.864015],[127.732146,37.864026],[127.732152,37.864024],[127.732162,37.864023],[127.73229,37.863954],[127.732352,37.863921],[127.732418,37.863886],[127.732502,37.863842],[127.732562,37.86381],[127.732581,37.863813],[127.732668,37.863844],[127.732701,37.863856],[127.732851,37.863885],[127.733116,37.863937],[127.733216,37.863956],[127.733282,37.863969],[127.733306,37.86396],[127.733608,37.863856],[127.733949,37.863738],[127.734408,37.86358],[127.734571,37.863523],[127.734678,37.863441],[127.73494,37.863239],[127.735683,37.862668],[127.735787,37.862588],[127.735791,37.862585],[127.736306,37.862189],[127.736362,37.862063],[127.736363,37.862063],[127.736495,37.861769],[127.736603,37.861527],[127.73675,37.861383],[127.736757,37.861376],[127.737335,37.860808],[127.737366,37.860777],[127.738038,37.860117],[127.738179,37.859979],[127.738304,37.859856],[127.738304,37.859816],[127.738304,37.859726],[127.738226,37.859462],[127.738265,37.859355],[127.738325,37.859187],[127.738378,37.859042],[127.738394,37.858999],[127.738487,37.858741],[127.738489,37.858647],[127.738495,37.858373],[127.738477,37.858222],[127.738588,37.85814],[127.738601,37.85813],[127.738588,37.858077],[127.738563,37.857971],[127.738546,37.857858],[127.738536,37.857796],[127.738525,37.857722],[127.738487,37.857464],[127.738366,37.85666],[127.738383,37.856495],[127.738404,37.856296],[127.73843,37.856037],[127.738396,37.85586],[127.738359,37.85567],[127.738357,37.855654],[127.738432,37.855613],[127.738407,37.855483],[127.738399,37.855439],[127.738374,37.855321],[127.738323,37.855043],[127.738402,37.85505],[127.738406,37.855044],[127.738453,37.854975],[127.738483,37.854932],[127.738491,37.854919],[127.738497,37.85471],[127.73844,37.854514],[127.738452,37.854491],[127.738575,37.854566],[127.738607,37.854485],[127.73859,37.854286],[127.738599,37.854264],[127.738461,37.854016],[127.73822,37.853581],[127.738148,37.853454],[127.737894,37.853003],[127.737893,37.853001],[127.737871,37.852971],[127.737777,37.852848],[127.737725,37.852781],[127.737716,37.852768],[127.738119,37.85242],[127.738272,37.852277],[127.738368,37.852193],[127.738438,37.85215],[127.738495,37.852114],[127.738523,37.8521],[127.738565,37.852079],[127.738634,37.852047],[127.738706,37.85202],[127.73878,37.851995],[127.738859,37.851973],[127.738941,37.851957],[127.739058,37.851934],[127.739223,37.851902],[127.739528,37.851843],[127.74029,37.851696],[127.740699,37.851617],[127.741085,37.851543],[127.742408,37.851288],[127.742525,37.851265],[127.743443,37.851088],[127.743523,37.851073],[127.744411,37.850902],[127.745315,37.850727],[127.745327,37.850725],[127.745409,37.850709],[127.746033,37.850589],[127.746294,37.850539],[127.747081,37.850387],[127.748333,37.850146],[127.748342,37.850144],[127.748466,37.85012],[127.748438,37.850095],[127.747953,37.849675],[127.747492,37.849277],[127.747188,37.849014],[127.747154,37.848984],[127.747124,37.848955],[127.747089,37.848918],[127.747053,37.848878],[127.747051,37.848876],[127.747023,37.84884],[127.746997,37.848803],[127.746972,37.848766],[127.746951,37.848728],[127.746931,37.848689],[127.746911,37.848648],[127.746872,37.848555],[127.74685,37.848503],[127.746893,37.848495],[127.746975,37.848479],[127.746956,37.848448],[127.746938,37.848379],[127.74693,37.848349],[127.746891,37.848202],[127.74684,37.848052],[127.746828,37.848032],[127.746798,37.847982],[127.74675,37.847901],[127.746732,37.847871],[127.746576,37.84774],[127.746558,37.847724],[127.746355,37.847456],[127.746352,37.847452],[127.746344,37.847441],[127.74628,37.847373],[127.74609,37.847173],[127.746099,37.847158],[127.746097,37.847102],[127.746094,37.847012],[127.74609,37.846911],[127.746032,37.846869],[127.745837,37.846778],[127.745824,37.846771],[127.745677,37.846711],[127.745672,37.846709],[127.745663,37.846707],[127.745389,37.846653],[127.745309,37.846637],[127.744908,37.846644],[127.744875,37.846645],[127.7448,37.846646],[127.74476,37.846647],[127.744755,37.846647],[127.744605,37.846649],[127.744537,37.84665],[127.744433,37.84667],[127.744084,37.846696],[127.743852,37.846708],[127.743787,37.846699],[127.743679,37.846679],[127.743665,37.846627],[127.74362,37.846457],[127.743463,37.845862],[127.743613,37.845699],[127.743637,37.845447],[127.743648,37.845323],[127.743982,37.845317],[127.744129,37.845154],[127.744138,37.845144],[127.744477,37.844757],[127.744656,37.844553],[127.74466,37.844549],[127.744658,37.844546],[127.74474,37.844315],[127.744908,37.843898],[127.745061,37.843589],[127.745165,37.843378],[127.745756,37.843063],[127.746383,37.842729],[127.746745,37.842853],[127.746883,37.8429],[127.748101,37.842657],[127.748474,37.842559],[127.749079,37.8424],[127.749479,37.84216],[127.749474,37.842145],[127.74941,37.841977],[127.749199,37.84142],[127.74881,37.841399],[127.74761,37.841211],[127.746534,37.841042],[127.746448,37.840959],[127.746448,37.840959],[127.74583,37.840361],[127.745808,37.840367],[127.745176,37.84056],[127.744792,37.841232],[127.744526,37.841304],[127.744108,37.841289],[127.744045,37.841288],[127.744018,37.841288],[127.743506,37.841604],[127.743496,37.84161],[127.743247,37.841432],[127.743049,37.841301],[127.742645,37.841382],[127.741838,37.841139],[127.741222,37.841307],[127.741009,37.841329],[127.740765,37.84135],[127.740412,37.84138],[127.739201,37.841484],[127.738921,37.841509],[127.738843,37.841885],[127.73884,37.841902],[127.738676,37.841979],[127.738554,37.842036],[127.738359,37.842115],[127.73832,37.842112],[127.73829,37.84211],[127.737978,37.842092],[127.737839,37.842083],[127.737434,37.842463],[127.737073,37.842645],[127.737011,37.842751],[127.73695,37.842854],[127.736903,37.842934],[127.736393,37.843093],[127.73617,37.843162],[127.736023,37.843208],[127.735494,37.843529],[127.735655,37.843762],[127.735577,37.843865],[127.735474,37.844001],[127.735086,37.844086],[127.734764,37.844156],[127.734181,37.844855],[127.734068,37.845145],[127.733981,37.845243],[127.733846,37.845411],[127.733731,37.845556],[127.733538,37.845798],[127.73341,37.845755],[127.733332,37.845858],[127.733322,37.845868],[127.733299,37.845894],[127.733281,37.845903],[127.73324,37.845923],[127.73317,37.845854],[127.733102,37.845828],[127.733086,37.845822],[127.732688,37.845673],[127.732623,37.845769],[127.73258,37.845832],[127.732494,37.845993],[127.732493,37.846177],[127.732313,37.846433],[127.732246,37.846529],[127.732239,37.846539],[127.732155,37.846658],[127.732139,37.846682],[127.73212,37.846684],[127.732053,37.846696],[127.732037,37.846697],[127.732034,37.846696],[127.732006,37.846686],[127.732003,37.846686],[127.731908,37.846696],[127.731874,37.846716],[127.731752,37.846779],[127.731742,37.846784],[127.731656,37.846679],[127.731504,37.846438],[127.731426,37.846238],[127.73137,37.846057],[127.731327,37.846036],[127.731248,37.845811],[127.731226,37.84582],[127.731008,37.845912],[127.730866,37.845948],[127.73079,37.845958],[127.73067,37.846002],[127.730437,37.846153],[127.730148,37.846402],[127.729881,37.846609],[127.729775,37.846739],[127.729752,37.846747],[127.729351,37.84688],[127.729337,37.84687],[127.729309,37.846834],[127.729246,37.846836],[127.729181,37.846834],[127.72887,37.846829],[127.728337,37.846645],[127.728264,37.846699],[127.72808,37.846836],[127.727946,37.846935],[127.727766,37.846927],[127.727386,37.846909],[127.727019,37.846914],[127.726774,37.847502],[127.726677,37.847704],[127.725964,37.8482],[127.725667,37.848334],[127.725421,37.848445],[127.725223,37.849058],[127.725044,37.849187],[127.724565,37.849572],[127.724378,37.849598],[127.723897,37.849666],[127.723883,37.849668],[127.722505,37.849679],[127.722283,37.849697],[127.722078,37.849533],[127.721786,37.849617],[127.721489,37.849523],[127.721249,37.849569],[127.72096,37.849234],[127.720433,37.849172],[127.720218,37.848998],[127.719815,37.849126],[127.719614,37.849185],[127.719454,37.849079],[127.718973,37.849167],[127.718423,37.849066],[127.717688,37.849317],[127.717233,37.849174],[127.716924,37.849172],[127.716899,37.849292],[127.716804,37.849867],[127.716676,37.850032],[127.716669,37.850042],[127.716662,37.85004],[127.71666,37.850053],[127.716589,37.850499],[127.716652,37.851116],[127.716669,37.851537],[127.716678,37.851773],[127.716667,37.851799],[127.716667,37.8518],[127.716664,37.851807],[127.716596,37.851969],[127.716441,37.852338],[127.716441,37.852339],[127.71654,37.852822],[127.716653,37.853381],[127.717171,37.853532],[127.717349,37.853585],[127.717447,37.853613],[127.71752,37.853642],[127.717696,37.853712],[127.717945,37.853811],[127.718002,37.853834],[127.718011,37.853838],[127.71806,37.853885],[127.718093,37.853918],[127.718555,37.854328],[127.718614,37.85438],[127.719084,37.85458],[127.719196,37.854626],[127.719306,37.854676],[127.719448,37.854745],[127.719815,37.855001],[127.719819,37.855024],[127.719847,37.855178],[127.71986,37.855251],[127.719879,37.855357],[127.719895,37.855446],[127.719909,37.855519],[127.719919,37.855575],[127.719956,37.855685],[127.719999,37.856015],[127.719999,37.856019],[127.720007,37.856042],[127.720006,37.856042],[127.720051,37.856177],[127.720068,37.856227],[127.720083,37.856272],[127.720118,37.856373],[127.720123,37.856386],[127.720134,37.856433],[127.720142,37.856493],[127.720162,37.856599],[127.720165,37.856611],[127.720201,37.856795],[127.720201,37.856798],[127.720209,37.856838],[127.720195,37.856957],[127.720188,37.856995],[127.720188,37.856998],[127.72016,37.857146],[127.720155,37.857169],[127.720148,37.857207],[127.720147,37.857344],[127.720146,37.857483],[127.720145,37.857527],[127.720146,37.857741],[127.720184,37.857801],[127.720358,37.858074],[127.720362,37.85808],[127.720366,37.858086],[127.720397,37.858074],[127.72054,37.85802],[127.720737,37.857944],[127.720749,37.857938],[127.720756,37.857947],[127.720835,37.858041],[127.720907,37.858129],[127.721052,37.858304],[127.721159,37.858384],[127.721166,37.858389],[127.721343,37.85852],[127.721362,37.858534],[127.721368,37.858539],[127.721379,37.858565],[127.721408,37.858631],[127.721449,37.858727],[127.721513,37.858801],[127.721578,37.858877],[127.721689,37.858984],[127.721712,37.859007],[127.721859,37.859095],[127.722055,37.859214],[127.722281,37.859394],[127.722291,37.859403],[127.722667,37.859725],[127.722693,37.859748],[127.72277,37.859814],[127.722755,37.859823],[127.722751,37.859826],[127.722749,37.859827],[127.722188,37.86018],[127.722198,37.860193],[127.722248,37.860257],[127.722879,37.861066],[127.722908,37.861056],[127.722997,37.86117],[127.722969,37.861181],[127.722562,37.86138],[127.722143,37.861585],[127.722153,37.861597],[127.72216,37.861607],[127.721989,37.861691],[127.721985,37.861686],[127.721973,37.861667],[127.721781,37.861761],[127.721726,37.861788],[127.721709,37.861796],[127.721734,37.861829],[127.722016,37.862195],[127.722199,37.862433],[127.722392,37.862683],[127.721768,37.86301],[127.721715,37.863039],[127.721401,37.863203],[127.721044,37.863391],[127.72091,37.863461],[127.720918,37.863478],[127.720929,37.863505],[127.720967,37.863565],[127.720987,37.863588],[127.721003,37.863623],[127.721104,37.863785],[127.721138,37.863819],[127.721144,37.863822],[127.721231,37.863909],[127.721247,37.863929],[127.721358,37.86404],[127.721407,37.864103],[127.721479,37.864196],[127.721539,37.864262],[127.721638,37.8644],[127.721659,37.864449],[127.72167,37.864449],[127.721681,37.864448],[127.721693,37.864469],[127.721697,37.864501],[127.721704,37.864546],[127.721698,37.864576],[127.721677,37.864583],[127.721669,37.864614],[127.721626,37.864676],[127.721672,37.864844],[127.721679,37.864869],[127.721759,37.864959],[127.721776,37.864977],[127.721759,37.864986],[127.721716,37.86501],[127.721235,37.865278],[127.72121,37.865329],[127.72117,37.865411],[127.721201,37.865454],[127.721226,37.865487],[127.721259,37.865533],[127.721272,37.865552],[127.721285,37.865569],[127.721287,37.865572],[127.721303,37.865593],[127.721312,37.865605],[127.721322,37.865619],[127.721469,37.865818],[127.721498,37.865858],[127.721505,37.865867],[127.721509,37.865872],[127.72147,37.865926],[127.721425,37.86602],[127.721393,37.866086],[127.721286,37.866187],[127.721304,37.866213],[127.721473,37.866444],[127.721483,37.866458],[127.721574,37.866583],[127.721724,37.866788],[127.72174,37.866811],[127.721751,37.866825],[127.721775,37.866814],[127.72194,37.867022],[127.721984,37.867119],[127.722029,37.867159],[127.722029,37.86716],[127.722049,37.867205],[127.722177,37.867373],[127.722226,37.86744],[127.722228,37.867441],[127.722679,37.868044],[127.72274,37.868126],[127.723021,37.868502],[127.723015,37.868504],[127.723016,37.868506],[127.723065,37.86857],[127.723134,37.868659],[127.723148,37.868678],[127.723176,37.868715],[127.723183,37.868723],[127.723212,37.868761],[127.723222,37.868775],[127.723345,37.868935],[127.723523,37.86917],[127.723696,37.869398],[127.723785,37.869515],[127.723805,37.869509],[127.723965,37.869429],[127.724095,37.869363],[127.724357,37.869231],[127.724655,37.869032],[127.724699,37.869008],[127.725137,37.868769],[127.726176,37.868203],[127.726288,37.868142],[127.726547,37.868],[127.7266,37.867976],[127.7266,37.867976],[127.726669,37.867945],[127.727217,37.867696],[127.727263,37.867675],[127.727465,37.867583],[127.727503,37.867559],[127.727546,37.867537],[127.727579,37.867532],[127.727782,37.867439],[127.727848,37.867409],[127.727911,37.867379],[127.727969,37.867353],[127.727988,37.867345],[127.728032,37.867325],[127.72811,37.867289],[127.728123,37.867283],[127.728125,37.867283],[127.72823,37.867269]]]]}},
{"type":"Feature","properties":{"BASE_DATE":"20250630","ADM_CD":"32010680","ADM_NM":"강남동"},"geometry":{"type":"MultiPolygon","coordinates":[[[[127.712144,37.87231],[127.712782,37.871785],[127.713028,37.871697],[127.713368,37.871574],[127.714252,37.871548],[127.714512,37.871541],[127.714874,37.871717],[127.714996,37.871777],[127.715046,37.871801],[127.715161,37.871857],[127.715177,37.87186],[127.715184,37.871864],[127.715353,37.871947],[127.715395,37.871968],[127.715443,37.871992],[127.715495,37.872017],[127.715566,37.872052],[127.715603,37.872071],[127.715624,37.87198],[127.71565,37.871872],[127.715657,37.871842],[127.715661,37.871827],[127.715693,37.871795],[127.715743,37.871775],[127.716028,37.871805],[127.716461,37.871773],[127.717184,37.871717],[127.717772,37.871673],[127.717987,37.871656],[127.718315,37.871631],[127.718658,37.871605],[127.71879,37.871595],[127.718806,37.871575],[127.718917,37.871567],[127.718919,37.871566],[127.719022,37.871559],[127.719051,37.871544],[127.719215,37.871543],[127.719284,37.871526],[127.71934,37.871512],[127.719366,37.87152],[127.719373,37.871522],[127.719608,37.871533],[127.719706,37.871525],[127.719751,37.8715],[127.71997,37.871376],[127.720169,37.871264],[127.72037,37.871158],[127.720678,37.870861],[127.720706,37.870834],[127.720837,37.870708],[127.721691,37.870494],[127.721718,37.870472],[127.721746,37.870455],[127.721839,37.870393],[127.721946,37.870325],[127.721988,37.870298],[127.723013,37.869768],[127.723191,37.869676],[127.723286,37.869631],[127.723312,37.869614],[127.723389,37.869563],[127.723438,37.869536],[127.723696,37.869398],[127.723523,37.86917],[127.723345,37.868935],[127.723222,37.868775],[127.723212,37.868761],[127.723183,37.868723],[127.723176,37.868715],[127.723148,37.868678],[127.723134,37.868659],[127.723065,37.86857],[127.723016,37.868506],[127.723015,37.868504],[127.723021,37.868502],[127.72274,37.868126],[127.722679,37.868044],[127.722228,37.867441],[127.722226,37.86744],[127.722177,37.867373],[127.722049,37.867205],[127.722029,37.86716],[127.722029,37.867159],[127.721984,37.867119],[127.72194,37.867022],[127.721775,37.866814],[127.721751,37.866825],[127.72174,37.866811],[127.721724,37.866788],[127.721574,37.866583],[127.721483,37.866458],[127.721473,37.866444],[127.721304,37.866213],[127.721286,37.866187],[127.721393,37.866086],[127.721425,37.86602],[127.72147,37.865926],[127.721509,37.865872],[127.721505,37.865867],[127.721498,37.865858],[127.721469,37.865818],[127.721322,37.865619],[127.721312,37.865605],[127.721303,37.865593],[127.721287,37.865572],[127.721285,37.865569],[127.721272,37.865552],[127.721259,37.865533],[127.721226,37.865487],[127.721201,37.865454],[127.72117,37.865411],[127.72121,37.865329],[127.721235,37.865278],[127.721716,37.86501],[127.721759,37.864986],[127.721776,37.864977],[127.721759,37.864959],[127.721679,37.864869],[127.721672,37.864844],[127.721626,37.864676],[127.721669,37.864614],[127.721677,37.864583],[127.721698,37.864576],[127.721704,37.864546],[127.721697,37.864501],[127.721693,37.864469],[127.721681,37.864448],[127.72167,37.864449],[127.721659,37.864449],[127.721638,37.8644],[127.721539,37.864262],[127.721479,37.864196],[127.721407,37.864103],[127.721358,37.86404],[127.721247,37.863929],[127.721231,37.863909],[127.721144,37.863822],[127.721138,37.863819],[127.721104,37.863785],[127.721003,37.863623],[127.720987,37.863588],[127.720967,37.863565],[127.720929,37.863505],[127.720918,37.863478],[127.72091,37.863461],[127.721044,37.863391],[127.721401,37.863203],[127.721715,37.863039],[127.721768,37.86301],[127.722392,37.862683],[127.722199,37.862433],[127.722016,37.862195],[127.721734,37.861829],[127.721709,37.861796],[127.721726,37.861788],[127.721781,37.861761],[127.721973,37.861667],[127.721985,37.861686],[127.721989,37.861691],[127.72216,37.861607],[127.722153,37.861597],[127.722143,37.861585],[127.722562,37.86138],[127.722969,37.861181],[127.722997,37.86117],[127.722908,37.861056],[127.722879,37.861066],[127.722248,37.860257],[127.722198,37.860193],[127.722188,37.86018],[127.722749,37.859827],[127.722751,37.859826],[127.722755,37.859823],[127.72277,37.859814],[127.722693,37.859748],[127.722667,37.859725],[127.722291,37.859403],[127.722281,37.859394],[127.722055,37.859214],[127.721859,37.859095],[127.721712,37.859007],[127.721689,37.858984],[127.721578,37.858877],[127.721513,37.858801],[127.721449,37.858727],[127.721408,37.858631],[127.721379,37.858565],[127.721368,37.858539],[127.721362,37.858534],[127.721343,37.85852],[127.721166,37.858389],[127.721159,37.858384],[127.721052,37.858304],[127.720907,37.858129],[127.720835,37.858041],[127.720756,37.857947],[127.720749,37.857938],[127.720737,37.857944],[127.72054,37.85802],[127.720397,37.858074],[127.720366,37.858086],[127.720362,37.85808],[127.720358,37.858074],[127.720184,37.857801],[127.720146,37.857741],[127.720145,37.857527],[127.720146,37.857483],[127.720147,37.857344],[127.720148,37.857207],[127.720155,37.857169],[127.72016,37.857146],[127.720188,37.856998],[127.720188,37.856995],[127.720195,37.856957],[127.720209,37.856838],[127.720201,37.856798],[127.720201,37.856795],[127.720165,37.856611],[127.720162,37.856599],[127.720142,37.856493],[127.720134,37.856433],[127.720123,37.856386],[127.720118,37.856373],[127.720083,37.856272],[127.720068,37.856227],[127.720051,37.856177],[127.720006,37.856042],[127.720007,37.856042],[127.719999,37.856019],[127.719999,37.856015],[127.719956,37.855685],[127.719919,37.855575],[127.719909,37.855519],[127.719895,37.855446],[127.719879,37.855357],[127.71986,37.855251],[127.719847,37.855178],[127.719819,37.855024],[127.719815,37.855001],[127.719448,37.854745],[127.719306,37.854676],[127.719196,37.854626],[127.719084,37.85458],[127.718614,37.85438],[127.718555,37.854328],[127.718093,37.853918],[127.71806,37.853885],[127.718011,37.853838],[127.718002,37.853834],[127.717945,37.853811],[127.717696,37.853712],[127.71752,37.853642],[127.717447,37.853613],[127.717349,37.853585],[127.717171,37.853532],[127.716653,37.853381],[127.71654,37.852822],[127.716441,37.852339],[127.716441,37.852338],[127.716596,37.851969],[127.716664,37.851807],[127.716667,37.8518],[127.716667,37.851799],[127.716678,37.851773],[127.716669,37.851537],[127.716652,37.851116],[127.716589,37.850499],[127.71666,37.850053],[127.716662,37.85004],[127.716669,37.850042],[127.716676,37.850032],[127.716804,37.849867],[127.716899,37.849292],[127.716924,37.849172],[127.717034,37.848577],[127.717056,37.848459],[127.71701,37.8483],[127.717059,37.848198],[127.717153,37.847952],[127.716974,37.847339],[127.716961,37.847213],[127.71699,37.847001],[127.716968,37.84694],[127.716925,37.846824],[127.716901,37.846743],[127.716829,37.8465],[127.71672,37.846384],[127.716573,37.846226],[127.716335,37.845972],[127.716169,37.845794],[127.716113,37.845734],[127.716026,37.845641],[127.715817,37.845418],[127.715804,37.845176],[127.715985,37.844775],[127.716018,37.844723],[127.716041,37.844726],[127.716095,37.844632],[127.716135,37.844564],[127.716333,37.844263],[127.71652,37.84398],[127.716553,37.843936],[127.716658,37.843755],[127.716727,37.843456],[127.716729,37.843437],[127.71681,37.843104],[127.716829,37.843029],[127.716865,37.8428],[127.716853,37.842705],[127.716838,37.842584],[127.716818,37.842397],[127.716956,37.84174],[127.717035,37.841367],[127.717036,37.841361],[127.717071,37.841196],[127.716969,37.841081],[127.716934,37.84093],[127.716927,37.840899],[127.716741,37.840097],[127.716789,37.839963],[127.716799,37.839934],[127.716886,37.839804],[127.71645,37.839351],[127.716293,37.839188],[127.716291,37.839186],[127.716267,37.839161],[127.716501,37.838535],[127.71655,37.838404],[127.716533,37.838331],[127.71649,37.838155],[127.716474,37.838092],[127.716549,37.83797],[127.716634,37.837784],[127.716431,37.83768],[127.716055,37.837487],[127.715871,37.837183],[127.715791,37.837084],[127.715482,37.836878],[127.715663,37.836363],[127.71573,37.836175],[127.715421,37.835719],[127.715742,37.83537],[127.71588,37.835354],[127.716112,37.834954],[127.716178,37.834906],[127.716315,37.834805],[127.717007,37.834801],[127.717401,37.834732],[127.716974,37.834299],[127.716547,37.834182],[127.716169,37.83408],[127.715426,37.834192],[127.715213,37.834341],[127.715116,37.834515],[127.715062,37.83461],[127.71503,37.834601],[127.714994,37.834592],[127.714898,37.834562],[127.71437,37.834561],[127.714358,37.834616],[127.714276,37.835014],[127.714178,37.835487],[127.714179,37.835544],[127.714197,37.836188],[127.714223,37.836351],[127.714225,37.836365],[127.714241,37.836486],[127.714103,37.836449],[127.713958,37.836389],[127.713878,37.836334],[127.71381,37.83631],[127.713808,37.83631],[127.713705,37.836242],[127.713634,37.836178],[127.713612,37.83615],[127.713534,37.836043],[127.713384,37.835889],[127.713368,37.835906],[127.713353,37.835922],[127.713321,37.835958],[127.713284,37.835999],[127.71334,37.836047],[127.713309,37.836123],[127.712862,37.835873],[127.712607,37.835801],[127.712254,37.83579],[127.712036,37.835873],[127.711912,37.836],[127.711937,37.836268],[127.711787,37.83639],[127.71172,37.83652],[127.711572,37.836581],[127.711393,37.836558],[127.711086,37.836518],[127.710809,37.836786],[127.710766,37.836787],[127.710338,37.836804],[127.710191,37.836884],[127.709787,37.83697],[127.709689,37.836979],[127.70894,37.837023],[127.708745,37.836884],[127.708466,37.836891],[127.708105,37.836817],[127.707878,37.836834],[127.707671,37.83685],[127.707469,37.837118],[127.707347,37.837129],[127.70686,37.83737],[127.706804,37.837398],[127.706591,37.837342],[127.706574,37.837325],[127.706237,37.836979],[127.705904,37.836868],[127.705736,37.836845],[127.705613,37.836812],[127.705329,37.836727],[127.705265,37.836802],[127.705132,37.836955],[127.705348,37.837079],[127.705446,37.837135],[127.705523,37.837454],[127.705482,37.837531],[127.705437,37.837614],[127.705264,37.837899],[127.704654,37.838294],[127.704612,37.838321],[127.703812,37.838476],[127.703602,37.838525],[127.702834,37.838708],[127.701487,37.838686],[127.701181,37.838847],[127.701156,37.838859],[127.701137,37.838874],[127.700405,37.839437],[127.700354,37.839476],[127.700344,37.839478],[127.699709,37.839579],[127.698982,37.839988],[127.698533,37.840054],[127.698372,37.840058],[127.697838,37.840063],[127.696868,37.840074],[127.696361,37.840048],[127.695688,37.839949],[127.695479,37.839918],[127.695118,37.83966],[127.694686,37.839489],[127.694287,37.839332],[127.693303,37.839259],[127.6911,37.839932],[127.690361,37.840507],[127.689803,37.840431],[127.689326,37.84041],[127.688862,37.840328],[127.688573,37.840344],[127.688117,37.84037],[127.68801,37.840421],[127.687788,37.840527],[127.686513,37.840755],[127.686044,37.840843],[127.685689,37.840909],[127.68568,37.840911],[127.685651,37.840898],[127.68513,37.840671],[127.684998,37.840709],[127.684096,37.840965],[127.683145,37.841234],[127.682805,37.841332],[127.682187,37.841909],[127.681772,37.841814],[127.680621,37.842511],[127.680544,37.842479],[127.67939,37.841999],[127.67713,37.841057],[127.676928,37.841065],[127.675785,37.84108],[127.67572,37.841081],[127.675793,37.841607],[127.675888,37.842294],[127.676043,37.843368],[127.67628,37.845012],[127.676738,37.846837],[127.677027,37.847987],[127.677364,37.849331],[127.677352,37.849459],[127.676737,37.850073],[127.676269,37.850619],[127.675944,37.85119],[127.675681,37.851652],[127.675308,37.853052],[127.675196,37.857583],[127.675189,37.857857],[127.675201,37.858807],[127.675206,37.858868],[127.675306,37.860293],[127.675858,37.863043],[127.6762,37.865087],[127.676333,37.866431],[127.67691,37.867573],[127.677285,37.868518],[127.677498,37.869053],[127.678464,37.87083],[127.679085,37.872065],[127.679178,37.872055],[127.680004,37.871965],[127.682731,37.872514],[127.684792,37.872819],[127.685916,37.873088],[127.686404,37.873233],[127.687575,37.873586],[127.688331,37.873811],[127.690373,37.873971],[127.692007,37.874559],[127.694109,37.875532],[127.694318,37.875719],[127.695483,37.87676],[127.696151,37.877097],[127.701863,37.88031],[127.7034,37.877671],[127.703675,37.877198],[127.705337,37.87632],[127.705408,37.876273],[127.707221,37.875103],[127.708825,37.873902],[127.710697,37.873019],[127.711131,37.872813],[127.711585,37.872654],[127.712144,37.87231]]]]}},
{"type":"Feature","properties":{"BASE_DATE":"20250630","ADM_CD":"32010710","ADM_NM":"신사우동"},"geometry":{"type":"MultiPolygon","coordinates":[[[[127.72505,37.946114],[127.725062,37.946085],[127.725362,37.946171],[127.725353,37.94618],[127.725384,37.946185],[127.725504,37.946179],[127.725568,37.946163],[127.725651,37.946142],[127.725823,37.94601],[127.726307,37.945881],[127.726542,37.945834],[127.726673,37.945773],[127.726827,37.945648],[127.72717,37.945374],[127.727297,37.945329],[127.727449,37.945277],[127.727449,37.945273],[127.727441,37.94511],[127.727437,37.945003],[127.727433,37.944935],[127.727419,37.944914],[127.727219,37.944623],[127.727139,37.944501],[127.727091,37.944429],[127.727231,37.944301],[127.727303,37.944289],[127.727449,37.944328],[127.72754,37.944251],[127.727595,37.944202],[127.727731,37.944115],[127.727733,37.944113],[127.727744,37.944112],[127.727855,37.944098],[127.727954,37.944038],[127.72804,37.943984],[127.728038,37.943982],[127.728009,37.943952],[127.728037,37.943935],[127.728133,37.943877],[127.728073,37.943852],[127.72803,37.94382],[127.728018,37.943786],[127.727982,37.943702],[127.728009,37.943695],[127.728025,37.943723],[127.728035,37.943714],[127.728053,37.943697],[127.728131,37.943619],[127.728134,37.943565],[127.728286,37.943458],[127.728316,37.943399],[127.728458,37.943257],[127.728747,37.942926],[127.728907,37.942741],[127.728947,37.942739],[127.729093,37.942556],[127.729175,37.942464],[127.729241,37.942389],[127.729273,37.94237],[127.729507,37.942239],[127.729665,37.942112],[127.729733,37.942042],[127.729985,37.941826],[127.730069,37.941761],[127.730202,37.941579],[127.730213,37.941564],[127.730251,37.941556],[127.73041,37.941522],[127.730438,37.941515],[127.73047,37.941503],[127.73058,37.941462],[127.730856,37.941349],[127.731058,37.941267],[127.731268,37.941182],[127.73127,37.941181],[127.73134,37.941162],[127.731621,37.941234],[127.731869,37.941298],[127.732234,37.941389],[127.732507,37.941294],[127.732608,37.941259],[127.732738,37.940725],[127.73298,37.940384],[127.733604,37.939845],[127.734016,37.939718],[127.734229,37.939469],[127.734287,37.93921],[127.734563,37.938999],[127.73468,37.938959],[127.735236,37.938769],[127.735306,37.938745],[127.735308,37.938651],[127.735392,37.938628],[127.735735,37.938492],[127.735765,37.938422],[127.73582,37.938278],[127.735913,37.938205],[127.735938,37.938296],[127.736344,37.938017],[127.736641,37.937561],[127.737454,37.937889],[127.737677,37.937699],[127.737927,37.937503],[127.738003,37.93738],[127.737654,37.937523],[127.737487,37.937462],[127.73709,37.937274],[127.735933,37.936386],[127.735909,37.93637],[127.735599,37.936164],[127.735573,37.936146],[127.735546,37.936128],[127.734518,37.935444],[127.734094,37.935161],[127.733889,37.934866],[127.733607,37.934461],[127.73346,37.934251],[127.73336,37.934109],[127.73336,37.933947],[127.733656,37.93331],[127.733926,37.933206],[127.733966,37.933189],[127.734016,37.933167],[127.734326,37.933034],[127.735118,37.932682],[127.73546,37.932374],[127.73593,37.932071],[127.736195,37.931899],[127.736528,37.931738],[127.736856,37.93158],[127.737564,37.93105],[127.737731,37.931024],[127.737899,37.930998],[127.738162,37.930832],[127.738466,37.930641],[127.739119,37.930236],[127.739325,37.930108],[127.739337,37.930045],[127.739459,37.929384],[127.739465,37.929317],[127.739482,37.929119],[127.739491,37.929023],[127.739559,37.928245],[127.739563,37.928193],[127.739571,37.928163],[127.739589,37.928135],[127.73959,37.928133],[127.739686,37.928016],[127.740049,37.927568],[127.740374,37.927182],[127.740397,37.927133],[127.740505,37.926912],[127.740509,37.926904],[127.740842,37.926222],[127.740652,37.925734],[127.740642,37.925705],[127.740589,37.925547],[127.740586,37.925351],[127.740684,37.925222],[127.741015,37.924789],[127.740949,37.924276],[127.740941,37.924215],[127.741021,37.923611],[127.741004,37.923357],[127.740984,37.923061],[127.74111,37.922617],[127.741124,37.922567],[127.741211,37.922421],[127.741216,37.922409],[127.741288,37.922259],[127.741321,37.922197],[127.741354,37.922134],[127.741703,37.92226],[127.742089,37.922398],[127.742392,37.922506],[127.742829,37.922662],[127.743162,37.922783],[127.743281,37.922826],[127.743507,37.922909],[127.743734,37.922991],[127.743759,37.923],[127.744233,37.923173],[127.744519,37.923276],[127.744825,37.923387],[127.745093,37.923484],[127.745351,37.923578],[127.745384,37.92359],[127.745506,37.923635],[127.745505,37.923566],[127.745504,37.923464],[127.745503,37.923355],[127.745502,37.923198],[127.745506,37.923129],[127.745505,37.923097],[127.745501,37.922703],[127.745498,37.922347],[127.745497,37.922268],[127.745495,37.922068],[127.745495,37.921874],[127.745493,37.921724],[127.745477,37.921113],[127.744589,37.918089],[127.744421,37.917516],[127.745056,37.914541],[127.74513,37.914195],[127.745191,37.913908],[127.745328,37.913343],[127.745418,37.912933],[127.745622,37.911996],[127.745753,37.911208],[127.745946,37.910299],[127.745998,37.910085],[127.746534,37.907871],[127.746728,37.907078],[127.746824,37.90669],[127.746809,37.905188],[127.746808,37.905144],[127.746792,37.903709],[127.746779,37.9025],[127.74676,37.900881],[127.746757,37.90057],[127.745693,37.89949],[127.745689,37.899076],[127.745682,37.898326],[127.745682,37.898302],[127.745676,37.897701],[127.745661,37.896631],[127.745661,37.896004],[127.74546,37.895888],[127.745441,37.895867],[127.744373,37.894676],[127.744164,37.894443],[127.743143,37.894377],[127.742467,37.894334],[127.739758,37.894159],[127.73891,37.894282],[127.7379,37.894429],[127.737713,37.894456],[127.736755,37.894595],[127.736508,37.894631],[127.736096,37.89469],[127.735477,37.89478],[127.73505,37.894842],[127.734708,37.894893],[127.734596,37.89491],[127.734082,37.894988],[127.733088,37.895024],[127.732032,37.895063],[127.731959,37.895066],[127.73097,37.895102],[127.730941,37.895103],[127.730345,37.895125],[127.729935,37.89514],[127.729266,37.895165],[127.729086,37.895171],[127.728412,37.895196],[127.728399,37.895197],[127.728026,37.895199],[127.727326,37.895202],[127.725712,37.895211],[127.724983,37.896015],[127.724961,37.896154],[127.72488,37.896668],[127.724786,37.897266],[127.724666,37.898026],[127.724483,37.899193],[127.724478,37.899222],[127.724266,37.899623],[127.724189,37.899748],[127.724075,37.899932],[127.723896,37.900222],[127.723625,37.90066],[127.722781,37.902025],[127.722041,37.903241],[127.721723,37.903394],[127.721548,37.903479],[127.721276,37.904035],[127.721168,37.904255],[127.720788,37.905056],[127.720698,37.90514],[127.719759,37.906031],[127.719242,37.906308],[127.718195,37.906868],[127.717293,37.907374],[127.71715,37.907488],[127.715551,37.908976],[127.714001,37.908333],[127.712553,37.907741],[127.711992,37.907766],[127.711467,37.90779],[127.712441,37.910506],[127.712887,37.911533],[127.71332,37.912499],[127.713726,37.913418],[127.714026,37.9141],[127.714276,37.915395],[127.714478,37.916437],[127.715275,37.917696],[127.715358,37.918446],[127.715875,37.919515],[127.717287,37.921694],[127.717744,37.922083],[127.718642,37.922846],[127.719211,37.92488],[127.718963,37.926531],[127.718925,37.926787],[127.718616,37.928772],[127.717232,37.9289],[127.717147,37.929023],[127.716983,37.929254],[127.716941,37.929452],[127.716835,37.929976],[127.716747,37.93022],[127.716676,37.930361],[127.716529,37.930651],[127.716499,37.930809],[127.716471,37.930968],[127.716333,37.931285],[127.716179,37.931604],[127.716045,37.931882],[127.716002,37.93197],[127.715827,37.932332],[127.715391,37.932968],[127.714732,37.933652],[127.713872,37.934466],[127.713654,37.934698],[127.713437,37.934929],[127.713017,37.935769],[127.712356,37.936706],[127.712298,37.936788],[127.711314,37.93798],[127.711763,37.938328],[127.711851,37.938417],[127.71255,37.939117],[127.712688,37.939153],[127.712821,37.939187],[127.713062,37.939249],[127.713369,37.939253],[127.713412,37.939272],[127.713489,37.939306],[127.713509,37.939323],[127.713538,37.939347],[127.713633,37.939426],[127.713864,37.939414],[127.713927,37.939317],[127.713887,37.93916],[127.713945,37.939036],[127.714146,37.938828],[127.714215,37.938687],[127.71422,37.938677],[127.714236,37.938579],[127.714325,37.938589],[127.714338,37.938591],[127.714375,37.938595],[127.714439,37.938725],[127.714491,37.938829],[127.714654,37.93888],[127.714665,37.938883],[127.715411,37.938876],[127.715596,37.938716],[127.715633,37.938684],[127.715921,37.938691],[127.716346,37.938703],[127.716493,37.938833],[127.716565,37.938897],[127.716587,37.93931],[127.716571,37.939345],[127.716514,37.939468],[127.716555,37.939592],[127.716682,37.939639],[127.716951,37.93996],[127.717188,37.940166],[127.717216,37.940169],[127.717285,37.940175],[127.717365,37.940251],[127.717468,37.940348],[127.717636,37.94038],[127.717762,37.940369],[127.717765,37.940369],[127.71791,37.940357],[127.717966,37.940408],[127.718096,37.940526],[127.718129,37.940756],[127.718279,37.941081],[127.718581,37.941295],[127.718644,37.941353],[127.718808,37.941503],[127.718838,37.941532],[127.719154,37.941688],[127.719266,37.941744],[127.719743,37.94224],[127.720317,37.942388],[127.720585,37.942456],[127.720494,37.942622],[127.720855,37.942951],[127.720978,37.943287],[127.721016,37.943276],[127.721601,37.943111],[127.721883,37.943338],[127.721965,37.943404],[127.72205,37.943473],[127.72221,37.943863],[127.721803,37.944482],[127.721829,37.944907],[127.721843,37.945142],[127.721845,37.945178],[127.721828,37.945192],[127.721644,37.945335],[127.721924,37.945525],[127.722185,37.945703],[127.722213,37.945721],[127.722371,37.945829],[127.723024,37.945752],[127.723499,37.94547],[127.723546,37.945532],[127.723774,37.94583],[127.723794,37.945858],[127.72383,37.946009],[127.723879,37.946259],[127.723889,37.946591],[127.723954,37.946573],[127.725192,37.946228],[127.725307,37.946196],[127.725333,37.946187],[127.72505,37.946114]]]]}}
]
}
