{"type":"FeatureCollection","name":"chuncheon-city-boundary","crs":{"type":"name","properties":{"name":"urn:ogc:def:crs:OGC:1.3:CRS84"}},"features":[{"type":"Feature","properties":{"ADM_NM":"???","BASE_DATE":"20250630"},"geometry":{"type":"MultiLineString","coordinates":[[[127.775991,38.013897],[127.776539,38.013597]],[[127.776539,38.013597],[127.776591,38.013607]],[[127.776591,38.013607],[127.776805,38.013645]],[[127.776805,38.013645],[127.776807,38.013646]],[[127.776807,38.013646],[127.776819,38.013648]],[[127.776819,38.013648],[127.776825,38.013649]],[[127.776825,38.013649],[127.778218,38.013902]],[[127.778218,38.013902],[127.77831,38.013878]],[[127.77831,38.013878],[127.779156,38.013657]],[[127.779156,38.013657],[127.779206,38.013541]],[[127.779206,38.013541],[127.779393,38.013104]],[[127.779393,38.013104],[127.779793,38.012663]],[[127.779793,38.012663],[127.780188,38.011851]],[[127.780188,38.011851],[127.780286,38.011381]],[[127.780286,38.011381],[127.780521,38.010256]],[[127.780521,38.010256],[127.780656,38.00961]],[[127.780656,38.00961],[127.781343,38.008519]],[[127.781343,38.008519],[127.783207,38.006491]],[[127.783207,38.006491],[127.784271,38.00409]],[[127.784271,38.00409],[127.785552,38.00276]],[[127.785552,38.00276],[127.785544,38.001524]],[[127.785544,38.001524],[127.786296,38.000868]],[[127.786296,38.000868],[127.786366,38.000807]],[[127.786366,38.000807],[127.786704,38.000513]],[[127.786704,38.000513],[127.786602,37.999926]],[[127.786602,37.999926],[127.78649,37.999281]],[[127.78649,37.999281],[127.786908,37.998975]],[[127.786908,37.998975],[127.78774,37.998364]],[[127.78774,37.998364],[127.787853,37.998282]],[[127.787853,37.998282],[127.787494,37.99747]],[[127.787494,37.99747],[127.787117,37.996616]],[[127.787117,37.996616],[127.786672,37.995411]],[[127.786672,37.995411],[127.787553,37.997279]],[[127.787553,37.997279],[127.787751,37.996806]],[[127.787751,37.996806],[127.787754,37.9968]],[[127.787754,37.9968],[127.787765,37.996642]],[[127.787765,37.996642],[127.787813,37.995926]],[[127.787813,37.995926],[127.787851,37.995363]],[[127.787851,37.995363],[127.787953,37.995057]],[[127.787953,37.995057],[127.788202,37.994303]],[[127.788202,37.994303],[127.788206,37.994294]],[[127.788206,37.994294],[127.788527,37.994293]],[[127.788527,37.994293],[127.78905,37.994291]],[[127.78905,37.994291],[127.789672,37.994289]],[[127.789672,37.994289],[127.790208,37.994287]],[[127.790208,37.994287],[127.790465,37.994287]],[[127.790465,37.994287],[127.790466,37.994287]],[[127.790466,37.994287],[127.790526,37.994314]],[[127.790526,37.994314],[127.790689,37.994387]],[[127.790689,37.994387],[127.791667,37.994824]],[[127.791667,37.994824],[127.791996,37.994913]],[[127.791996,37.994913],[127.792219,37.99498]],[[127.792219,37.99498],[127.793504,37.995365]],[[127.793504,37.995365],[127.794641,37.995706]],[[127.773834,38.013576],[127.77395,38.01361]],[[127.77395,38.01361],[127.775102,38.013944]],[[127.775102,38.013944],[127.775991,38.013897]],[[127.956443,37.871355],[127.956387,37.871256]],[[127.956387,37.871256],[127.956352,37.871194]],[[127.956352,37.871194],[127.956266,37.871043]],[[127.956266,37.871043],[127.95601,37.87059]],[[127.95601,37.87059],[127.955763,37.870154]],[[127.955763,37.870154],[127.954639,37.869213]],[[127.954639,37.869213],[127.953662,37.867919]],[[127.953662,37.867919],[127.953082,37.866434]],[[127.953082,37.866434],[127.952915,37.864885]],[[127.952915,37.864885],[127.952893,37.86486]],[[127.952893,37.86486],[127.952884,37.864854]],[[127.952884,37.864854],[127.950625,37.864004]],[[127.950625,37.864004],[127.950614,37.863996]],[[127.950614,37.863996],[127.950587,37.863973]],[[127.950587,37.863973],[127.95005,37.863211]],[[127.95005,37.863211],[127.950134,37.862514]],[[127.950134,37.862514],[127.950151,37.862371]],[[127.950151,37.862371],[127.950146,37.861965]],[[127.950146,37.861965],[127.950041,37.861626]],[[127.950041,37.861626],[127.949554,37.861127]],[[127.949554,37.861127],[127.949443,37.861034]],[[127.949443,37.861034],[127.949293,37.860918]],[[127.949293,37.860918],[127.948862,37.860584]],[[127.948862,37.860584],[127.9483,37.860276]],[[127.9483,37.860276],[127.948243,37.860226]],[[127.948243,37.860226],[127.948221,37.860203]],[[127.948221,37.860203],[127.947802,37.859262]],[[127.947802,37.859262],[127.947645,37.858909]],[[127.947645,37.858909],[127.947641,37.85889]],[[127.947641,37.85889],[127.947627,37.858815]],[[127.947627,37.858815],[127.947637,37.858619]],[[127.947637,37.858619],[127.947661,37.858154]],[[127.947661,37.858154],[127.947592,37.858018]],[[127.947592,37.858018],[127.947278,37.857411]],[[127.947278,37.857411],[127.947266,37.857393]],[[127.947266,37.857393],[127.947265,37.85739]],[[127.947265,37.85739],[127.947178,37.857281]],[[127.947178,37.857281],[127.946943,37.856985]],[[127.946943,37.856985],[127.946885,37.8569]],[[127.946885,37.8569],[127.946322,37.855925]],[[127.946322,37.855925],[127.946319,37.85592]],[[127.946319,37.85592],[127.94631,37.855894]],[[127.94631,37.855894],[127.946152,37.855075]],[[127.946152,37.855075],[127.946113,37.854932]],[[127.946113,37.854932],[127.945884,37.854247]],[[127.945884,37.854247],[127.945502,37.853625]],[[127.945502,37.853625],[127.944723,37.853059]],[[127.944723,37.853059],[127.944701,37.853032]],[[127.944701,37.853032],[127.944692,37.853014]],[[127.944692,37.853014],[127.94464,37.852707]],[[127.94464,37.852707],[127.944484,37.851801]],[[127.944484,37.851801],[127.944439,37.851449]],[[127.944439,37.851449],[127.944429,37.851357]],[[127.944429,37.851357],[127.944423,37.851346]],[[127.944423,37.851346],[127.944391,37.851297]],[[127.944391,37.851297],[127.944106,37.851061]],[[127.944106,37.851061],[127.944084,37.851005]],[[127.944084,37.851005],[127.944034,37.850672]],[[127.944034,37.850672],[127.944007,37.850474]],[[127.944007,37.850474],[127.943828,37.849891]],[[127.943828,37.849891],[127.943714,37.849521]],[[127.943714,37.849521],[127.94361,37.849177]],[[127.94361,37.849177],[127.943603,37.849161]],[[127.943603,37.849161],[127.943134,37.84813]],[[127.943134,37.84813],[127.94304,37.847924]],[[127.94304,37.847924],[127.942995,37.84781]],[[127.942995,37.84781],[127.942969,37.847749]],[[127.942969,37.847749],[127.94297,37.847733]],[[127.94297,37.847733],[127.942974,37.847717]],[[127.942974,37.847717],[127.943188,37.847386]],[[127.943188,37.847386],[127.943249,37.847314]],[[127.943249,37.847314],[127.943515,37.847082]],[[127.943515,37.847082],[127.943725,37.846902]],[[127.943725,37.846902],[127.944663,37.846283]],[[127.944663,37.846283],[127.944738,37.846239]],[[127.944738,37.846239],[127.945034,37.846095]],[[127.945034,37.846095],[127.945532,37.845851]],[[127.945532,37.845851],[127.945564,37.845819]],[[127.945564,37.845819],[127.945598,37.845783]],[[127.945598,37.845783],[127.94588,37.845139]],[[127.94588,37.845139],[127.945974,37.844925]],[[127.945974,37.844925],[127.945918,37.844696]],[[127.945918,37.844696],[127.945911,37.844667]],[[127.945911,37.844667],[127.945909,37.844662]],[[127.945909,37.844662],[127.945871,37.844587]],[[127.945871,37.844587],[127.945849,37.844557]],[[127.945849,37.844557],[127.945772,37.844508]],[[127.945772,37.844508],[127.945709,37.844469]],[[127.945709,37.844469],[127.945639,37.844433]],[[127.945639,37.844433],[127.945353,37.844285]],[[127.945353,37.844285],[127.945339,37.844267]],[[127.945339,37.844267],[127.945336,37.84405]],[[127.945336,37.84405],[127.945856,37.843326]],[[127.945856,37.843326],[127.94603,37.842858]],[[127.94603,37.842858],[127.946062,37.842751]],[[127.946062,37.842751],[127.946052,37.841985]],[[127.946052,37.841985],[127.946071,37.841626]],[[127.946071,37.841626],[127.946099,37.84108]],[[127.946099,37.84108],[127.945042,37.840349]],[[127.945042,37.840349],[127.944377,37.839448]],[[127.944377,37.839448],[127.94436,37.839425]],[[127.94436,37.839425],[127.944725,37.838791]],[[127.944725,37.838791],[127.944124,37.838354]],[[127.944124,37.838354],[127.942829,37.838225]],[[127.942829,37.838225],[127.941646,37.838161]],[[127.941646,37.838161],[127.941461,37.838056]],[[127.941461,37.838056],[127.939919,37.837179]],[[127.939919,37.837179],[127.939256,37.836939]],[[127.939256,37.836939],[127.938972,37.836781]],[[127.938972,37.836781],[127.938688,37.836623]],[[127.938688,37.836623],[127.938537,37.836434]],[[127.938537,37.836434],[127.938295,37.836293]],[[127.938295,37.836293],[127.937829,37.836011]],[[127.937829,37.836011],[127.937797,37.835996]],[[127.937797,37.835996],[127.937767,37.836002]],[[127.937767,37.836002],[127.937674,37.836007]],[[127.937674,37.836007],[127.937514,37.835956]],[[127.937514,37.835956],[127.937054,37.835581]],[[127.937054,37.835581],[127.93688,37.835277]],[[127.93688,37.835277],[127.936312,37.83428]],[[127.936312,37.83428],[127.936189,37.833959]],[[127.936189,37.833959],[127.935778,37.832878]],[[127.935778,37.832878],[127.935507,37.832071]],[[127.935507,37.832071],[127.935399,37.831545]],[[127.935399,37.831545],[127.935325,37.830874]],[[127.935325,37.830874],[127.935274,37.83042]],[[127.935274,37.83042],[127.935341,37.830055]],[[127.935341,37.830055],[127.935301,37.829514]],[[127.935301,37.829514],[127.935228,37.828512]],[[127.935228,37.828512],[127.934015,37.827091]],[[127.934015,37.827091],[127.932787,37.826357]],[[127.932787,37.826357],[127.931807,37.826467]],[[127.931807,37.826467],[127.93162,37.826636]],[[127.93162,37.826636],[127.931594,37.826659]],[[127.931594,37.826659],[127.931554,37.826789]],[[127.931554,37.826789],[127.931526,37.826796]],[[127.931526,37.826796],[127.930517,37.826899]],[[127.930517,37.826899],[127.930457,37.826905]],[[127.930457,37.826905],[127.930445,37.826908]],[[127.930445,37.826908],[127.93037,37.826937]],[[127.93037,37.826937],[127.930326,37.826968]],[[127.930326,37.826968],[127.929273,37.827706]],[[127.929273,37.827706],[127.929021,37.828296]],[[127.929021,37.828296],[127.928641,37.829183]],[[127.928641,37.829183],[127.928238,37.829895]],[[127.928238,37.829895],[127.926706,37.83266]],[[127.926706,37.83266],[127.926494,37.833041]],[[127.926494,37.833041],[127.926434,37.83315]],[[127.926434,37.83315],[127.926396,37.83325]],[[127.926396,37.83325],[127.926222,37.83388]],[[127.926222,37.83388],[127.92608,37.834397]],[[127.92608,37.834397],[127.925462,37.836648]],[[127.925462,37.836648],[127.925373,37.836979]],[[127.925373,37.836979],[127.925357,37.837015]],[[127.925357,37.837015],[127.924469,37.838316]],[[127.924469,37.838316],[127.922327,37.839041]],[[127.922327,37.839041],[127.92228,37.839057]],[[127.92228,37.839057],[127.922027,37.839286]],[[127.922027,37.839286],[127.920985,37.840225]],[[127.920985,37.840225],[127.918485,37.844218]],[[127.918485,37.844218],[127.918394,37.844263]],[[127.918394,37.844263],[127.916625,37.845131]],[[127.916625,37.845131],[127.915726,37.845762]],[[127.915726,37.845762],[127.915059,37.84589]],[[127.915059,37.84589],[127.913606,37.84617]],[[127.913606,37.84617],[127.911565,37.847278]],[[127.911565,37.847278],[127.910285,37.847972]],[[127.910285,37.847972],[127.909787,37.848139]],[[127.909787,37.848139],[127.908632,37.84857]],[[127.908632,37.84857],[127.908427,37.848677]],[[127.908427,37.848677],[127.907685,37.849061]],[[127.907685,37.849061],[127.905777,37.849395]],[[127.905777,37.849395],[127.905673,37.849414]],[[127.905673,37.849414],[127.906374,37.850645]],[[127.906374,37.850645],[127.906108,37.851193]],[[127.906108,37.851193],[127.906484,37.851786]],[[127.906484,37.851786],[127.906658,37.852578]],[[127.906658,37.852578],[127.90795,37.853343]],[[127.90795,37.853343],[127.90796,37.853348]],[[127.90796,37.853348],[127.908822,37.854557]],[[127.908822,37.854557],[127.908428,37.855245]],[[127.908428,37.855245],[127.908317,37.855438]],[[127.908317,37.855438],[127.906187,37.856861]],[[127.906187,37.856861],[127.904611,37.85748]],[[127.904611,37.85748],[127.90416,37.85761]],[[127.90416,37.85761],[127.903763,37.857699]],[[127.903763,37.857699],[127.90252,37.857978]],[[127.90252,37.857978],[127.902123,37.858067]],[[127.902123,37.858067],[127.900678,37.858768]],[[127.900678,37.858768],[127.899903,37.858931]],[[127.899903,37.858931],[127.899158,37.859087]],[[127.899158,37.859087],[127.898651,37.859193]],[[127.898651,37.859193],[127.898491,37.859192]],[[127.898491,37.859192],[127.898201,37.859161]],[[127.898201,37.859161],[127.897455,37.859081]],[[127.897455,37.859081],[127.897349,37.859086]],[[127.897349,37.859086],[127.897254,37.859108]],[[127.897254,37.859108],[127.896036,37.859388]],[[127.896036,37.859388],[127.895388,37.860169]],[[127.895388,37.860169],[127.894986,37.860952]],[[127.894986,37.860952],[127.894961,37.861002]],[[127.894961,37.861002],[127.894026,37.861577]],[[127.894026,37.861577],[127.893323,37.861945]],[[127.893323,37.861945],[127.893285,37.861951]],[[127.893285,37.861951],[127.892385,37.862079]],[[127.892385,37.862079],[127.892303,37.86211]],[[127.892303,37.86211],[127.892052,37.862389]],[[127.892052,37.862389],[127.891779,37.862692]],[[127.891779,37.862692],[127.891686,37.862795]],[[127.891686,37.862795],[127.891267,37.86304]],[[127.891267,37.86304],[127.891208,37.86305]],[[127.891208,37.86305],[127.890667,37.863123]],[[127.890667,37.863123],[127.889744,37.862743]],[[127.889744,37.862743],[127.888056,37.862047]],[[127.888056,37.862047],[127.887142,37.862056]],[[127.887142,37.862056],[127.886449,37.862063]],[[127.886449,37.862063],[127.884644,37.86161]],[[127.884644,37.86161],[127.883106,37.861042]],[[127.883106,37.861042],[127.881438,37.860776]],[[127.881438,37.860776],[127.88075,37.86069]],[[127.88075,37.86069],[127.87993,37.860144]],[[127.87993,37.860144],[127.879927,37.860143]],[[127.879927,37.860143],[127.879895,37.860121]],[[127.879895,37.860121],[127.879889,37.860099]],[[127.879889,37.860099],[127.879752,37.85963]],[[127.879752,37.85963],[127.87967,37.859351]],[[127.87967,37.859351],[127.878662,37.858466]],[[127.878662,37.858466],[127.877614,37.857546]],[[127.877614,37.857546],[127.877079,37.857077]],[[127.877079,37.857077],[127.876511,37.856488]],[[127.876511,37.856488],[127.876508,37.856466]],[[127.876508,37.856466],[127.876501,37.856423]],[[127.876501,37.856423],[127.87683,37.855987]],[[127.87683,37.855987],[127.877306,37.855356]],[[127.877306,37.855356],[127.877585,37.854961]],[[127.877585,37.854961],[127.877749,37.854729]],[[127.877749,37.854729],[127.878023,37.85428]],[[127.878023,37.85428],[127.87806,37.854216]],[[127.87806,37.854216],[127.878096,37.854146]],[[127.878096,37.854146],[127.878187,37.853952]],[[127.878187,37.853952],[127.878195,37.853932]],[[127.878195,37.853932],[127.878205,37.853906]],[[127.878205,37.853906],[127.878473,37.853083]],[[127.878473,37.853083],[127.878812,37.852045]],[[127.878812,37.852045],[127.878751,37.851792]],[[127.878751,37.851792],[127.878332,37.850049]],[[127.878332,37.850049],[127.878198,37.849491]],[[127.878198,37.849491],[127.877392,37.848464]],[[127.877392,37.848464],[127.877378,37.848438]],[[127.877378,37.848438],[127.877137,37.84781]],[[127.877137,37.84781],[127.877153,37.84775]],[[127.877153,37.84775],[127.877364,37.847546]],[[127.877364,37.847546],[127.877372,37.847537]],[[127.877372,37.847537],[127.877358,37.84751]],[[127.877358,37.84751],[127.876098,37.846753]],[[127.876098,37.846753],[127.875377,37.845879]],[[127.875377,37.845879],[127.875326,37.845816]],[[127.875326,37.845816],[127.874562,37.845797]],[[127.874562,37.845797],[127.874471,37.845795]],[[127.874471,37.845795],[127.873572,37.845615]],[[127.873572,37.845615],[127.872771,37.844679]],[[127.872771,37.844679],[127.872724,37.844624]],[[127.872724,37.844624],[127.872718,37.844598]],[[127.872718,37.844598],[127.872583,37.84325]],[[127.872583,37.84325],[127.872573,37.843207]],[[127.872573,37.843207],[127.871756,37.841031]],[[127.871756,37.841031],[127.871747,37.840962]],[[127.871747,37.840962],[127.871843,37.839277]],[[127.871843,37.839277],[127.871476,37.838968]],[[127.871476,37.838968],[127.87133,37.838734]],[[127.87133,37.838734],[127.871189,37.838507]],[[127.871189,37.838507],[127.87119,37.838466]],[[127.87119,37.838466],[127.871241,37.838347]],[[127.871241,37.838347],[127.871491,37.837765]],[[127.871491,37.837765],[127.87157,37.837582]],[[127.87157,37.837582],[127.871605,37.837499]],[[127.871605,37.837499],[127.871602,37.837437]],[[127.871602,37.837437],[127.871583,37.837433]],[[127.871583,37.837433],[127.871158,37.837331]],[[127.871158,37.837331],[127.87028,37.837193]],[[127.87028,37.837193],[127.870219,37.837169]],[[127.870219,37.837169],[127.869306,37.836556]],[[127.869306,37.836556],[127.869104,37.836569]],[[127.869104,37.836569],[127.868792,37.83659]],[[127.868792,37.83659],[127.868482,37.83661]],[[127.868482,37.83661],[127.868194,37.836811]],[[127.868194,37.836811],[127.867604,37.836726]],[[127.867604,37.836726],[127.867578,37.83673]],[[127.867578,37.83673],[127.866961,37.836835]],[[127.866961,37.836835],[127.866923,37.836823]],[[127.866923,37.836823],[127.866305,37.836371]],[[127.866305,37.836371],[127.863919,37.836269]],[[127.863919,37.836269],[127.863405,37.836247]],[[127.863405,37.836247],[127.862936,37.836226]],[[127.862936,37.836226],[127.862252,37.836405]],[[127.862252,37.836405],[127.861822,37.836588]],[[127.861822,37.836588],[127.861676,37.836651]],[[127.861676,37.836651],[127.861615,37.836631]],[[127.861615,37.836631],[127.861066,37.836195]],[[127.861066,37.836195],[127.860343,37.836203]],[[127.860343,37.836203],[127.859072,37.83591]],[[127.859072,37.83591],[127.857967,37.835892]],[[127.857967,37.835892],[127.85718,37.835422]],[[127.85718,37.835422],[127.85705,37.835395]],[[127.85705,37.835395],[127.854652,37.834809]],[[127.854652,37.834809],[127.854651,37.834809]],[[127.854651,37.834809],[127.854634,37.834805]],[[127.854634,37.834805],[127.854004,37.835071]],[[127.854004,37.835071],[127.852793,37.835322]],[[127.852793,37.835322],[127.85218,37.835485]],[[127.85218,37.835485],[127.851802,37.835556]],[[127.851802,37.835556],[127.851124,37.835614]],[[127.851124,37.835614],[127.849793,37.83553]],[[127.849793,37.83553],[127.849067,37.835535]],[[127.849067,37.835535],[127.848261,37.83563]],[[127.848261,37.83563],[127.847251,37.836162]],[[127.847251,37.836162],[127.845715,37.836838]],[[127.845715,37.836838],[127.845444,37.837067]],[[127.845444,37.837067],[127.844563,37.83744]],[[127.844563,37.83744],[127.842917,37.837775]],[[127.842917,37.837775],[127.842442,37.837781]],[[127.842442,37.837781],[127.841589,37.838555]],[[127.841589,37.838555],[127.840912,37.839]],[[127.840912,37.839],[127.840885,37.839017]],[[127.840885,37.839017],[127.839888,37.839388]],[[127.839888,37.839388],[127.839656,37.839638]],[[127.839656,37.839638],[127.839277,37.839805]],[[127.839277,37.839805],[127.838354,37.839772]],[[127.838354,37.839772],[127.837549,37.839915]],[[127.837549,37.839915],[127.83633,37.84001]],[[127.83633,37.84001],[127.835846,37.84044]],[[127.835846,37.84044],[127.83459,37.841244]],[[127.83459,37.841244],[127.833723,37.841704]],[[127.833723,37.841704],[127.833073,37.842218]],[[127.833073,37.842218],[127.83227,37.843638]],[[127.83227,37.843638],[127.830455,37.843849]],[[127.830455,37.843849],[127.830152,37.843884]],[[127.830152,37.843884],[127.829507,37.8439]],[[127.829507,37.8439],[127.829307,37.844009]],[[127.829307,37.844009],[127.829174,37.844081]],[[127.829174,37.844081],[127.828741,37.84388]],[[127.828741,37.84388],[127.827935,37.843506]],[[127.827935,37.843506],[127.82787,37.843495]],[[127.82787,37.843495],[127.827379,37.843532]],[[127.827379,37.843532],[127.825192,37.843698]],[[127.825192,37.843698],[127.824457,37.844296]],[[127.824457,37.844296],[127.824401,37.84434]],[[127.824401,37.84434],[127.824066,37.844552]],[[127.824066,37.844552],[127.823626,37.844826]],[[127.823626,37.844826],[127.823134,37.845368]],[[127.823134,37.845368],[127.82282,37.845485]],[[127.82282,37.845485],[127.822346,37.845662]],[[127.822346,37.845662],[127.822257,37.845679]],[[127.822257,37.845679],[127.822173,37.845678]],[[127.822173,37.845678],[127.822136,37.845667]],[[127.822136,37.845667],[127.822127,37.845664]],[[127.825411,37.810986],[127.825422,37.810956]],[[127.825422,37.810956],[127.826505,37.809496]],[[127.826505,37.809496],[127.826863,37.809013]],[[127.826863,37.809013],[127.826958,37.808885]],[[127.826958,37.808885],[127.827024,37.808804]],[[127.827024,37.808804],[127.827158,37.808641]],[[127.827158,37.808641],[127.827103,37.807368]],[[127.827103,37.807368],[127.827011,37.807245]],[[127.827011,37.807245],[127.826661,37.806776]],[[127.826661,37.806776],[127.826669,37.806695]],[[127.826669,37.806695],[127.826735,37.805974]],[[127.826735,37.805974],[127.82672,37.805918]],[[127.82672,37.805918],[127.82649,37.805518]],[[127.82649,37.805518],[127.826682,37.805338]],[[127.826682,37.805338],[127.826689,37.805315]],[[127.826689,37.805315],[127.826556,37.804509]],[[127.826556,37.804509],[127.826609,37.804193]],[[127.826609,37.804193],[127.82663,37.804145]],[[127.82663,37.804145],[127.826842,37.803854]],[[127.826842,37.803854],[127.826687,37.803687]],[[127.826687,37.803687],[127.826162,37.803118]],[[127.826162,37.803118],[127.826128,37.803097]],[[127.826128,37.803097],[127.825545,37.802925]],[[127.825545,37.802925],[127.825437,37.802471]],[[127.825437,37.802471],[127.825423,37.802412]],[[127.825423,37.802412],[127.825344,37.802299]],[[127.825344,37.802299],[127.825223,37.802126]],[[127.825223,37.802126],[127.825203,37.802084]],[[127.825203,37.802084],[127.82519,37.801986]],[[127.82519,37.801986],[127.825096,37.80127]],[[127.825096,37.80127],[127.825084,37.801178]],[[127.825084,37.801178],[127.825077,37.801141]],[[127.825077,37.801141],[127.825081,37.801124]],[[127.825081,37.801124],[127.825115,37.801078]],[[127.825115,37.801078],[127.825278,37.800857]],[[127.825278,37.800857],[127.825332,37.800801]],[[127.825332,37.800801],[127.825346,37.800787]],[[127.825346,37.800787],[127.825708,37.800426]],[[127.825708,37.800426],[127.825711,37.800414]],[[127.825711,37.800414],[127.825709,37.800409]],[[127.825709,37.800409],[127.825602,37.800267]],[[127.825602,37.800267],[127.825143,37.799662]],[[127.825143,37.799662],[127.825141,37.799654]],[[127.825141,37.799654],[127.825145,37.79951]],[[127.825145,37.79951],[127.825168,37.798642]],[[127.825168,37.798642],[127.825123,37.798581]],[[127.825123,37.798581],[127.824889,37.798263]],[[127.824889,37.798263],[127.824889,37.798253]],[[127.824889,37.798253],[127.824892,37.79825]],[[127.824892,37.79825],[127.825263,37.797915]],[[127.825263,37.797915],[127.827088,37.796267]],[[127.827088,37.796267],[127.827108,37.796248]],[[127.827108,37.796248],[127.827173,37.796199]],[[127.827173,37.796199],[127.828373,37.79536]],[[127.828373,37.79536],[127.830015,37.794732]],[[127.830015,37.794732],[127.830647,37.794067]],[[127.830647,37.794067],[127.830676,37.794047]],[[127.830676,37.794047],[127.831518,37.793733]],[[127.831518,37.793733],[127.831537,37.793721]],[[127.831537,37.793721],[127.832346,37.793025]],[[127.832346,37.793025],[127.833117,37.792514]],[[127.833117,37.792514],[127.833242,37.792431]],[[127.833242,37.792431],[127.833357,37.792409]],[[127.833357,37.792409],[127.833844,37.792314]],[[127.833844,37.792314],[127.834013,37.792278]],[[127.834013,37.792278],[127.835228,37.791941]],[[127.835228,37.791941],[127.835366,37.791889]],[[127.835366,37.791889],[127.83551,37.791836]],[[127.83551,37.791836],[127.8356,37.791775]],[[127.8356,37.791775],[127.836109,37.791431]],[[127.836109,37.791431],[127.836938,37.791134]],[[127.836938,37.791134],[127.836995,37.791114]],[[127.836995,37.791114],[127.837004,37.79111]],[[127.837004,37.79111],[127.837006,37.791107]],[[127.837006,37.791107],[127.837113,37.790877]],[[127.837113,37.790877],[127.837233,37.790621]],[[127.837233,37.790621],[127.837328,37.790418]],[[127.837328,37.790418],[127.838452,37.790342]],[[127.838452,37.790342],[127.838877,37.79025]],[[127.838877,37.79025],[127.839649,37.790084]],[[127.839649,37.790084],[127.839703,37.790064]],[[127.839703,37.790064],[127.840711,37.789695]],[[127.840711,37.789695],[127.84072,37.789692]],[[127.84072,37.789692],[127.840735,37.789694]],[[127.840735,37.789694],[127.841733,37.789845]],[[127.841733,37.789845],[127.84193,37.789918]],[[127.84193,37.789918],[127.842277,37.790046]],[[127.842277,37.790046],[127.842311,37.790059]],[[127.842311,37.790059],[127.843236,37.78969]],[[127.843236,37.78969],[127.843244,37.789674]],[[127.843244,37.789674],[127.844069,37.787896]],[[127.844069,37.787896],[127.84407,37.78785]],[[127.84407,37.78785],[127.844045,37.78747]],[[127.844045,37.78747],[127.843969,37.786312]],[[127.843969,37.786312],[127.844519,37.78437]],[[127.844519,37.78437],[127.844668,37.783843]],[[127.844668,37.783843],[127.844669,37.783837]],[[127.844669,37.783837],[127.844714,37.783761]],[[127.844714,37.783761],[127.844775,37.783667]],[[127.844775,37.783667],[127.846461,37.781102]],[[127.846461,37.781102],[127.846599,37.780774]],[[127.846599,37.780774],[127.846669,37.780688]],[[127.846669,37.780688],[127.848003,37.780276]],[[127.848003,37.780276],[127.84972,37.779195]],[[127.84972,37.779195],[127.849785,37.779083]],[[127.849785,37.779083],[127.849781,37.778867]],[[127.849781,37.778867],[127.849761,37.777865]],[[127.849761,37.777865],[127.849836,37.77768]],[[127.849836,37.77768],[127.849918,37.777671]],[[127.849918,37.777671],[127.851263,37.777534]],[[127.851263,37.777534],[127.851674,37.777276]],[[127.851674,37.777276],[127.851814,37.777189]],[[127.851814,37.777189],[127.851868,37.777037]],[[127.851868,37.777037],[127.851842,37.776849]],[[127.851842,37.776849],[127.851838,37.776817]],[[127.851838,37.776817],[127.851765,37.776286]],[[127.851765,37.776286],[127.851838,37.776112]],[[127.851838,37.776112],[127.85295,37.774892]],[[127.85295,37.774892],[127.853137,37.774526]],[[127.853137,37.774526],[127.85321,37.774381]],[[127.85321,37.774381],[127.853368,37.774272]],[[127.853368,37.774272],[127.85412,37.773752]],[[127.85412,37.773752],[127.854154,37.773729]],[[127.854154,37.773729],[127.854451,37.773523]],[[127.854451,37.773523],[127.85448,37.773472]],[[127.85448,37.773472],[127.854488,37.77346]],[[127.854488,37.77346],[127.854719,37.772866]],[[127.854719,37.772866],[127.854732,37.772842]],[[127.854732,37.772842],[127.855287,37.77209]],[[127.855287,37.77209],[127.85543,37.771896]],[[127.85543,37.771896],[127.85608,37.771015]],[[127.85608,37.771015],[127.856254,37.770229]],[[127.856254,37.770229],[127.856447,37.769361]],[[127.856447,37.769361],[127.856828,37.769024]],[[127.856828,37.769024],[127.857397,37.768521]],[[127.857397,37.768521],[127.857165,37.768094]],[[127.857165,37.768094],[127.857162,37.768089]],[[127.857162,37.768089],[127.857145,37.768058]],[[127.857145,37.768058],[127.856628,37.76767]],[[127.856628,37.76767],[127.856126,37.766946]],[[127.856126,37.766946],[127.855984,37.76612]],[[127.855984,37.76612],[127.856121,37.765888]],[[127.856121,37.765888],[127.85624,37.765687]],[[127.85624,37.765687],[127.856257,37.765408]],[[127.856257,37.765408],[127.856196,37.765295]],[[127.856196,37.765295],[127.855829,37.765134]],[[127.855829,37.765134],[127.855716,37.765084]],[[127.855716,37.765084],[127.855138,37.764204]],[[127.855138,37.764204],[127.855103,37.764151]],[[127.855103,37.764151],[127.855024,37.76403]],[[127.855024,37.76403],[127.855015,37.763989]],[[127.855015,37.763989],[127.854897,37.763457]],[[127.854897,37.763457],[127.85486,37.763397]],[[127.85486,37.763397],[127.854598,37.763242]],[[127.854598,37.763242],[127.851462,37.761388]],[[127.851462,37.761388],[127.85136,37.761311]],[[127.85136,37.761311],[127.85095,37.760736]],[[127.85095,37.760736],[127.850095,37.760526]],[[127.850095,37.760526],[127.8498,37.760419]],[[127.8498,37.760419],[127.849763,37.760394]],[[127.849763,37.760394],[127.849489,37.759997]],[[127.849489,37.759997],[127.849432,37.759945]],[[127.849432,37.759945],[127.84903,37.759764]],[[127.84903,37.759764],[127.84899,37.759738]],[[127.84899,37.759738],[127.848135,37.758437]],[[127.848135,37.758437],[127.848119,37.758426]],[[127.848119,37.758426],[127.847052,37.757996]],[[127.847052,37.757996],[127.846801,37.757895]],[[127.846801,37.757895],[127.846195,37.757483]],[[127.846195,37.757483],[127.845857,37.757464]],[[127.845857,37.757464],[127.844371,37.757382]],[[127.844371,37.757382],[127.844313,37.757373]],[[127.844313,37.757373],[127.842875,37.756971]],[[127.842875,37.756971],[127.842814,37.756962]],[[127.842814,37.756962],[127.842778,37.756968]],[[127.842778,37.756968],[127.842522,37.75702]],[[127.842522,37.75702],[127.842492,37.757036]],[[127.842492,37.757036],[127.842489,37.757034]],[[127.842489,37.757034],[127.84245,37.756983]],[[127.84245,37.756983],[127.842353,37.756898]],[[127.842353,37.756898],[127.842096,37.75693]],[[127.842096,37.75693],[127.841709,37.756966]],[[127.841709,37.756966],[127.841657,37.756938]],[[127.841657,37.756938],[127.841421,37.756792]],[[127.841421,37.756792],[127.841018,37.756602]],[[127.841018,37.756602],[127.840439,37.756347]],[[127.840439,37.756347],[127.840308,37.756187]],[[127.840308,37.756187],[127.840301,37.756174]],[[127.840301,37.756174],[127.84034,37.755871]],[[127.84034,37.755871],[127.840371,37.755635]],[[127.840371,37.755635],[127.840383,37.75559]],[[127.840383,37.75559],[127.840571,37.755069]],[[127.840571,37.755069],[127.84058,37.755053]],[[127.84058,37.755053],[127.840597,37.755019]],[[127.840597,37.755019],[127.840615,37.754998]],[[127.840615,37.754998],[127.840858,37.754727]],[[127.840858,37.754727],[127.84175,37.753844]],[[127.84175,37.753844],[127.842862,37.752916]],[[127.842862,37.752916],[127.842891,37.752904]],[[127.842891,37.752904],[127.843625,37.752682]],[[127.843625,37.752682],[127.843688,37.752651]],[[127.843688,37.752651],[127.844231,37.752289]],[[127.844231,37.752289],[127.844281,37.752267]],[[127.844281,37.752267],[127.845161,37.752225]],[[127.845161,37.752225],[127.845244,37.752174]],[[127.845244,37.752174],[127.845237,37.751673]],[[127.845237,37.751673],[127.845137,37.751527]],[[127.845137,37.751527],[127.845026,37.751366]],[[127.845026,37.751366],[127.844861,37.751259]],[[127.844861,37.751259],[127.844804,37.751222]],[[127.844804,37.751222],[127.844623,37.751105]],[[127.844623,37.751105],[127.844666,37.750037]],[[127.844666,37.750037],[127.844814,37.749487]],[[127.844814,37.749487],[127.844809,37.749456]],[[127.844809,37.749456],[127.844221,37.749292]],[[127.844221,37.749292],[127.843457,37.748986]],[[127.843457,37.748986],[127.843252,37.748872]],[[127.843252,37.748872],[127.841347,37.747514]],[[127.841347,37.747514],[127.84102,37.747592]],[[127.84102,37.747592],[127.840411,37.747288]],[[127.840411,37.747288],[127.839704,37.747407]],[[127.839704,37.747407],[127.839414,37.747195]],[[127.839414,37.747195],[127.838338,37.746862]],[[127.838338,37.746862],[127.837902,37.746775]],[[127.837902,37.746775],[127.837604,37.746649]],[[127.837604,37.746649],[127.837359,37.746493]],[[127.837359,37.746493],[127.835986,37.745669]],[[127.835986,37.745669],[127.835953,37.745639]],[[127.835953,37.745639],[127.834829,37.744292]],[[127.834829,37.744292],[127.834283,37.743358]],[[127.834283,37.743358],[127.834249,37.743326]],[[127.834249,37.743326],[127.834085,37.743179]],[[127.834085,37.743179],[127.833753,37.74258]],[[127.833753,37.74258],[127.83375,37.742548]],[[127.83375,37.742548],[127.833446,37.742155]],[[127.833446,37.742155],[127.833407,37.742104]],[[127.833407,37.742104],[127.833399,37.742097]],[[127.833399,37.742097],[127.833386,37.742088]],[[127.833386,37.742088],[127.833283,37.742017]],[[127.833283,37.742017],[127.83325,37.741885]],[[127.83325,37.741885],[127.832771,37.741603]],[[127.832771,37.741603],[127.832723,37.741585]],[[127.832723,37.741585],[127.832598,37.741508]],[[127.832598,37.741508],[127.832479,37.741435]],[[127.832479,37.741435],[127.832389,37.74138]],[[127.832389,37.74138],[127.832321,37.741339]],[[127.832321,37.741339],[127.832307,37.741335]],[[127.832307,37.741335],[127.83228,37.741353]],[[127.83228,37.741353],[127.831993,37.741547]],[[127.831993,37.741547],[127.831521,37.742086]],[[127.831521,37.742086],[127.831519,37.742086]],[[127.831519,37.742086],[127.831412,37.742024]],[[127.831412,37.742024],[127.831462,37.741907]],[[127.831462,37.741907],[127.83147,37.741895]],[[127.83147,37.741895],[127.831532,37.741827]],[[127.831532,37.741827],[127.831549,37.741739]],[[127.831549,37.741739],[127.831434,37.741458]],[[127.831434,37.741458],[127.831392,37.741395]],[[127.831392,37.741395],[127.831375,37.741392]],[[127.831375,37.741392],[127.831366,37.741392]],[[127.831366,37.741392],[127.831331,37.741391]],[[127.831331,37.741391],[127.831204,37.741314]],[[127.831204,37.741314],[127.831118,37.741268]],[[127.831118,37.741268],[127.831032,37.741202]],[[127.831032,37.741202],[127.831014,37.741201]],[[127.831014,37.741201],[127.830988,37.741198]],[[127.830988,37.741198],[127.830922,37.741192]],[[127.830922,37.741192],[127.830903,37.741193]],[[127.830903,37.741193],[127.83073,37.74122]],[[127.83073,37.74122],[127.830429,37.741204]],[[127.830429,37.741204],[127.830345,37.741186]],[[127.830345,37.741186],[127.830166,37.74116]],[[127.830166,37.74116],[127.829959,37.741138]],[[127.829959,37.741138],[127.829778,37.741093]],[[127.829778,37.741093],[127.829421,37.741043]],[[127.829421,37.741043],[127.829386,37.741028]],[[127.829386,37.741028],[127.829347,37.741001]],[[127.829347,37.741001],[127.829312,37.74099]],[[127.829312,37.74099],[127.82835,37.74088]],[[127.82835,37.74088],[127.828377,37.741361]],[[127.828377,37.741361],[127.82726,37.741285]],[[127.82726,37.741285],[127.827104,37.741275]],[[127.827104,37.741275],[127.826702,37.741616]],[[127.826702,37.741616],[127.826623,37.741619]],[[127.826623,37.741619],[127.826595,37.741647]],[[127.826595,37.741647],[127.826509,37.741732]],[[127.826509,37.741732],[127.826146,37.741648]],[[127.826146,37.741648],[127.825731,37.741735]],[[127.825731,37.741735],[127.825689,37.741758]],[[127.825689,37.741758],[127.825372,37.741957]],[[127.825372,37.741957],[127.825289,37.742577]],[[127.825289,37.742577],[127.82494,37.742867]],[[127.82494,37.742867],[127.824954,37.74305]],[[127.824954,37.74305],[127.824969,37.743232]],[[127.824969,37.743232],[127.824416,37.743938]],[[127.824416,37.743938],[127.82349,37.744517]],[[127.82349,37.744517],[127.823205,37.744695]],[[127.823205,37.744695],[127.8228,37.744924]],[[127.8228,37.744924],[127.822078,37.744947]],[[127.822078,37.744947],[127.821814,37.744956]],[[127.821814,37.744956],[127.821779,37.74502]],[[127.821779,37.74502],[127.821299,37.745884]],[[127.821299,37.745884],[127.821089,37.746046]],[[127.821089,37.746046],[127.820775,37.746197]],[[127.820775,37.746197],[127.820705,37.746259]],[[127.820705,37.746259],[127.820457,37.746738]],[[127.820457,37.746738],[127.820428,37.746765]],[[127.820428,37.746765],[127.819789,37.747169]],[[127.819789,37.747169],[127.819755,37.747168]],[[127.819755,37.747168],[127.8193,37.747106]],[[127.8193,37.747106],[127.819047,37.747064]],[[127.819047,37.747064],[127.819018,37.747246]],[[127.819018,37.747246],[127.818994,37.747264]],[[127.818994,37.747264],[127.818745,37.747299]],[[127.818745,37.747299],[127.818704,37.747313]],[[127.818704,37.747313],[127.818638,37.747407]],[[127.818638,37.747407],[127.818534,37.747542]],[[127.818534,37.747542],[127.818,37.747754]],[[127.818,37.747754],[127.817208,37.747795]],[[127.817208,37.747795],[127.817208,37.747795]],[[127.817208,37.747795],[127.817166,37.747813]],[[127.817166,37.747813],[127.817146,37.74783]],[[127.817146,37.74783],[127.816331,37.74851]],[[127.816331,37.74851],[127.816291,37.748544]],[[127.816291,37.748544],[127.816276,37.748552]],[[127.816276,37.748552],[127.815703,37.748447]],[[127.815703,37.748447],[127.815312,37.748441]],[[127.815312,37.748441],[127.815279,37.74844]],[[127.815279,37.74844],[127.8139,37.748372]],[[127.8139,37.748372],[127.813137,37.747872]],[[127.813137,37.747872],[127.813105,37.747847]],[[127.813105,37.747847],[127.812943,37.747692]],[[127.812943,37.747692],[127.812799,37.747578]],[[127.812799,37.747578],[127.812766,37.747561]],[[127.812766,37.747561],[127.812417,37.747442]],[[127.812417,37.747442],[127.812364,37.747412]],[[127.812364,37.747412],[127.812108,37.74709]],[[127.812108,37.74709],[127.812028,37.747058]],[[127.812028,37.747058],[127.8118,37.747036]],[[127.8118,37.747036],[127.811763,37.747038]],[[127.811763,37.747038],[127.810989,37.747166]],[[127.810989,37.747166],[127.810365,37.746598]],[[127.810365,37.746598],[127.810325,37.746599]],[[127.810325,37.746599],[127.80944,37.747073]],[[127.80944,37.747073],[127.808772,37.746653]],[[127.808772,37.746653],[127.808141,37.746604]],[[127.808141,37.746604],[127.808028,37.74659]],[[127.808028,37.74659],[127.808003,37.746582]],[[127.808003,37.746582],[127.807622,37.746379]],[[127.807622,37.746379],[127.806709,37.746327]],[[127.806709,37.746327],[127.806704,37.746212]],[[127.806704,37.746212],[127.806394,37.745898]],[[127.806394,37.745898],[127.80648,37.745483]],[[127.80648,37.745483],[127.806564,37.745072]],[[127.806564,37.745072],[127.806393,37.744766]],[[127.806393,37.744766],[127.806706,37.744128]],[[127.806706,37.744128],[127.806307,37.742585]],[[127.806307,37.742585],[127.805401,37.742227]],[[127.805401,37.742227],[127.804611,37.742122]],[[127.804611,37.742122],[127.804552,37.742126]],[[127.804552,37.742126],[127.804286,37.742208]],[[127.804286,37.742208],[127.804227,37.742243]],[[127.804227,37.742243],[127.804028,37.742509]],[[127.804028,37.742509],[127.804018,37.742515]],[[127.804018,37.742515],[127.803718,37.742667]],[[127.803718,37.742667],[127.802869,37.742034]],[[127.802869,37.742034],[127.802831,37.742005]],[[127.802831,37.742005],[127.802688,37.741898]],[[127.802688,37.741898],[127.802675,37.741898]],[[127.802675,37.741898],[127.801755,37.741837]],[[127.801755,37.741837],[127.801454,37.741517]],[[127.801454,37.741517],[127.801402,37.741265]],[[127.801402,37.741265],[127.801179,37.741093]],[[127.801179,37.741093],[127.801221,37.740175]],[[127.801221,37.740175],[127.801523,37.739536]],[[127.801523,37.739536],[127.801685,37.739194]],[[127.801685,37.739194],[127.801499,37.738758]],[[127.801499,37.738758],[127.801385,37.738706]],[[127.801385,37.738706],[127.801152,37.738599]],[[127.801152,37.738599],[127.801028,37.738325]],[[127.801028,37.738325],[127.801003,37.738231]],[[127.801003,37.738231],[127.80096,37.738062]],[[127.80096,37.738062],[127.800756,37.737596]],[[127.800756,37.737596],[127.80079,37.737551]],[[127.80079,37.737551],[127.801022,37.737132]],[[127.801022,37.737132],[127.800632,37.736808]],[[127.800632,37.736808],[127.800584,37.736836]],[[127.800584,37.736836],[127.800581,37.736838]],[[127.800581,37.736838],[127.800521,37.736883]],[[127.800521,37.736883],[127.800427,37.736954]],[[127.800427,37.736954],[127.800092,37.737173]],[[127.800092,37.737173],[127.799376,37.736904]],[[127.799376,37.736904],[127.798868,37.736735]],[[127.798868,37.736735],[127.798626,37.736689]],[[127.798626,37.736689],[127.798408,37.736717]],[[127.798408,37.736717],[127.79826,37.736646]],[[127.79826,37.736646],[127.798071,37.736573]],[[127.798071,37.736573],[127.797943,37.736548]],[[127.797943,37.736548],[127.797939,37.736547]],[[127.797939,37.736547],[127.797919,37.736545]],[[127.797919,37.736545],[127.797895,37.736541]],[[127.797895,37.736541],[127.797773,37.736523]],[[127.797773,37.736523],[127.797736,37.736525]],[[127.797736,37.736525],[127.797722,37.736522]],[[127.797722,37.736522],[127.79747,37.736386]],[[127.79747,37.736386],[127.797452,37.736355]],[[127.797452,37.736355],[127.797282,37.736354]],[[127.797282,37.736354],[127.797173,37.736353]],[[127.797173,37.736353],[127.797001,37.736332]],[[127.797001,37.736332],[127.796876,37.736297]],[[127.796876,37.736297],[127.796812,37.736279]],[[127.796812,37.736279],[127.796738,37.736241]],[[127.796738,37.736241],[127.796613,37.736195]],[[127.796613,37.736195],[127.796431,37.736181]],[[127.796431,37.736181],[127.796202,37.736097]],[[127.796202,37.736097],[127.796149,37.735973]],[[127.796149,37.735973],[127.796097,37.735922]],[[127.796097,37.735922],[127.796013,37.735881]],[[127.796013,37.735881],[127.795641,37.735749]],[[127.795641,37.735749],[127.795551,37.735673]],[[127.795551,37.735673],[127.795479,37.735548]],[[127.795479,37.735548],[127.795345,37.735435]],[[127.795345,37.735435],[127.795232,37.735282]],[[127.795232,37.735282],[127.795086,37.735219]],[[127.795086,37.735219],[127.794905,37.735021]],[[127.794905,37.735021],[127.794877,37.73502]],[[127.794877,37.73502],[127.794864,37.735007]],[[127.794864,37.735007],[127.794861,37.735006]],[[127.794861,37.735006],[127.794845,37.735008]],[[127.794845,37.735008],[127.794809,37.735014]],[[127.794809,37.735014],[127.794622,37.735116]],[[127.794622,37.735116],[127.794564,37.735141]],[[127.794564,37.735141],[127.794514,37.735152]],[[127.794514,37.735152],[127.793805,37.735381]],[[127.793805,37.735381],[127.793789,37.735385]],[[127.793789,37.735385],[127.793718,37.735394]],[[127.793718,37.735394],[127.793715,37.735393]],[[127.793715,37.735393],[127.793549,37.73531]],[[127.793549,37.73531],[127.793407,37.735303]],[[127.793407,37.735303],[127.793404,37.735303]],[[127.793404,37.735303],[127.793338,37.73532]],[[127.793338,37.73532],[127.793184,37.735268]],[[127.793184,37.735268],[127.793179,37.735268]],[[127.793179,37.735268],[127.793141,37.73528]],[[127.793141,37.73528],[127.793115,37.735282]],[[127.793115,37.735282],[127.793117,37.735263]],[[127.793117,37.735263],[127.793119,37.73524]],[[127.793119,37.73524],[127.793072,37.735205]],[[127.793072,37.735205],[127.793064,37.735206]],[[127.793064,37.735206],[127.793002,37.735248]],[[127.793002,37.735248],[127.792923,37.735278]],[[127.792923,37.735278],[127.792859,37.735295]],[[127.792859,37.735295],[127.792748,37.735311]],[[127.792748,37.735311],[127.792687,37.73533]],[[127.792687,37.73533],[127.792637,37.735335]],[[127.792637,37.735335],[127.792532,37.735377]],[[127.792532,37.735377],[127.792405,37.7354]],[[127.792405,37.7354],[127.792285,37.735421]],[[127.792285,37.735421],[127.792184,37.735449]],[[127.792184,37.735449],[127.792079,37.735559]],[[127.792079,37.735559],[127.791998,37.735636]],[[127.791998,37.735636],[127.791863,37.735681]],[[127.791863,37.735681],[127.791832,37.735699]],[[127.791832,37.735699],[127.791823,37.735704]],[[127.791823,37.735704],[127.791774,37.735746]],[[127.791774,37.735746],[127.791678,37.735764]],[[127.791678,37.735764],[127.791531,37.735768]],[[127.791531,37.735768],[127.791469,37.735766]],[[127.791469,37.735766],[127.791466,37.735766]],[[127.791466,37.735766],[127.791377,37.735822]],[[127.791377,37.735822],[127.791132,37.735786]],[[127.791132,37.735786],[127.790475,37.735823]],[[127.790475,37.735823],[127.790286,37.735833]],[[127.790286,37.735833],[127.789983,37.735924]],[[127.789983,37.735924],[127.788635,37.736326]],[[127.788635,37.736326],[127.787794,37.736587]],[[127.787794,37.736587],[127.78749,37.736681]],[[127.78749,37.736681],[127.787466,37.736711]],[[127.787466,37.736711],[127.787439,37.736793]],[[127.787439,37.736793],[127.787298,37.736917]],[[127.787298,37.736917],[127.787267,37.737021]],[[127.787267,37.737021],[127.787244,37.737183]],[[127.787244,37.737183],[127.787212,37.737408]],[[127.787212,37.737408],[127.787184,37.737595]],[[127.787184,37.737595],[127.787182,37.737608]],[[127.787182,37.737608],[127.787336,37.738065]],[[127.787336,37.738065],[127.787353,37.738096]],[[127.787353,37.738096],[127.787743,37.738794]],[[127.787743,37.738794],[127.787726,37.738861]],[[127.787726,37.738861],[127.787351,37.739182]],[[127.787351,37.739182],[127.786481,37.739927]],[[127.786481,37.739927],[127.785944,37.740006]],[[127.785944,37.740006],[127.785912,37.740013]],[[127.785912,37.740013],[127.785113,37.740351]],[[127.785113,37.740351],[127.785052,37.740491]],[[127.785052,37.740491],[127.785035,37.74051]],[[127.785035,37.74051],[127.784589,37.740819]],[[127.784589,37.740819],[127.784077,37.741012]],[[127.784077,37.741012],[127.783932,37.741109]],[[127.783932,37.741109],[127.783623,37.741315]],[[127.783623,37.741315],[127.782774,37.741568]],[[127.782774,37.741568],[127.781813,37.74232]],[[127.781813,37.74232],[127.781563,37.742076]],[[127.781563,37.742076],[127.781312,37.741831]],[[127.781312,37.741831],[127.781292,37.741811]],[[127.781292,37.741811],[127.781264,37.741799]],[[127.781264,37.741799],[127.78105,37.741769]],[[127.78105,37.741769],[127.78085,37.741741]],[[127.78085,37.741741],[127.780777,37.741707]],[[127.780777,37.741707],[127.780651,37.741583]],[[127.780651,37.741583],[127.780135,37.741073]],[[127.780135,37.741073],[127.78011,37.741054]],[[127.78011,37.741054],[127.780102,37.741048]],[[127.780102,37.741048],[127.780052,37.741024]],[[127.780052,37.741024],[127.779971,37.740983]],[[127.779971,37.740983],[127.779904,37.74095]],[[127.779904,37.74095],[127.779402,37.740671]],[[127.779402,37.740671],[127.779364,37.740666]],[[127.779364,37.740666],[127.778832,37.740578]],[[127.778832,37.740578],[127.778736,37.740571]],[[127.778736,37.740571],[127.778081,37.740601]],[[127.778081,37.740601],[127.777561,37.740744]],[[127.777561,37.740744],[127.777555,37.740744]],[[127.777555,37.740744],[127.776842,37.740467]],[[127.776842,37.740467],[127.77661,37.740385]],[[127.77661,37.740385],[127.776073,37.740216]],[[127.776073,37.740216],[127.776061,37.740213]],[[127.776061,37.740213],[127.775987,37.740189]],[[127.775987,37.740189],[127.775984,37.740187]],[[127.775984,37.740187],[127.77592,37.740029]],[[127.77592,37.740029],[127.775567,37.739157]],[[127.775567,37.739157],[127.775132,37.73906]],[[127.775132,37.73906],[127.77477,37.73898]],[[127.77477,37.73898],[127.774062,37.738645]],[[127.774062,37.738645],[127.77268,37.738423]],[[127.77268,37.738423],[127.771537,37.737743]],[[127.771537,37.737743],[127.771464,37.737716]],[[127.771464,37.737716],[127.77145,37.73772]],[[127.77145,37.73772],[127.771397,37.737766]],[[127.771397,37.737766],[127.771307,37.73778]],[[127.771307,37.73778],[127.771187,37.737774]],[[127.771187,37.737774],[127.7711,37.737798]],[[127.7711,37.737798],[127.771087,37.737799]],[[127.771087,37.737799],[127.770802,37.737761]],[[127.770802,37.737761],[127.770778,37.737752]],[[127.770778,37.737752],[127.770627,37.737693]],[[127.770627,37.737693],[127.77058,37.737674]],[[127.77058,37.737674],[127.770144,37.73763]],[[127.770144,37.73763],[127.770022,37.737659]],[[127.770022,37.737659],[127.769629,37.737799]],[[127.769629,37.737799],[127.768389,37.737916]],[[127.768389,37.737916],[127.768323,37.737902]],[[127.768323,37.737902],[127.76826,37.737874]],[[127.76826,37.737874],[127.768002,37.737739]],[[127.768002,37.737739],[127.767942,37.737737]],[[127.767942,37.737737],[127.767286,37.737795]],[[127.767286,37.737795],[127.766764,37.737697]],[[127.766764,37.737697],[127.765785,37.737771]],[[127.765785,37.737771],[127.764662,37.737841]],[[127.764662,37.737841],[127.764415,37.737851]],[[127.764415,37.737851],[127.764028,37.737831]],[[127.764028,37.737831],[127.763746,37.737474]],[[127.763746,37.737474],[127.76374,37.737465]],[[127.76374,37.737465],[127.763705,37.737442]],[[127.763705,37.737442],[127.763617,37.737397]],[[127.763617,37.737397],[127.763461,37.737328]],[[127.763461,37.737328],[127.762972,37.737219]],[[127.762972,37.737219],[127.762952,37.73722]],[[127.762952,37.73722],[127.76217,37.737272]],[[127.76217,37.737272],[127.762123,37.737251]],[[127.762123,37.737251],[127.761569,37.736859]],[[127.761569,37.736859],[127.76092,37.736844]],[[127.76092,37.736844],[127.76087,37.736832]],[[127.76087,37.736832],[127.760311,37.736565]],[[127.760311,37.736565],[127.760294,37.736559]],[[127.760294,37.736559],[127.760238,37.736541]],[[127.760238,37.736541],[127.759419,37.736332]],[[127.759419,37.736332],[127.759322,37.736264]],[[127.759322,37.736264],[127.759266,37.736023]],[[127.759266,37.736023],[127.759185,37.73594]],[[127.759185,37.73594],[127.758817,37.735753]],[[127.758817,37.735753],[127.758763,37.735697]],[[127.758763,37.735697],[127.758674,37.735431]],[[127.758674,37.735431],[127.7586,37.735357]],[[127.7586,37.735357],[127.75841,37.735243]],[[127.75841,37.735243],[127.758018,37.735335]],[[127.758018,37.735335],[127.757958,37.735316]],[[127.757958,37.735316],[127.757661,37.734979]],[[127.757661,37.734979],[127.757606,37.734894]],[[127.757606,37.734894],[127.757457,37.734485]],[[127.757457,37.734485],[127.757455,37.734481]],[[127.757455,37.734481],[127.757383,37.734398]],[[127.757383,37.734398],[127.757319,37.734366]],[[127.757319,37.734366],[127.756989,37.734201]],[[127.756989,37.734201],[127.756891,37.734131]],[[127.756891,37.734131],[127.755132,37.732729]],[[127.755132,37.732729],[127.755043,37.732635]],[[127.755043,37.732635],[127.754992,37.732546]],[[127.754992,37.732546],[127.754926,37.732525]],[[127.754926,37.732525],[127.754723,37.732459]],[[127.754723,37.732459],[127.754377,37.732574]],[[127.754377,37.732574],[127.75355,37.733091]],[[127.75355,37.733091],[127.753329,37.733076]],[[127.753329,37.733076],[127.753063,37.733065]],[[127.753063,37.733065],[127.752784,37.73315]],[[127.752784,37.73315],[127.752703,37.733227]],[[127.752703,37.733227],[127.752679,37.73325]],[[127.752679,37.73325],[127.75246,37.733599]],[[127.75246,37.733599],[127.751994,37.73392]],[[127.751994,37.73392],[127.751347,37.734158]],[[127.751347,37.734158],[127.751274,37.734199]],[[127.751274,37.734199],[127.751034,37.734861]],[[127.751034,37.734861],[127.751056,37.734915]],[[127.751056,37.734915],[127.751298,37.735259]],[[127.751298,37.735259],[127.751317,37.735583]],[[127.751317,37.735583],[127.750769,37.73595]],[[127.750769,37.73595],[127.750781,37.736329]],[[127.750781,37.736329],[127.750594,37.73651]],[[127.750594,37.73651],[127.750632,37.736905]],[[127.750632,37.736905],[127.750347,37.737428]],[[127.750347,37.737428],[127.750548,37.737829]],[[127.750548,37.737829],[127.750421,37.738426]],[[127.750421,37.738426],[127.750171,37.738848]],[[127.750171,37.738848],[127.749044,37.740258]],[[127.749044,37.740258],[127.748441,37.740699]],[[127.748441,37.740699],[127.747844,37.740986]],[[127.747844,37.740986],[127.747379,37.741471]],[[127.747379,37.741471],[127.747052,37.74163]],[[127.747052,37.74163],[127.746453,37.74192]],[[127.746453,37.74192],[127.746449,37.741921]],[[127.746449,37.741921],[127.746412,37.741927]],[[127.746412,37.741927],[127.745953,37.741736]],[[127.745953,37.741736],[127.745542,37.741872]],[[127.745542,37.741872],[127.744747,37.741503]],[[127.744747,37.741503],[127.744587,37.741428]],[[127.744587,37.741428],[127.743984,37.741504]],[[127.743984,37.741504],[127.743524,37.741654]],[[127.743524,37.741654],[127.742995,37.741638]],[[127.742995,37.741638],[127.7418,37.740292]],[[127.7418,37.740292],[127.739932,37.739286]],[[127.739932,37.739286],[127.739457,37.739166]],[[127.739457,37.739166],[127.737685,37.738156]],[[127.737685,37.738156],[127.736732,37.73765]],[[127.736732,37.73765],[127.736351,37.73744]],[[127.736351,37.73744],[127.735997,37.737358]],[[127.735997,37.737358],[127.734819,37.73735]],[[127.734819,37.73735],[127.734404,37.737177]],[[127.734404,37.737177],[127.734292,37.737067]],[[127.734292,37.737067],[127.734235,37.737035]],[[127.734235,37.737035],[127.733943,37.736926]],[[127.733943,37.736926],[127.733768,37.736861]],[[127.733768,37.736861],[127.733745,37.736828]],[[127.733745,37.736828],[127.733712,37.73648]],[[127.733712,37.73648],[127.733692,37.736448]],[[127.733692,37.736448],[127.733427,37.736321]],[[127.733427,37.736321],[127.733362,37.736282]],[[127.733362,37.736282],[127.733347,37.736269]],[[127.733347,37.736269],[127.733317,37.736242]],[[127.733317,37.736242],[127.733275,37.736124]],[[127.733275,37.736124],[127.733247,37.736091]],[[127.733247,37.736091],[127.733183,37.736081]],[[127.733183,37.736081],[127.732642,37.735997]],[[127.732642,37.735997],[127.732531,37.736007]],[[127.732531,37.736007],[127.732471,37.736013]],[[127.732471,37.736013],[127.732361,37.735969]],[[127.732361,37.735969],[127.731933,37.735488]],[[127.731933,37.735488],[127.731843,37.735436]],[[127.731843,37.735436],[127.731808,37.735415]],[[127.731808,37.735415],[127.731587,37.735473]],[[127.731587,37.735473],[127.73151,37.735486]],[[127.73151,37.735486],[127.731395,37.735482]],[[127.731395,37.735482],[127.731281,37.735458]],[[127.731281,37.735458],[127.731226,37.73544]],[[127.731226,37.73544],[127.731127,37.735383]],[[127.731127,37.735383],[127.730998,37.735052]],[[127.730998,37.735052],[127.730938,37.735009]],[[127.730938,37.735009],[127.730709,37.734826]],[[127.730709,37.734826],[127.730649,37.734774]],[[127.822127,37.845664],[127.821364,37.845426]],[[127.821364,37.845426],[127.821172,37.845057]],[[127.821172,37.845057],[127.8209,37.844718]],[[127.8209,37.844718],[127.819343,37.843695]],[[127.819343,37.843695],[127.819407,37.842627]],[[127.819407,37.842627],[127.81943,37.84225]],[[127.81943,37.84225],[127.819437,37.842136]],[[127.819437,37.842136],[127.818898,37.841866]],[[127.818898,37.841866],[127.818537,37.841829]],[[127.818537,37.841829],[127.817891,37.841763]],[[127.817891,37.841763],[127.817811,37.84175]],[[127.817811,37.84175],[127.817198,37.84162]],[[127.817198,37.84162],[127.817181,37.841606]],[[127.817181,37.841606],[127.816899,37.841378]],[[127.816899,37.841378],[127.816366,37.841012]],[[127.816366,37.841012],[127.816238,37.84097]],[[127.816238,37.84097],[127.816178,37.840974]],[[127.816178,37.840974],[127.815579,37.841008]],[[127.815579,37.841008],[127.81548,37.84099]],[[127.81548,37.84099],[127.815187,37.840513]],[[127.815187,37.840513],[127.815124,37.840038]],[[127.815124,37.840038],[127.814826,37.839863]],[[127.814826,37.839863],[127.814664,37.839558]],[[127.814664,37.839558],[127.814427,37.839113]],[[127.814427,37.839113],[127.814217,37.838718]],[[127.814217,37.838718],[127.814317,37.838391]],[[127.814317,37.838391],[127.81517,37.837766]],[[127.81517,37.837766],[127.81533,37.837648]],[[127.81533,37.837648],[127.815021,37.837299]],[[127.815021,37.837299],[127.814957,37.837257]],[[127.814957,37.837257],[127.814458,37.837032]],[[127.814458,37.837032],[127.814401,37.837006]],[[127.814401,37.837006],[127.814337,37.836959]],[[127.814337,37.836959],[127.814385,37.836733]],[[127.814385,37.836733],[127.814528,37.836063]],[[127.814528,37.836063],[127.814325,37.835557]],[[127.814325,37.835557],[127.813569,37.833674]],[[127.813569,37.833674],[127.813569,37.833672]],[[127.813569,37.833672],[127.813568,37.833652]],[[127.813568,37.833652],[127.813577,37.833624]],[[127.813577,37.833624],[127.81359,37.833531]],[[127.81359,37.833531],[127.813624,37.833293]],[[127.813624,37.833293],[127.813628,37.83328]],[[127.813628,37.83328],[127.815397,37.831837]],[[127.815397,37.831837],[127.818415,37.829375]],[[127.818415,37.829375],[127.817223,37.828222]],[[127.817223,37.828222],[127.817374,37.828096]],[[127.817374,37.828096],[127.817706,37.827818]],[[127.817706,37.827818],[127.81866,37.827022]],[[127.81866,37.827022],[127.818762,37.826927]],[[127.818762,37.826927],[127.818821,37.826877]],[[127.818821,37.826877],[127.820793,37.825304]],[[127.820793,37.825304],[127.821992,37.824634]],[[127.821992,37.824634],[127.822036,37.824622]],[[127.822036,37.824622],[127.823571,37.824614]],[[127.823571,37.824614],[127.82361,37.824611]],[[127.82361,37.824611],[127.825309,37.824383]],[[127.825309,37.824383],[127.825529,37.824353]],[[127.825529,37.824353],[127.825581,37.824338]],[[127.825581,37.824338],[127.82617,37.821828]],[[127.82617,37.821828],[127.826217,37.821629]],[[127.826217,37.821629],[127.826247,37.821598]],[[127.826247,37.821598],[127.826696,37.821396]],[[127.826696,37.821396],[127.827326,37.820751]],[[127.827326,37.820751],[127.827606,37.820464]],[[127.827606,37.820464],[127.827626,37.820158]],[[127.827626,37.820158],[127.82764,37.820052]],[[127.82764,37.820052],[127.827658,37.819916]],[[127.827658,37.819916],[127.827739,37.819299]],[[127.827739,37.819299],[127.827746,37.819239]],[[127.827746,37.819239],[127.827724,37.819226]],[[127.827724,37.819226],[127.827418,37.81905]],[[127.827418,37.81905],[127.827372,37.818848]],[[127.827372,37.818848],[127.827104,37.817684]],[[127.827104,37.817684],[127.826771,37.817478]],[[127.826771,37.817478],[127.826549,37.817094]],[[127.826549,37.817094],[127.826085,37.816767]],[[127.826085,37.816767],[127.826077,37.816754]],[[127.826077,37.816754],[127.826065,37.816638]],[[127.826065,37.816638],[127.82604,37.816407]],[[127.82604,37.816407],[127.825731,37.816192]],[[127.825731,37.816192],[127.825545,37.816063]],[[127.825545,37.816063],[127.825013,37.815692]],[[127.825013,37.815692],[127.825048,37.815402]],[[127.825048,37.815402],[127.825121,37.814807]],[[127.825121,37.814807],[127.825213,37.814058]],[[127.825213,37.814058],[127.825152,37.81279]],[[127.825152,37.81279],[127.825116,37.812037]],[[127.825116,37.812037],[127.825104,37.811777]],[[127.825104,37.811777],[127.825277,37.81133]],[[127.825277,37.81133],[127.825401,37.81101]],[[127.825401,37.81101],[127.825411,37.810986]],[[127.641181,37.695128],[127.641153,37.695173]],[[127.641153,37.695173],[127.641131,37.69521]],[[127.641131,37.69521],[127.640957,37.69544]],[[127.640957,37.69544],[127.640609,37.695902]],[[127.640609,37.695902],[127.639872,37.697092]],[[127.639872,37.697092],[127.638272,37.69842]],[[127.638272,37.69842],[127.638184,37.698492]],[[127.638184,37.698492],[127.638167,37.698499]],[[127.638167,37.698499],[127.638151,37.698499]],[[127.638151,37.698499],[127.637745,37.698465]],[[127.637745,37.698465],[127.635618,37.698283]],[[127.635618,37.698283],[127.633113,37.69795]],[[127.633113,37.69795],[127.633073,37.697941]],[[127.633073,37.697941],[127.632276,37.697682]],[[127.632276,37.697682],[127.630076,37.696968]],[[127.630076,37.696968],[127.628414,37.696056]],[[127.628414,37.696056],[127.627736,37.695684]],[[127.627736,37.695684],[127.62614,37.694808]],[[127.62614,37.694808],[127.626093,37.69477]],[[127.626093,37.69477],[127.625828,37.694427]],[[127.625828,37.694427],[127.623346,37.691216]],[[127.623346,37.691216],[127.623508,37.689423]],[[127.623508,37.689423],[127.623676,37.687562]],[[127.623676,37.687562],[127.623682,37.687479]],[[127.623682,37.687479],[127.623694,37.684143]],[[127.623694,37.684143],[127.623695,37.683969]],[[127.623695,37.683969],[127.623694,37.683955]],[[127.623694,37.683955],[127.623668,37.683852]],[[127.623668,37.683852],[127.623652,37.683786]],[[127.623652,37.683786],[127.623402,37.682767]],[[127.623402,37.682767],[127.623309,37.682387]],[[127.623309,37.682387],[127.623027,37.681233]],[[127.623027,37.681233],[127.622999,37.681191]],[[127.622999,37.681191],[127.622921,37.681107]],[[127.622921,37.681107],[127.622823,37.681]],[[127.622823,37.681],[127.621997,37.680093]],[[127.621997,37.680093],[127.621102,37.679112]],[[127.621102,37.679112],[127.621086,37.679101]],[[127.621086,37.679101],[127.620393,37.678722]],[[127.620393,37.678722],[127.618862,37.677884]],[[127.618862,37.677884],[127.618572,37.677726]],[[127.618572,37.677726],[127.618516,37.677702]],[[127.618516,37.677702],[127.618508,37.677698]],[[127.618508,37.677698],[127.617952,37.677443]],[[127.617952,37.677443],[127.617829,37.677386]],[[127.617829,37.677386],[127.61646,37.676757]],[[127.61646,37.676757],[127.615874,37.676487]],[[127.615874,37.676487],[127.615767,37.676448]],[[127.615767,37.676448],[127.613908,37.675962]],[[127.613908,37.675962],[127.61282,37.675676]],[[127.61282,37.675676],[127.612747,37.675657]],[[127.612747,37.675657],[127.612658,37.675645]],[[127.612658,37.675645],[127.612075,37.675665]],[[127.612075,37.675665],[127.609391,37.675758]],[[127.609391,37.675758],[127.608504,37.676375]],[[127.608504,37.676375],[127.607888,37.676804]],[[127.607888,37.676804],[127.607879,37.676864]],[[127.607879,37.676864],[127.607904,37.679136]],[[127.607904,37.679136],[127.607948,37.682982]],[[127.607948,37.682982],[127.60795,37.683199]],[[127.60795,37.683199],[127.607975,37.684014]],[[127.607975,37.684014],[127.607938,37.68766]],[[127.607938,37.68766],[127.607957,37.687703]],[[127.607957,37.687703],[127.608755,37.688977]],[[127.608755,37.688977],[127.608914,37.689231]],[[127.608914,37.689231],[127.609042,37.689502]],[[127.609042,37.689502],[127.610326,37.692227]],[[127.610326,37.692227],[127.61058,37.694838]],[[127.61058,37.694838],[127.610521,37.697062]],[[127.610521,37.697062],[127.610494,37.698054]],[[127.610494,37.698054],[127.610485,37.698417]],[[127.610485,37.698417],[127.610484,37.698419]],[[127.610484,37.698419],[127.610474,37.698475]],[[127.610474,37.698475],[127.609696,37.700334]],[[127.609696,37.700334],[127.609561,37.700657]],[[127.609561,37.700657],[127.609544,37.700671]],[[127.609544,37.700671],[127.60753,37.70236]],[[127.60753,37.70236],[127.60749,37.702435]],[[127.60749,37.702435],[127.607498,37.702464]],[[127.607498,37.702464],[127.60762,37.702618]],[[127.60762,37.702618],[127.607501,37.70327]],[[127.607501,37.70327],[127.607401,37.703458]],[[127.607401,37.703458],[127.607303,37.703549]],[[127.607303,37.703549],[127.607098,37.703769]],[[127.607098,37.703769],[127.607061,37.703808]],[[127.607061,37.703808],[127.606927,37.703899]],[[127.606927,37.703899],[127.605709,37.704442]],[[127.605709,37.704442],[127.604939,37.704625]],[[127.604939,37.704625],[127.602802,37.704664]],[[127.602802,37.704664],[127.601767,37.704683]],[[127.601767,37.704683],[127.599298,37.70418]],[[127.599298,37.70418],[127.598811,37.704027]],[[127.598811,37.704027],[127.598373,37.703889]],[[127.598373,37.703889],[127.596166,37.703194]],[[127.596166,37.703194],[127.596083,37.703215]],[[127.596083,37.703215],[127.59583,37.703371]],[[127.59583,37.703371],[127.595682,37.703462]],[[127.595682,37.703462],[127.594792,37.704072]],[[127.594792,37.704072],[127.594187,37.704736]],[[127.594187,37.704736],[127.593885,37.70521]],[[127.593885,37.70521],[127.59383,37.705296]],[[127.59383,37.705296],[127.593709,37.705486]],[[127.593709,37.705486],[127.59365,37.705662]],[[127.59365,37.705662],[127.593553,37.706021]],[[127.593553,37.706021],[127.593459,37.706326]],[[127.593459,37.706326],[127.593093,37.707521]],[[127.593093,37.707521],[127.593079,37.707553]],[[127.593079,37.707553],[127.59198,37.709411]],[[127.59198,37.709411],[127.591972,37.70943]],[[127.591972,37.70943],[127.591882,37.709956]],[[127.591882,37.709956],[127.591719,37.710924]],[[127.591719,37.710924],[127.59164,37.711375]],[[127.59164,37.711375],[127.591568,37.712497]],[[127.591568,37.712497],[127.591536,37.712995]],[[127.591536,37.712995],[127.591544,37.713025]],[[127.591544,37.713025],[127.591817,37.714018]],[[127.591817,37.714018],[127.591858,37.714165]],[[127.591858,37.714165],[127.592137,37.715177]],[[127.592137,37.715177],[127.592148,37.715201]],[[127.592148,37.715201],[127.592654,37.71602]],[[127.592654,37.71602],[127.592998,37.716578]],[[127.592998,37.716578],[127.593047,37.716634]],[[127.593047,37.716634],[127.594347,37.718033]],[[127.594347,37.718033],[127.594349,37.718052]],[[127.594349,37.718052],[127.594578,37.719737]],[[127.594578,37.719737],[127.594562,37.719766]],[[127.594562,37.719766],[127.594206,37.720246]],[[127.594206,37.720246],[127.593485,37.721225]],[[127.593485,37.721225],[127.593467,37.721242]],[[127.593467,37.721242],[127.591739,37.722622]],[[127.591739,37.722622],[127.590921,37.723524]],[[127.590921,37.723524],[127.589252,37.725366]],[[127.589252,37.725366],[127.589227,37.725386]],[[127.589227,37.725386],[127.589205,37.725404]],[[127.589205,37.725404],[127.587625,37.726142]],[[127.587625,37.726142],[127.585444,37.727161]],[[127.585444,37.727161],[127.580473,37.729483]],[[127.580473,37.729483],[127.575099,37.731993]],[[127.575099,37.731993],[127.573665,37.732663]],[[127.573665,37.732663],[127.57365,37.732668]],[[127.57365,37.732668],[127.573633,37.732673]],[[127.573633,37.732673],[127.573571,37.732687]],[[127.573571,37.732687],[127.572785,37.732841]],[[127.572785,37.732841],[127.572166,37.732961]],[[127.572166,37.732961],[127.572114,37.732958]],[[127.572114,37.732958],[127.570839,37.732882]],[[127.570839,37.732882],[127.567548,37.732686]],[[127.567548,37.732686],[127.567508,37.732664]],[[127.567508,37.732664],[127.567443,37.732569]],[[127.567443,37.732569],[127.566704,37.731504]],[[127.566704,37.731504],[127.566434,37.731113]],[[127.566434,37.731113],[127.566416,37.731082]],[[127.566416,37.731082],[127.566012,37.7303]],[[127.566012,37.7303],[127.565384,37.729085]],[[127.565384,37.729085],[127.565259,37.728843]],[[127.565259,37.728843],[127.565181,37.72869]],[[127.565181,37.72869],[127.565161,37.728623]],[[127.565161,37.728623],[127.565137,37.728543]],[[127.565137,37.728543],[127.565123,37.728482]],[[127.565123,37.728482],[127.565051,37.728363]],[[127.565051,37.728363],[127.564428,37.727938]],[[127.564428,37.727938],[127.564339,37.727876]],[[127.564339,37.727876],[127.564303,37.727852]],[[127.564303,37.727852],[127.564265,37.727836]],[[127.564265,37.727836],[127.564242,37.727835]],[[127.564242,37.727835],[127.562289,37.727953]],[[127.562289,37.727953],[127.562259,37.727959]],[[127.562259,37.727959],[127.560956,37.728305]],[[127.560956,37.728305],[127.560061,37.728543]],[[127.560061,37.728543],[127.559929,37.728575]],[[127.559929,37.728575],[127.559912,37.728577]],[[127.559912,37.728577],[127.558914,37.728845]],[[127.558914,37.728845],[127.556602,37.729227]],[[127.556602,37.729227],[127.553749,37.728794]],[[127.553749,37.728794],[127.553628,37.728736]],[[127.553628,37.728736],[127.552243,37.728059]],[[127.552243,37.728059],[127.551615,37.727753]],[[127.551615,37.727753],[127.551229,37.727564]],[[127.551229,37.727564],[127.550949,37.727043]],[[127.550949,37.727043],[127.549275,37.723931]],[[127.549275,37.723931],[127.546008,37.722031]],[[127.546008,37.722031],[127.545327,37.721635]],[[127.545327,37.721635],[127.544818,37.721315]],[[127.544818,37.721315],[127.543669,37.720591]],[[127.543669,37.720591],[127.542511,37.719864]],[[127.542511,37.719864],[127.540172,37.719458]],[[127.540172,37.719458],[127.538409,37.720099]],[[127.538409,37.720099],[127.537851,37.720302]],[[127.537851,37.720302],[127.537343,37.720487]],[[127.537343,37.720487],[127.535711,37.721168]],[[127.535711,37.721168],[127.534734,37.721576]],[[127.534734,37.721576],[127.534309,37.721753]],[[127.534309,37.721753],[127.533887,37.721929]],[[127.533887,37.721929],[127.533682,37.722127]],[[127.533682,37.722127],[127.532907,37.722873]],[[127.532907,37.722873],[127.531692,37.724044]],[[127.531692,37.724044],[127.530742,37.725136]],[[127.530742,37.725136],[127.529827,37.726189]],[[127.529827,37.726189],[127.529623,37.726423]],[[127.529623,37.726423],[127.527205,37.72686]],[[127.527205,37.72686],[127.526535,37.726755]],[[127.526535,37.726755],[127.524705,37.726468]],[[127.524705,37.726468],[127.521508,37.724039]],[[127.521508,37.724039],[127.519122,37.722088]],[[127.519122,37.722088],[127.517011,37.720361]],[[127.517011,37.720361],[127.513425,37.717592]],[[127.513425,37.717592],[127.512414,37.716357]],[[127.512414,37.716357],[127.512197,37.716091]],[[127.512197,37.716091],[127.511862,37.715682]],[[127.511862,37.715682],[127.5118,37.715715]],[[127.5118,37.715715],[127.50991,37.716715]],[[127.50991,37.716715],[127.509505,37.716929]],[[127.509505,37.716929],[127.508618,37.718262]],[[127.508618,37.718262],[127.508115,37.719019]],[[127.508115,37.719019],[127.507985,37.719214]],[[127.507985,37.719214],[127.507977,37.719226]],[[127.507977,37.719226],[127.507894,37.719351]],[[127.507894,37.719351],[127.507459,37.720006]],[[127.507459,37.720006],[127.507067,37.720594]],[[127.507067,37.720594],[127.506148,37.724153]],[[127.506148,37.724153],[127.506485,37.727813]],[[127.506485,37.727813],[127.506697,37.729013]],[[127.506697,37.729013],[127.50688,37.730049]],[[127.50688,37.730049],[127.507112,37.731359]],[[127.507112,37.731359],[127.508775,37.733296]],[[127.508775,37.733296],[127.509291,37.733896]],[[127.509291,37.733896],[127.510213,37.73497]],[[127.510213,37.73497],[127.510541,37.73545]],[[127.510541,37.73545],[127.510683,37.735657]],[[127.510683,37.735657],[127.511215,37.736435]],[[127.511215,37.736435],[127.514005,37.738603]],[[127.514005,37.738603],[127.514204,37.738719]],[[127.514204,37.738719],[127.515481,37.73946]],[[127.515481,37.73946],[127.515682,37.739577]],[[127.515682,37.739577],[127.516871,37.740267]],[[127.516871,37.740267],[127.519565,37.741439]],[[127.519565,37.741439],[127.522625,37.74277]],[[127.522625,37.74277],[127.522668,37.742788]],[[127.522668,37.742788],[127.522705,37.742807]],[[127.522705,37.742807],[127.52357,37.74323]],[[127.52357,37.74323],[127.52357,37.743231]],[[127.52357,37.743231],[127.524869,37.743868]],[[127.524869,37.743868],[127.52838,37.745589]],[[127.52838,37.745589],[127.528747,37.745782]],[[127.528747,37.745782],[127.529706,37.746288]],[[127.529706,37.746288],[127.530633,37.746776]],[[127.530633,37.746776],[127.534076,37.748602]],[[127.534076,37.748602],[127.53762,37.751146]],[[127.730649,37.734774],[127.73064,37.734766]],[[127.73064,37.734766],[127.730635,37.734762]],[[127.730635,37.734762],[127.730303,37.734404]],[[127.730303,37.734404],[127.730249,37.734295]],[[127.730249,37.734295],[127.730234,37.734168]],[[127.730234,37.734168],[127.730156,37.734092]],[[127.730156,37.734092],[127.729256,37.733634]],[[127.729256,37.733634],[127.729225,37.733611]],[[127.729225,37.733611],[127.729047,37.733147]],[[127.729047,37.733147],[127.728996,37.733083]],[[127.728996,37.733083],[127.728505,37.732721]],[[127.728505,37.732721],[127.728079,37.732638]],[[127.728079,37.732638],[127.728041,37.732616]],[[127.728041,37.732616],[127.727305,37.732108]],[[127.727305,37.732108],[127.726735,37.732112]],[[127.726735,37.732112],[127.726714,37.732107]],[[127.726714,37.732107],[127.726515,37.732062]],[[127.726515,37.732062],[127.72651,37.732061]],[[127.72651,37.732061],[127.726257,37.731999]],[[127.726257,37.731999],[127.725863,37.731901]],[[127.725863,37.731901],[127.725004,37.73216]],[[127.725004,37.73216],[127.724577,37.73261]],[[127.724577,37.73261],[127.72373,37.732763]],[[127.72373,37.732763],[127.723465,37.733018]],[[127.723465,37.733018],[127.722925,37.7331]],[[127.722925,37.7331],[127.722828,37.733164]],[[127.722828,37.733164],[127.722548,37.733347]],[[127.722548,37.733347],[127.721749,37.733377]],[[127.721749,37.733377],[127.721547,37.733296]],[[127.721547,37.733296],[127.721482,37.733247]],[[127.721482,37.733247],[127.721356,37.733155]],[[127.721356,37.733155],[127.721306,37.733118]],[[127.721306,37.733118],[127.721148,37.733063]],[[127.721148,37.733063],[127.721103,37.733009]],[[127.721103,37.733009],[127.720753,37.732211]],[[127.720753,37.732211],[127.720751,37.732179]],[[127.720751,37.732179],[127.720778,37.732041]],[[127.720778,37.732041],[127.72081,37.731877]],[[127.72081,37.731877],[127.720833,37.731644]],[[127.720833,37.731644],[127.720851,37.731456]],[[127.720851,37.731456],[127.720834,37.731398]],[[127.720834,37.731398],[127.720712,37.731388]],[[127.720712,37.731388],[127.720256,37.731368]],[[127.720256,37.731368],[127.719667,37.731298]],[[127.719667,37.731298],[127.719175,37.73124]],[[127.719175,37.73124],[127.719103,37.731204]],[[127.719103,37.731204],[127.718851,37.731017]],[[127.718851,37.731017],[127.718591,37.730826]],[[127.718591,37.730826],[127.718251,37.73081]],[[127.718251,37.73081],[127.717802,37.730789]],[[127.717802,37.730789],[127.717584,37.730578]],[[127.717584,37.730578],[127.717468,37.730464]],[[127.717468,37.730464],[127.717428,37.730388]],[[127.717428,37.730388],[127.717358,37.730065]],[[127.717358,37.730065],[127.717337,37.729716]],[[127.717337,37.729716],[127.717312,37.729649]],[[127.717312,37.729649],[127.717141,37.729583]],[[127.717141,37.729583],[127.716516,37.729423]],[[127.716516,37.729423],[127.716056,37.729373]],[[127.716056,37.729373],[127.715919,37.729356]],[[127.715919,37.729356],[127.715672,37.729271]],[[127.715672,37.729271],[127.715391,37.72934]],[[127.715391,37.72934],[127.715353,37.729281]],[[127.715353,37.729281],[127.715349,37.729265]],[[127.715349,37.729265],[127.715327,37.729175]],[[127.715327,37.729175],[127.715284,37.728085]],[[127.715284,37.728085],[127.715269,37.728003]],[[127.715269,37.728003],[127.715093,37.727839]],[[127.715093,37.727839],[127.714065,37.72783]],[[127.714065,37.72783],[127.713926,37.727884]],[[127.713926,37.727884],[127.713633,37.727997]],[[127.713633,37.727997],[127.713164,37.727921]],[[127.713164,37.727921],[127.712845,37.727747]],[[127.712845,37.727747],[127.712586,37.72776]],[[127.712586,37.72776],[127.711766,37.727584]],[[127.711766,37.727584],[127.711671,37.727503]],[[127.711671,37.727503],[127.711301,37.727186]],[[127.711301,37.727186],[127.71127,37.727135]],[[127.71127,37.727135],[127.711233,37.727013]],[[127.711233,37.727013],[127.710749,37.726781]],[[127.710749,37.726781],[127.710715,37.72622]],[[127.710715,37.72622],[127.710429,37.725806]],[[127.710429,37.725806],[127.71025,37.725126]],[[127.71025,37.725126],[127.710129,37.724568]],[[127.710129,37.724568],[127.709744,37.724312]],[[127.709744,37.724312],[127.709668,37.723731]],[[127.709668,37.723731],[127.709536,37.723186]],[[127.709536,37.723186],[127.709498,37.723142]],[[127.709498,37.723142],[127.709187,37.723163]],[[127.709187,37.723163],[127.708279,37.722729]],[[127.708279,37.722729],[127.708081,37.722716]],[[127.708081,37.722716],[127.707926,37.722706]],[[127.707926,37.722706],[127.707814,37.722516]],[[127.707814,37.722516],[127.707727,37.722311]],[[127.707727,37.722311],[127.707735,37.7223]],[[127.707735,37.7223],[127.707762,37.722262]],[[127.707762,37.722262],[127.707914,37.722104]],[[127.707914,37.722104],[127.707993,37.721815]],[[127.707993,37.721815],[127.707486,37.72123]],[[127.707486,37.72123],[127.707431,37.721224]],[[127.707431,37.721224],[127.706316,37.721115]],[[127.706316,37.721115],[127.705971,37.72098]],[[127.705971,37.72098],[127.705515,37.721008]],[[127.705515,37.721008],[127.705427,37.720936]],[[127.705427,37.720936],[127.70495,37.720879]],[[127.70495,37.720879],[127.70439,37.720539]],[[127.70439,37.720539],[127.70389,37.720236]],[[127.70389,37.720236],[127.703633,37.719921]],[[127.703633,37.719921],[127.70357,37.719791]],[[127.70357,37.719791],[127.703238,37.719662]],[[127.703238,37.719662],[127.703086,37.719594]],[[127.703086,37.719594],[127.70302,37.719565]],[[127.70302,37.719565],[127.703015,37.719559]],[[127.703015,37.719559],[127.703026,37.719403]],[[127.703026,37.719403],[127.703021,37.719395]],[[127.703021,37.719395],[127.702945,37.719387]],[[127.702945,37.719387],[127.70214,37.719265]],[[127.70214,37.719265],[127.701186,37.719121]],[[127.701186,37.719121],[127.701043,37.719078]],[[127.701043,37.719078],[127.700995,37.719019]],[[127.700995,37.719019],[127.700993,37.718455]],[[127.700993,37.718455],[127.700988,37.716553]],[[127.700988,37.716553],[127.700984,37.716545]],[[127.700984,37.716545],[127.700461,37.716455]],[[127.700461,37.716455],[127.700458,37.716454]],[[127.700458,37.716454],[127.699433,37.716279]],[[127.699433,37.716279],[127.699431,37.716279]],[[127.699431,37.716279],[127.69923,37.716325]],[[127.69923,37.716325],[127.69873,37.71644]],[[127.69873,37.71644],[127.698726,37.716442]],[[127.698726,37.716442],[127.698537,37.716609]],[[127.698537,37.716609],[127.698483,37.716657]],[[127.698483,37.716657],[127.698441,37.716694]],[[127.698441,37.716694],[127.698296,37.716822]],[[127.698296,37.716822],[127.698171,37.716907]],[[127.698171,37.716907],[127.698167,37.716907]],[[127.698167,37.716907],[127.697956,37.71679]],[[127.697956,37.71679],[127.697702,37.716654]],[[127.697702,37.716654],[127.697656,37.716629]],[[127.697656,37.716629],[127.697652,37.716628]],[[127.697652,37.716628],[127.697463,37.716763]],[[127.697463,37.716763],[127.697458,37.716761]],[[127.697458,37.716761],[127.69742,37.716745]],[[127.69742,37.716745],[127.697413,37.716739]],[[127.697413,37.716739],[127.697412,37.716735]],[[127.697412,37.716735],[127.697426,37.716704]],[[127.697426,37.716704],[127.697402,37.716612]],[[127.697402,37.716612],[127.697373,37.716579]],[[127.697373,37.716579],[127.697361,37.716573]],[[127.697361,37.716573],[127.697295,37.716538]],[[127.697295,37.716538],[127.697285,37.716536]],[[127.697285,37.716536],[127.696649,37.716365]],[[127.696649,37.716365],[127.6966,37.716373]],[[127.6966,37.716373],[127.696143,37.716481]],[[127.696143,37.716481],[127.695933,37.71652]],[[127.695933,37.71652],[127.695816,37.716542]],[[127.695816,37.716542],[127.695255,37.716695]],[[127.695255,37.716695],[127.695197,37.716736]],[[127.695197,37.716736],[127.694925,37.71715]],[[127.694925,37.71715],[127.694419,37.717068]],[[127.694419,37.717068],[127.694081,37.717017]],[[127.694081,37.717017],[127.693701,37.71704]],[[127.693701,37.71704],[127.693609,37.717046]],[[127.693609,37.717046],[127.693325,37.717126]],[[127.693325,37.717126],[127.692189,37.716628]],[[127.692189,37.716628],[127.692099,37.716662]],[[127.692099,37.716662],[127.691302,37.716915]],[[127.691302,37.716915],[127.691173,37.716939]],[[127.691173,37.716939],[127.690677,37.716975]],[[127.690677,37.716975],[127.690462,37.716902]],[[127.690462,37.716902],[127.690262,37.716661]],[[127.690262,37.716661],[127.690116,37.716485]],[[127.690116,37.716485],[127.690024,37.71643]],[[127.690024,37.71643],[127.689875,37.716342]],[[127.689875,37.716342],[127.688071,37.716393]],[[127.688071,37.716393],[127.687915,37.716365]],[[127.687915,37.716365],[127.68746,37.716282]],[[127.68746,37.716282],[127.687348,37.716224]],[[127.687348,37.716224],[127.687317,37.716031]],[[127.687317,37.716031],[127.687321,37.715596]],[[127.687321,37.715596],[127.686307,37.715149]],[[127.686307,37.715149],[127.685762,37.714566]],[[127.685762,37.714566],[127.685017,37.714165]],[[127.685017,37.714165],[127.68468,37.713846]],[[127.68468,37.713846],[127.684271,37.713674]],[[127.684271,37.713674],[127.684225,37.713636]],[[127.684225,37.713636],[127.683706,37.713152]],[[127.683706,37.713152],[127.68319,37.712891]],[[127.68319,37.712891],[127.683097,37.712845]],[[127.683097,37.712845],[127.683037,37.712813]],[[127.683037,37.712813],[127.682987,37.712765]],[[127.682987,37.712765],[127.68297,37.712614]],[[127.68297,37.712614],[127.683045,37.712558]],[[127.683045,37.712558],[127.683146,37.712525]],[[127.683146,37.712525],[127.683167,37.712492]],[[127.683167,37.712492],[127.683159,37.712464]],[[127.683159,37.712464],[127.683128,37.71244]],[[127.683128,37.71244],[127.683088,37.712427]],[[127.683088,37.712427],[127.682953,37.712416]],[[127.682953,37.712416],[127.682717,37.712487]],[[127.682717,37.712487],[127.68247,37.712566]],[[127.68247,37.712566],[127.682431,37.712568]],[[127.682431,37.712568],[127.682415,37.712559]],[[127.682415,37.712559],[127.682415,37.712543]],[[127.682415,37.712543],[127.682453,37.712503]],[[127.682453,37.712503],[127.682453,37.712446]],[[127.682453,37.712446],[127.682429,37.712393]],[[127.682429,37.712393],[127.681585,37.711715]],[[127.681585,37.711715],[127.681532,37.711707]],[[127.681532,37.711707],[127.680831,37.711653]],[[127.680831,37.711653],[127.680258,37.711589]],[[127.680258,37.711589],[127.679888,37.711506]],[[127.679888,37.711506],[127.679524,37.71137]],[[127.679524,37.71137],[127.679841,37.710813]],[[127.679841,37.710813],[127.679769,37.710489]],[[127.679769,37.710489],[127.679768,37.710483]],[[127.679768,37.710483],[127.679769,37.710455]],[[127.679769,37.710455],[127.679798,37.709759]],[[127.679798,37.709759],[127.679589,37.709248]],[[127.679589,37.709248],[127.680149,37.70868]],[[127.680149,37.70868],[127.680294,37.708262]],[[127.680294,37.708262],[127.680467,37.708006]],[[127.680467,37.708006],[127.680482,37.707984]],[[127.680482,37.707984],[127.680582,37.707936]],[[127.680582,37.707936],[127.681028,37.70781]],[[127.681028,37.70781],[127.681158,37.707791]],[[127.681158,37.707791],[127.681618,37.707767]],[[127.681618,37.707767],[127.682169,37.707876]],[[127.682169,37.707876],[127.682248,37.707873]],[[127.682248,37.707873],[127.682307,37.707871]],[[127.682307,37.707871],[127.682629,37.707803]],[[127.682629,37.707803],[127.68296,37.707566]],[[127.68296,37.707566],[127.683024,37.70752]],[[127.683024,37.70752],[127.683106,37.707497]],[[127.683106,37.707497],[127.683498,37.707451]],[[127.683498,37.707451],[127.683775,37.707418]],[[127.683775,37.707418],[127.684108,37.707366]],[[127.684108,37.707366],[127.68415,37.707348]],[[127.68415,37.707348],[127.684146,37.707343]],[[127.684146,37.707343],[127.683328,37.706179]],[[127.683328,37.706179],[127.68278,37.705652]],[[127.68278,37.705652],[127.68274,37.705273]],[[127.68274,37.705273],[127.682953,37.704718]],[[127.682953,37.704718],[127.683318,37.704252]],[[127.683318,37.704252],[127.683431,37.703678]],[[127.683431,37.703678],[127.683454,37.703623]],[[127.683454,37.703623],[127.683689,37.703036]],[[127.683689,37.703036],[127.684138,37.701916]],[[127.684138,37.701916],[127.684018,37.70127]],[[127.684018,37.70127],[127.683865,37.701075]],[[127.683865,37.701075],[127.682284,37.698456]],[[127.682284,37.698456],[127.681861,37.698346]],[[127.681861,37.698346],[127.681857,37.698343]],[[127.681857,37.698343],[127.681047,37.697618]],[[127.681047,37.697618],[127.681038,37.697615]],[[127.681038,37.697615],[127.6806,37.697569]],[[127.6806,37.697569],[127.680156,37.697523]],[[127.680156,37.697523],[127.679734,37.697479]],[[127.679734,37.697479],[127.678112,37.696173]],[[127.678112,37.696173],[127.678093,37.696142]],[[127.678093,37.696142],[127.677829,37.695146]],[[127.677829,37.695146],[127.677372,37.695264]],[[127.677372,37.695264],[127.677043,37.695255]],[[127.677043,37.695255],[127.676975,37.695253]],[[127.676975,37.695253],[127.676582,37.695387]],[[127.676582,37.695387],[127.676283,37.69551]],[[127.676283,37.69551],[127.67582,37.695698]],[[127.67582,37.695698],[127.675399,37.695773]],[[127.675399,37.695773],[127.67488,37.695928]],[[127.67488,37.695928],[127.674251,37.696151]],[[127.674251,37.696151],[127.674154,37.696178]],[[127.674154,37.696178],[127.673988,37.696208]],[[127.673988,37.696208],[127.67394,37.696205]],[[127.67394,37.696205],[127.673853,37.696175]],[[127.673853,37.696175],[127.673825,37.696165]],[[127.673825,37.696165],[127.673729,37.696121]],[[127.673729,37.696121],[127.673649,37.696108]],[[127.673649,37.696108],[127.673621,37.69611]],[[127.673621,37.69611],[127.67361,37.696112]],[[127.67361,37.696112],[127.673604,37.696154]],[[127.673604,37.696154],[127.673598,37.696179]],[[127.673598,37.696179],[127.673588,37.696197]],[[127.673588,37.696197],[127.673549,37.696235]],[[127.673549,37.696235],[127.673502,37.696301]],[[127.673502,37.696301],[127.673493,37.696312]],[[127.673493,37.696312],[127.673489,37.696316]],[[127.673489,37.696316],[127.673431,37.696353]],[[127.673431,37.696353],[127.673357,37.69642]],[[127.673357,37.69642],[127.673314,37.696465]],[[127.673314,37.696465],[127.673264,37.696485]],[[127.673264,37.696485],[127.673164,37.696576]],[[127.673164,37.696576],[127.673068,37.696649]],[[127.673068,37.696649],[127.672731,37.696933]],[[127.672731,37.696933],[127.672708,37.696948]],[[127.672708,37.696948],[127.67186,37.696793]],[[127.67186,37.696793],[127.671854,37.696792]],[[127.671854,37.696792],[127.671589,37.696777]],[[127.671589,37.696777],[127.671269,37.696616]],[[127.671269,37.696616],[127.67115,37.696507]],[[127.67115,37.696507],[127.671087,37.696449]],[[127.671087,37.696449],[127.670412,37.695744]],[[127.670412,37.695744],[127.67036,37.695702]],[[127.67036,37.695702],[127.670328,37.695693]],[[127.670328,37.695693],[127.670139,37.695793]],[[127.670139,37.695793],[127.669978,37.695878]],[[127.669978,37.695878],[127.667391,37.697244]],[[127.667391,37.697244],[127.666965,37.697469]],[[127.666965,37.697469],[127.664158,37.69816]],[[127.664158,37.69816],[127.662515,37.698684]],[[127.662515,37.698684],[127.659756,37.69959]],[[127.659756,37.69959],[127.658805,37.699906]],[[127.658805,37.699906],[127.658386,37.700045]],[[127.658386,37.700045],[127.652769,37.699534]],[[127.652769,37.699534],[127.652721,37.699523]],[[127.652721,37.699523],[127.65106,37.698314]],[[127.65106,37.698314],[127.651031,37.698279]],[[127.651031,37.698279],[127.651025,37.698243]],[[127.651025,37.698243],[127.651012,37.697253]],[[127.651012,37.697253],[127.650976,37.694673]],[[127.650976,37.694673],[127.650995,37.694563]],[[127.650995,37.694563],[127.651215,37.692971]],[[127.651215,37.692971],[127.65179,37.68869]],[[127.65179,37.68869],[127.65184,37.688323]],[[127.65184,37.688323],[127.651848,37.68826]],[[127.651848,37.68826],[127.652163,37.685922]],[[127.652163,37.685922],[127.652157,37.685896]],[[127.652157,37.685896],[127.651978,37.685287]],[[127.651978,37.685287],[127.651652,37.684174]],[[127.651652,37.684174],[127.651558,37.683845]],[[127.651558,37.683845],[127.651535,37.683797]],[[127.651535,37.683797],[127.649503,37.680249]],[[127.649503,37.680249],[127.649441,37.680219]],[[127.649441,37.680219],[127.648678,37.679875]],[[127.648678,37.679875],[127.647517,37.679351]],[[127.647517,37.679351],[127.647288,37.679247]],[[127.647288,37.679247],[127.646939,37.67909]],[[127.646939,37.67909],[127.646876,37.679077]],[[127.646876,37.679077],[127.645497,37.678906]],[[127.645497,37.678906],[127.645309,37.678882]],[[127.645309,37.678882],[127.645276,37.678879]],[[127.645276,37.678879],[127.645227,37.678879]],[[127.645227,37.678879],[127.645103,37.678913]],[[127.645103,37.678913],[127.644813,37.679002]],[[127.644813,37.679002],[127.643881,37.679285]],[[127.643881,37.679285],[127.642613,37.680336]],[[127.642613,37.680336],[127.641942,37.681556]],[[127.641942,37.681556],[127.641641,37.682705]],[[127.641641,37.682705],[127.641323,37.68392]],[[127.641323,37.68392],[127.64133,37.683977]],[[127.64133,37.683977],[127.641668,37.687462]],[[127.641668,37.687462],[127.641527,37.68849]],[[127.641527,37.68849],[127.641536,37.688565]],[[127.641536,37.688565],[127.641772,37.690066]],[[127.641772,37.690066],[127.641927,37.691051]],[[127.641927,37.691051],[127.641773,37.692302]],[[127.641773,37.692302],[127.641487,37.694633]],[[127.641487,37.694633],[127.641181,37.695128]],[[127.53762,37.751146],[127.537772,37.751267]],[[127.537772,37.751267],[127.539744,37.75283]],[[127.539744,37.75283],[127.542086,37.754665]],[[127.542086,37.754665],[127.543438,37.756444]],[[127.543438,37.756444],[127.54438,37.758815]],[[127.54438,37.758815],[127.54488,37.760075]],[[127.54488,37.760075],[127.544987,37.763632]],[[127.544987,37.763632],[127.543102,37.767202]],[[127.543102,37.767202],[127.542746,37.767802]],[[127.542746,37.767802],[127.540924,37.770875]],[[127.540924,37.770875],[127.540615,37.771212]],[[127.540615,37.771212],[127.538127,37.773929]],[[127.538127,37.773929],[127.537585,37.77452]],[[127.537585,37.77452],[127.534997,37.776862]],[[127.534997,37.776862],[127.533616,37.778112]],[[127.533616,37.778112],[127.530862,37.781431]],[[127.530862,37.781431],[127.530754,37.781562]],[[127.530754,37.781562],[127.530616,37.781728]],[[127.530616,37.781728],[127.530507,37.781816]],[[127.530507,37.781816],[127.528635,37.783315]],[[127.528635,37.783315],[127.52754,37.784067]],[[127.52754,37.784067],[127.527179,37.784315]],[[127.527179,37.784315],[127.525678,37.785345]],[[127.525678,37.785345],[127.524861,37.786206]],[[127.524861,37.786206],[127.524078,37.787031]],[[127.524078,37.787031],[127.522258,37.788948]],[[127.522258,37.788948],[127.520814,37.792543]],[[127.520814,37.792543],[127.52258,37.795408]],[[127.52258,37.795408],[127.52305,37.79617]],[[127.52305,37.79617],[127.523849,37.796946]],[[127.523849,37.796946],[127.524516,37.797593]],[[127.524516,37.797593],[127.52464,37.797712]],[[127.52464,37.797712],[127.526329,37.799351]],[[127.526329,37.799351],[127.526548,37.799563]],[[127.526548,37.799563],[127.526756,37.799765]],[[127.526756,37.799765],[127.529428,37.80284]],[[127.529428,37.80284],[127.533087,37.806919]],[[127.533087,37.806919],[127.534637,37.808234]],[[127.534637,37.808234],[127.536084,37.809462]],[[127.536084,37.809462],[127.537354,37.810541]],[[127.537354,37.810541],[127.537086,37.811862]],[[127.537086,37.811862],[127.536628,37.814121]],[[127.536628,37.814121],[127.536272,37.814878]],[[127.536272,37.814878],[127.535592,37.816325]],[[127.535592,37.816325],[127.53494,37.817711]],[[127.53494,37.817711],[127.534366,37.818218]],[[127.534366,37.818218],[127.533272,37.819184]],[[127.533272,37.819184],[127.53218,37.820149]],[[127.53218,37.820149],[127.532029,37.820282]],[[127.532029,37.820282],[127.52879,37.821317]],[[127.52879,37.821317],[127.528241,37.821492]],[[127.528241,37.821492],[127.527802,37.821633]],[[127.527802,37.821633],[127.526358,37.822461]],[[127.526358,37.822461],[127.526327,37.822478]],[[127.526327,37.822478],[127.525639,37.822873]],[[127.525639,37.822873],[127.525145,37.823877]],[[127.525145,37.823877],[127.524592,37.825001]],[[127.524592,37.825001],[127.524629,37.8253]],[[127.524629,37.8253],[127.524694,37.826936]],[[127.524694,37.826936],[127.524696,37.826975]],[[127.524696,37.826975],[127.524697,37.827006]],[[127.524697,37.827006],[127.524701,37.827119]],[[127.524701,37.827119],[127.524702,37.827136]],[[127.524702,37.827136],[127.524702,37.827137]],[[127.524702,37.827137],[127.524702,37.827142]],[[127.524702,37.827142],[127.524704,37.827185]],[[127.524704,37.827185],[127.524708,37.827282]],[[127.524708,37.827282],[127.524791,37.829381]],[[127.524791,37.829381],[127.524803,37.829672]],[[127.524803,37.829672],[127.524861,37.829906]],[[127.524861,37.829906],[127.524881,37.829983]],[[127.524881,37.829983],[127.524921,37.830143]],[[127.524921,37.830143],[127.525619,37.832924]],[[127.525619,37.832924],[127.527317,37.836458]],[[127.527317,37.836458],[127.529443,37.839723]],[[127.529443,37.839723],[127.532443,37.842152]],[[127.532443,37.842152],[127.535383,37.84399]],[[127.535383,37.84399],[127.536299,37.844562]],[[127.536299,37.844562],[127.536698,37.844812]],[[127.536698,37.844812],[127.537031,37.84502]],[[127.537031,37.84502],[127.540459,37.846552]],[[127.540459,37.846552],[127.542246,37.846602]],[[127.542246,37.846602],[127.543117,37.846626]],[[127.543117,37.846626],[127.545825,37.846792]],[[127.545825,37.846792],[127.548276,37.846629]],[[127.548276,37.846629],[127.549652,37.846538]],[[127.549652,37.846538],[127.549717,37.846764]],[[127.549717,37.846764],[127.549884,37.84735]],[[127.549884,37.84735],[127.550036,37.847881]],[[127.550036,37.847881],[127.549963,37.848636]],[[127.549963,37.848636],[127.549933,37.848946]],[[127.549933,37.848946],[127.550255,37.850165]],[[127.550255,37.850165],[127.550427,37.850724]],[[127.550427,37.850724],[127.550088,37.851931]],[[127.550088,37.851931],[127.550246,37.851942]],[[127.550246,37.851942],[127.550367,37.852063]],[[127.550367,37.852063],[127.55054,37.852099]],[[127.55054,37.852099],[127.550652,37.852122]],[[127.550652,37.852122],[127.550859,37.852124]],[[127.550859,37.852124],[127.55119,37.85224]],[[127.55119,37.85224],[127.551247,37.852403]],[[127.551247,37.852403],[127.551489,37.852479]],[[127.551489,37.852479],[127.551866,37.852733]],[[127.551866,37.852733],[127.551969,37.85292]],[[127.551969,37.85292],[127.551897,37.853008]],[[127.551897,37.853008],[127.552019,37.853181]],[[127.552019,37.853181],[127.55204,37.853201]],[[127.55204,37.853201],[127.552137,37.853296]],[[127.552137,37.853296],[127.552183,37.853281]],[[127.552183,37.853281],[127.552292,37.853268]],[[127.552292,37.853268],[127.552355,37.85331]],[[127.552355,37.85331],[127.552382,37.853366]],[[127.552382,37.853366],[127.552488,37.853432]],[[127.552488,37.853432],[127.552528,37.853433]],[[127.552528,37.853433],[127.552584,37.853449]],[[127.552584,37.853449],[127.552674,37.853392]],[[127.552674,37.853392],[127.552737,37.853395]],[[127.552737,37.853395],[127.5528,37.853437]],[[127.5528,37.853437],[127.552829,37.853546]],[[127.552829,37.853546],[127.552942,37.853632]],[[127.552942,37.853632],[127.55315,37.853645]],[[127.55315,37.853645],[127.553224,37.853701]],[[127.553224,37.853701],[127.55334,37.853778]],[[127.55334,37.853778],[127.55345,37.85381]],[[127.55345,37.85381],[127.553542,37.853907]],[[127.553542,37.853907],[127.553612,37.853908]],[[127.553612,37.853908],[127.553648,37.85392]],[[127.553648,37.85392],[127.553664,37.85392]],[[127.553664,37.85392],[127.553684,37.853924]],[[127.553684,37.853924],[127.553702,37.853939]],[[127.553702,37.853939],[127.553776,37.853964]],[[127.553776,37.853964],[127.553986,37.853998]],[[127.553986,37.853998],[127.554023,37.854016]],[[127.554023,37.854016],[127.554135,37.85397]],[[127.554135,37.85397],[127.554203,37.854086]],[[127.554203,37.854086],[127.55419,37.854094]],[[127.55419,37.854094],[127.554764,37.854363]],[[127.554764,37.854363],[127.555329,37.854731]],[[127.555329,37.854731],[127.556106,37.855615]],[[127.556106,37.855615],[127.556555,37.855695]],[[127.556555,37.855695],[127.556806,37.855868]],[[127.556806,37.855868],[127.556913,37.856004]],[[127.556913,37.856004],[127.557109,37.856015]],[[127.557109,37.856015],[127.557452,37.856278]],[[127.557452,37.856278],[127.558528,37.856453]],[[127.558528,37.856453],[127.560047,37.856416]],[[127.560047,37.856416],[127.560928,37.856321]],[[127.560928,37.856321],[127.561592,37.856182]],[[127.561592,37.856182],[127.562184,37.856059]],[[127.562184,37.856059],[127.562972,37.855925]],[[127.562972,37.855925],[127.563124,37.855899]],[[127.563124,37.855899],[127.563239,37.85588]],[[127.563239,37.85588],[127.56325,37.856171]],[[127.56325,37.856171],[127.563252,37.85625]],[[127.563252,37.85625],[127.563252,37.856253]],[[127.563252,37.856253],[127.563292,37.856448]],[[127.563292,37.856448],[127.563509,37.856592]],[[127.563509,37.856592],[127.563541,37.85696]],[[127.563541,37.85696],[127.563553,37.857099]],[[127.563553,37.857099],[127.563865,37.857511]],[[127.563865,37.857511],[127.563877,37.85803]],[[127.563877,37.85803],[127.564664,37.858061]],[[127.564664,37.858061],[127.564998,37.858388]],[[127.564998,37.858388],[127.565466,37.858648]],[[127.565466,37.858648],[127.566005,37.858874]],[[127.566005,37.858874],[127.566838,37.859223]],[[127.566838,37.859223],[127.566414,37.859867]],[[127.566414,37.859867],[127.566354,37.860518]],[[127.566354,37.860518],[127.56635,37.860523]],[[127.56635,37.860523],[127.565887,37.861236]],[[127.565887,37.861236],[127.566265,37.861582]],[[127.566265,37.861582],[127.566442,37.861876]],[[127.566442,37.861876],[127.566439,37.862191]],[[127.566439,37.862191],[127.566943,37.862859]],[[127.566943,37.862859],[127.567366,37.864332]],[[127.567366,37.864332],[127.567457,37.864546]],[[127.567457,37.864546],[127.567815,37.86538]],[[127.567815,37.86538],[127.568417,37.865887]],[[127.568417,37.865887],[127.568472,37.866482]],[[127.568472,37.866482],[127.568595,37.866973]],[[127.568595,37.866973],[127.569021,37.867241]],[[127.569021,37.867241],[127.569259,37.867297]],[[127.569259,37.867297],[127.569862,37.867218]],[[127.569862,37.867218],[127.569683,37.867838]],[[127.569683,37.867838],[127.569803,37.868233]],[[127.569803,37.868233],[127.570119,37.868298]],[[127.570119,37.868298],[127.570716,37.86842]],[[127.570716,37.86842],[127.571867,37.868908]],[[127.571867,37.868908],[127.57187,37.869146]],[[127.57187,37.869146],[127.572245,37.869933]],[[127.572245,37.869933],[127.573191,37.870202]],[[127.573191,37.870202],[127.573631,37.870486]],[[127.573631,37.870486],[127.5737,37.870651]],[[127.5737,37.870651],[127.57399,37.870869]],[[127.57399,37.870869],[127.574162,37.871163]],[[127.574162,37.871163],[127.574048,37.871505]],[[127.574048,37.871505],[127.574577,37.872351]],[[127.574577,37.872351],[127.575485,37.87235]],[[127.575485,37.87235],[127.575881,37.872586]],[[127.575881,37.872586],[127.57596,37.872894]],[[127.57596,37.872894],[127.575978,37.872963]],[[127.575978,37.872963],[127.57651,37.873034]],[[127.57651,37.873034],[127.576983,37.873245]],[[127.576983,37.873245],[127.577704,37.873794]],[[127.577704,37.873794],[127.577887,37.874014]],[[127.577887,37.874014],[127.578319,37.874036]],[[127.578319,37.874036],[127.578608,37.874148]],[[127.578608,37.874148],[127.57878,37.874156]],[[127.57878,37.874156],[127.579287,37.874181]],[[127.579287,37.874181],[127.579795,37.874292]],[[127.579795,37.874292],[127.579945,37.874464]],[[127.579945,37.874464],[127.580045,37.874578]],[[127.580045,37.874578],[127.58057,37.874328]],[[127.58057,37.874328],[127.580615,37.874306]],[[127.580615,37.874306],[127.580692,37.874352]],[[127.580692,37.874352],[127.581393,37.87476]],[[127.581393,37.87476],[127.581693,37.874689]],[[127.581693,37.874689],[127.582398,37.875111]],[[127.582398,37.875111],[127.582958,37.875161]],[[127.582958,37.875161],[127.583495,37.875815]],[[127.583495,37.875815],[127.584116,37.875965]],[[127.584116,37.875965],[127.584621,37.876294]],[[127.584621,37.876294],[127.584898,37.876323]],[[127.584898,37.876323],[127.585186,37.876151]],[[127.585186,37.876151],[127.586561,37.875907]],[[127.586561,37.875907],[127.586642,37.875893]],[[127.586642,37.875893],[127.586686,37.875912]],[[127.586686,37.875912],[127.587645,37.876333]],[[127.587645,37.876333],[127.587779,37.87635]],[[127.587779,37.87635],[127.58821,37.876151]],[[127.58821,37.876151],[127.588218,37.876149]],[[127.588218,37.876149],[127.588304,37.876129]],[[127.588304,37.876129],[127.588307,37.876129]],[[127.588307,37.876129],[127.589248,37.875913]],[[127.589248,37.875913],[127.59021,37.875758]],[[127.59021,37.875758],[127.590263,37.875751]],[[127.590263,37.875751],[127.590597,37.875707]],[[127.590597,37.875707],[127.592026,37.875916]],[[127.592026,37.875916],[127.592798,37.875892]],[[127.592798,37.875892],[127.593725,37.875944]],[[127.593725,37.875944],[127.594237,37.876017]],[[127.594237,37.876017],[127.594821,37.875878]],[[127.594821,37.875878],[127.595138,37.875802]],[[127.595138,37.875802],[127.595475,37.875648]],[[127.595475,37.875648],[127.595497,37.875638]],[[127.595497,37.875638],[127.595715,37.875539]],[[127.595715,37.875539],[127.595741,37.875538]],[[127.595741,37.875538],[127.595847,37.875536]],[[127.595847,37.875536],[127.596914,37.875514]],[[127.596914,37.875514],[127.597649,37.875371]],[[127.597649,37.875371],[127.59777,37.87525]],[[127.59777,37.87525],[127.598167,37.874847]],[[127.598167,37.874847],[127.59846,37.874806]],[[127.59846,37.874806],[127.599006,37.874728]],[[127.599006,37.874728],[127.599672,37.874734]],[[127.599672,37.874734],[127.600577,37.874373]],[[127.600577,37.874373],[127.600593,37.874367]],[[127.600593,37.874367],[127.60163,37.874217]],[[127.60163,37.874217],[127.601969,37.874213]],[[127.601969,37.874213],[127.602933,37.874202]],[[127.602933,37.874202],[127.603212,37.874201]],[[127.603212,37.874201],[127.603658,37.874528]],[[127.603658,37.874528],[127.6037,37.874991]],[[127.6037,37.874991],[127.603706,37.875051]],[[127.603706,37.875051],[127.604458,37.875856]],[[127.604458,37.875856],[127.605433,37.876302]],[[127.605433,37.876302],[127.605849,37.876492]],[[127.605849,37.876492],[127.605897,37.876707]],[[127.605897,37.876707],[127.605905,37.876743]],[[127.605905,37.876743],[127.605988,37.877121]],[[127.605988,37.877121],[127.606343,37.877776]],[[127.606343,37.877776],[127.60651,37.878779]],[[127.60651,37.878779],[127.606707,37.878937]],[[127.606707,37.878937],[127.606921,37.879107]],[[127.606921,37.879107],[127.606856,37.87923]],[[127.606856,37.87923],[127.606712,37.879499]],[[127.606712,37.879499],[127.607106,37.880093]],[[127.607106,37.880093],[127.607459,37.880703]],[[127.607459,37.880703],[127.607819,37.881454]],[[127.607819,37.881454],[127.608089,37.881818]],[[127.608089,37.881818],[127.608262,37.881901]],[[127.608262,37.881901],[127.608825,37.882173]],[[127.608825,37.882173],[127.608838,37.882237]],[[127.608838,37.882237],[127.609095,37.883518]],[[127.609095,37.883518],[127.608853,37.883802]],[[127.608853,37.883802],[127.608753,37.883919]],[[127.608753,37.883919],[127.60864,37.884717]],[[127.60864,37.884717],[127.608615,37.884863]],[[127.608615,37.884863],[127.608565,37.885152]],[[127.608565,37.885152],[127.607986,37.886213]],[[127.607986,37.886213],[127.607924,37.886259]],[[127.607924,37.886259],[127.607632,37.88648]],[[127.607632,37.88648],[127.60747,37.887147]],[[127.60747,37.887147],[127.607443,37.887539]],[[127.607443,37.887539],[127.60776,37.888677]],[[127.60776,37.888677],[127.607403,37.88966]],[[127.607403,37.88966],[127.607528,37.889862]],[[127.607528,37.889862],[127.607567,37.889924]],[[127.607567,37.889924],[127.607594,37.889968]],[[127.607594,37.889968],[127.608102,37.890782]],[[127.608102,37.890782],[127.608437,37.891401]],[[127.608437,37.891401],[127.608365,37.892087]],[[127.608365,37.892087],[127.608729,37.892737]],[[127.608729,37.892737],[127.60901,37.893324]],[[127.60901,37.893324],[127.609329,37.893331]],[[127.609329,37.893331],[127.609557,37.893481]],[[127.609557,37.893481],[127.610211,37.89391]],[[127.610211,37.89391],[127.610198,37.89397]],[[127.610198,37.89397],[127.610104,37.894399]],[[127.610104,37.894399],[127.610678,37.895354]],[[127.610678,37.895354],[127.611182,37.897211]],[[127.611182,37.897211],[127.612003,37.898229]],[[127.612003,37.898229],[127.612464,37.898416]],[[127.612464,37.898416],[127.613461,37.898821]],[[127.613461,37.898821],[127.613572,37.898959]],[[127.613572,37.898959],[127.614413,37.900004]],[[127.614413,37.900004],[127.614529,37.901338]],[[127.614529,37.901338],[127.614767,37.90192]],[[127.614767,37.90192],[127.615392,37.902978]],[[127.615392,37.902978],[127.615605,37.903844]],[[127.615605,37.903844],[127.615818,37.90473]],[[127.615818,37.90473],[127.617053,37.905996]],[[127.617053,37.905996],[127.617141,37.906362]],[[127.617141,37.906362],[127.616485,37.907131]],[[127.616485,37.907131],[127.616971,37.90836]],[[127.616971,37.90836],[127.61692,37.90939]],[[127.61692,37.90939],[127.616909,37.909798]],[[127.616909,37.909798],[127.616715,37.911379]],[[127.616715,37.911379],[127.616584,37.911905]],[[127.616584,37.911905],[127.615609,37.914686]],[[127.615609,37.914686],[127.614953,37.915578]],[[127.614953,37.915578],[127.614882,37.91579]],[[127.614882,37.91579],[127.614331,37.917431]],[[127.614331,37.917431],[127.613965,37.918408]],[[127.613965,37.918408],[127.613899,37.919545]],[[127.613899,37.919545],[127.613896,37.919609]],[[127.613896,37.919609],[127.613603,37.919764]],[[127.613603,37.919764],[127.613158,37.919999]],[[127.613158,37.919999],[127.612489,37.920352]],[[127.612489,37.920352],[127.612408,37.920484]],[[127.612408,37.920484],[127.612213,37.920802]],[[127.612213,37.920802],[127.612138,37.920924]],[[127.612138,37.920924],[127.612139,37.921052]],[[127.612139,37.921052],[127.61214,37.92188]],[[127.61214,37.92188],[127.612071,37.922794]],[[127.612071,37.922794],[127.612045,37.924056]],[[127.612045,37.924056],[127.6125,37.92454]],[[127.6125,37.92454],[127.613551,37.925657]],[[127.613551,37.925657],[127.613626,37.925684]],[[127.613626,37.925684],[127.614508,37.926006]],[[127.614508,37.926006],[127.615189,37.926758]],[[127.615189,37.926758],[127.615617,37.927231]],[[127.615617,37.927231],[127.616584,37.928266]],[[127.616584,37.928266],[127.61629,37.928917]],[[127.61629,37.928917],[127.616218,37.929077]],[[127.616218,37.929077],[127.61615,37.929229]],[[127.61615,37.929229],[127.61597,37.930909]],[[127.61597,37.930909],[127.614962,37.932286]],[[127.614962,37.932286],[127.614345,37.934611]],[[127.614345,37.934611],[127.61379,37.93583]],[[127.61379,37.93583],[127.612982,37.936839]],[[127.612982,37.936839],[127.612606,37.937768]],[[127.612606,37.937768],[127.613154,37.939219]],[[127.613154,37.939219],[127.612725,37.940337]],[[127.612725,37.940337],[127.612672,37.940476]],[[127.612672,37.940476],[127.612202,37.940572]],[[127.612202,37.940572],[127.612066,37.9406]],[[127.612066,37.9406],[127.610104,37.941751]],[[127.610104,37.941751],[127.609417,37.942668]],[[127.609417,37.942668],[127.608968,37.94307]],[[127.608968,37.94307],[127.606602,37.943713]],[[127.606602,37.943713],[127.606064,37.943859]],[[127.606064,37.943859],[127.605744,37.943946]],[[127.605744,37.943946],[127.605573,37.943992]],[[127.605573,37.943992],[127.604787,37.944205]],[[127.604787,37.944205],[127.603736,37.944491]],[[127.603736,37.944491],[127.602521,37.946333]],[[127.602521,37.946333],[127.601758,37.948102]],[[127.601758,37.948102],[127.602414,37.95076]],[[127.602414,37.95076],[127.602661,37.951708]],[[127.602661,37.951708],[127.60277,37.952814]],[[127.60277,37.952814],[127.602445,37.954999]],[[127.585086,38.080623],[127.585656,38.080201]],[[127.585656,38.080201],[127.587779,38.080354]],[[127.587779,38.080354],[127.588524,38.080703]],[[127.588524,38.080703],[127.588905,38.080882]],[[127.588905,38.080882],[127.589084,38.080845]],[[127.589084,38.080845],[127.590313,38.080596]],[[127.590313,38.080596],[127.590618,38.080535]],[[127.590618,38.080535],[127.591373,38.080477]],[[127.591373,38.080477],[127.593495,38.080315]],[[127.593495,38.080315],[127.594304,38.080225]],[[127.594304,38.080225],[127.595296,38.080114]],[[127.595296,38.080114],[127.596838,38.079897]],[[127.596838,38.079897],[127.597036,38.079148]],[[127.597036,38.079148],[127.59757,38.077615]],[[127.59757,38.077615],[127.59794,38.077145]],[[127.59794,38.077145],[127.598168,38.076857]],[[127.598168,38.076857],[127.598476,38.07667]],[[127.598476,38.07667],[127.599562,38.076015]],[[127.599562,38.076015],[127.600226,38.075686]],[[127.600226,38.075686],[127.600348,38.075626]],[[127.600348,38.075626],[127.601457,38.074611]],[[127.601457,38.074611],[127.601576,38.074555]],[[127.601576,38.074555],[127.602307,38.074206]],[[127.602307,38.074206],[127.602967,38.073823]],[[127.602967,38.073823],[127.603906,38.073277]],[[127.603906,38.073277],[127.604437,38.07287]],[[127.604437,38.07287],[127.604726,38.072648]],[[127.604726,38.072648],[127.606813,38.071978]],[[127.606813,38.071978],[127.607734,38.071683]],[[127.607734,38.071683],[127.607761,38.071674]],[[127.607761,38.071674],[127.607757,38.071644]],[[127.607757,38.071644],[127.607603,38.07052]],[[127.607603,38.07052],[127.608065,38.069945]],[[127.608065,38.069945],[127.608068,38.069933]],[[127.608068,38.069933],[127.608069,38.069931]],[[127.608069,38.069931],[127.608145,38.069622]],[[127.608145,38.069622],[127.608159,38.069552]],[[127.608159,38.069552],[127.60816,38.069549]],[[127.60816,38.069549],[127.608281,38.068939]],[[127.608281,38.068939],[127.608197,38.068349]],[[127.608197,38.068349],[127.608031,38.067994]],[[127.608031,38.067994],[127.608014,38.06793]],[[127.608014,38.06793],[127.607908,38.067528]],[[127.607908,38.067528],[127.607511,38.066733]],[[127.607511,38.066733],[127.607319,38.066347]],[[127.607319,38.066347],[127.6073,38.066303]],[[127.6073,38.066303],[127.606338,38.064036]],[[127.606338,38.064036],[127.606324,38.063991]],[[127.606324,38.063991],[127.605402,38.061051]],[[127.605402,38.061051],[127.605458,38.061035]],[[127.605458,38.061035],[127.60648,38.060745]],[[127.60648,38.060745],[127.606574,38.060718]],[[127.606574,38.060718],[127.606588,38.060715]],[[127.606588,38.060715],[127.608173,38.060264]],[[127.608173,38.060264],[127.608199,38.060244]],[[127.608199,38.060244],[127.609601,38.059158]],[[127.609601,38.059158],[127.610298,38.05827]],[[127.610298,38.05827],[127.610371,38.058176]],[[127.610371,38.058176],[127.611345,38.056938]],[[127.611345,38.056938],[127.611532,38.056702]],[[127.611532,38.056702],[127.611677,38.056516]],[[127.611677,38.056516],[127.611565,38.055896]],[[127.611565,38.055896],[127.611607,38.055568]],[[127.611607,38.055568],[127.611672,38.05542]],[[127.611672,38.05542],[127.611967,38.055598]],[[127.611967,38.055598],[127.612147,38.056382]],[[127.612147,38.056382],[127.612524,38.05672]],[[127.612524,38.05672],[127.612577,38.056746]],[[127.612577,38.056746],[127.614043,38.057451]],[[127.614043,38.057451],[127.615686,38.057743]],[[127.615686,38.057743],[127.617254,38.057521]],[[127.617254,38.057521],[127.618031,38.057177]],[[127.618031,38.057177],[127.618036,38.057172]],[[127.618036,38.057172],[127.618038,38.05717]],[[127.618038,38.05717],[127.618415,38.056742]],[[127.618415,38.056742],[127.61846,38.056691]],[[127.61846,38.056691],[127.61891,38.05618]],[[127.61891,38.05618],[127.620366,38.05469]],[[127.620366,38.05469],[127.62155,38.053523]],[[127.62155,38.053523],[127.621771,38.053306]],[[127.621771,38.053306],[127.621989,38.053125]],[[127.621989,38.053125],[127.622277,38.052886]],[[127.622277,38.052886],[127.622446,38.052725]],[[127.622446,38.052725],[127.62274,38.052444]],[[127.62274,38.052444],[127.622869,38.05232]],[[127.622869,38.05232],[127.623094,38.052105]],[[127.623094,38.052105],[127.623165,38.052037]],[[127.623165,38.052037],[127.623658,38.051552]],[[127.623658,38.051552],[127.623731,38.051524]],[[127.623731,38.051524],[127.625096,38.050995]],[[127.625096,38.050995],[127.625105,38.050991]],[[127.625105,38.050991],[127.625788,38.050867]],[[127.625788,38.050867],[127.626276,38.050778]],[[127.626276,38.050778],[127.627644,38.050585]],[[127.627644,38.050585],[127.631099,38.050099]],[[127.631099,38.050099],[127.632893,38.050045]],[[127.632893,38.050045],[127.633808,38.050182]],[[127.633808,38.050182],[127.635653,38.050658]],[[127.635653,38.050658],[127.63585,38.05072]],[[127.63585,38.05072],[127.636472,38.050918]],[[127.636472,38.050918],[127.636557,38.050945]],[[127.636557,38.050945],[127.637443,38.051226]],[[127.637443,38.051226],[127.637909,38.051374]],[[127.637909,38.051374],[127.638441,38.051472]],[[127.638441,38.051472],[127.638973,38.051571]],[[127.638973,38.051571],[127.641199,38.051982]],[[127.641199,38.051982],[127.641476,38.05276]],[[127.641476,38.05276],[127.641255,38.052874]],[[127.641255,38.052874],[127.641172,38.052917]],[[127.641172,38.052917],[127.641161,38.052922]],[[127.641161,38.052922],[127.641526,38.053187]],[[127.641526,38.053187],[127.641783,38.053373]],[[127.641783,38.053373],[127.643437,38.055062]],[[127.643437,38.055062],[127.644303,38.055861]],[[127.644303,38.055861],[127.645376,38.056447]],[[127.645376,38.056447],[127.645939,38.056565]],[[127.645939,38.056565],[127.646144,38.056607]],[[127.646144,38.056607],[127.646148,38.056607]],[[127.646148,38.056607],[127.646156,38.056605]],[[127.646156,38.056605],[127.646159,38.056605]],[[127.646159,38.056605],[127.647172,38.056437]],[[127.647172,38.056437],[127.648042,38.056294]],[[127.648042,38.056294],[127.649404,38.055865]],[[127.649404,38.055865],[127.649442,38.055853]],[[127.649442,38.055853],[127.650153,38.05563]],[[127.650153,38.05563],[127.650484,38.055526]],[[127.650484,38.055526],[127.650515,38.055505]],[[127.650515,38.055505],[127.650517,38.055503]],[[127.650517,38.055503],[127.650806,38.055308]],[[127.650806,38.055308],[127.650821,38.055298]],[[127.650821,38.055298],[127.651254,38.055006]],[[127.651254,38.055006],[127.651611,38.054765]],[[127.651611,38.054765],[127.651831,38.054616]],[[127.651831,38.054616],[127.651834,38.054614]],[[127.651834,38.054614],[127.651994,38.054506]],[[127.651994,38.054506],[127.65272,38.053466]],[[127.65272,38.053466],[127.653265,38.052125]],[[127.653265,38.052125],[127.653294,38.051499]],[[127.653294,38.051499],[127.653294,38.051497]],[[127.653294,38.051497],[127.653317,38.050984]],[[127.653317,38.050984],[127.653318,38.050978]],[[127.653318,38.050978],[127.65332,38.050932]],[[127.65332,38.050932],[127.653316,38.050915]],[[127.653316,38.050915],[127.653316,38.050913]],[[127.653316,38.050913],[127.653052,38.049711]],[[127.653052,38.049711],[127.652543,38.048705]],[[127.652543,38.048705],[127.65216,38.047949]],[[127.65216,38.047949],[127.651854,38.047343]],[[127.651854,38.047343],[127.651587,38.047121]],[[127.651587,38.047121],[127.649891,38.04571]],[[127.649891,38.04571],[127.648897,38.044573]],[[127.648897,38.044573],[127.648789,38.043966]],[[127.648789,38.043966],[127.648707,38.043501]],[[127.648707,38.043501],[127.648798,38.041152]],[[127.648798,38.041152],[127.648863,38.040911]],[[127.648863,38.040911],[127.648863,38.040908]],[[127.648863,38.040908],[127.648945,38.040604]],[[127.648945,38.040604],[127.648816,38.039466]],[[127.648816,38.039466],[127.648521,38.037849]],[[127.648521,38.037849],[127.648447,38.037443]],[[127.648447,38.037443],[127.648442,38.037098]],[[127.648442,38.037098],[127.648442,38.037084]],[[127.648442,38.037084],[127.64844,38.036906]],[[127.64844,38.036906],[127.648427,38.036072]],[[127.648427,38.036072],[127.648242,38.03508]],[[127.648242,38.03508],[127.648111,38.034376]],[[127.648111,38.034376],[127.648107,38.03367]],[[127.648107,38.03367],[127.648105,38.0334]],[[127.648105,38.0334],[127.648177,38.033084]],[[127.648177,38.033084],[127.64853,38.031523]],[[127.64853,38.031523],[127.64899,38.030783]],[[127.64899,38.030783],[127.64907,38.030818]],[[127.64907,38.030818],[127.649078,38.030821]],[[127.649078,38.030821],[127.649099,38.03083]],[[127.649099,38.03083],[127.649506,38.030469]],[[127.649506,38.030469],[127.649604,38.030382]],[[127.649604,38.030382],[127.649616,38.030371]],[[127.649616,38.030371],[127.649781,38.030224]],[[127.649781,38.030224],[127.649785,38.030221]],[[127.649785,38.030221],[127.649964,38.02943]],[[127.649964,38.02943],[127.650177,38.028483]],[[127.650177,38.028483],[127.65027,38.027915]],[[127.65027,38.027915],[127.65076,38.027014]],[[127.65076,38.027014],[127.650997,38.02675]],[[127.650997,38.02675],[127.651654,38.026019]],[[127.651654,38.026019],[127.652351,38.025244]],[[127.652351,38.025244],[127.652923,38.024608]],[[127.652923,38.024608],[127.653241,38.024253]],[[127.653241,38.024253],[127.654123,38.023826]],[[127.654123,38.023826],[127.655494,38.02414]],[[127.655494,38.02414],[127.65477,38.0257]],[[127.65477,38.0257],[127.654739,38.025767]],[[127.654739,38.025767],[127.65475,38.025873]],[[127.65475,38.025873],[127.654905,38.027284]],[[127.654905,38.027284],[127.654908,38.027285]],[[127.654908,38.027285],[127.655983,38.027339]],[[127.655983,38.027339],[127.656057,38.027565]],[[127.656057,38.027565],[127.656086,38.027566]],[[127.656086,38.027566],[127.656061,38.027421]],[[127.656061,38.027421],[127.656021,38.027315]],[[127.656021,38.027315],[127.657968,38.027984]],[[127.657968,38.027984],[127.659056,38.028425]],[[127.659056,38.028425],[127.660326,38.028874]],[[127.660326,38.028874],[127.660585,38.029389]],[[127.660585,38.029389],[127.660711,38.029639]],[[127.660711,38.029639],[127.660724,38.029665]],[[127.660724,38.029665],[127.661579,38.029451]],[[127.661579,38.029451],[127.661601,38.029445]],[[127.661601,38.029445],[127.661721,38.029415]],[[127.661721,38.029415],[127.661962,38.029364]],[[127.661962,38.029364],[127.662669,38.029758]],[[127.662669,38.029758],[127.663371,38.029941]],[[127.663371,38.029941],[127.663671,38.029967]],[[127.663671,38.029967],[127.66384,38.029981]],[[127.66384,38.029981],[127.663927,38.030049]],[[127.663927,38.030049],[127.664302,38.030345]],[[127.664302,38.030345],[127.664321,38.030344]],[[127.664321,38.030344],[127.664733,38.03031]],[[127.664733,38.03031],[127.664744,38.03031]],[[127.664744,38.03031],[127.664988,38.03029]],[[127.664988,38.03029],[127.665371,38.030389]],[[127.665371,38.030389],[127.665383,38.030404]],[[127.665383,38.030404],[127.665389,38.03041]],[[127.665389,38.03041],[127.665908,38.030993]],[[127.665908,38.030993],[127.666034,38.031556]],[[127.666034,38.031556],[127.666678,38.031951]],[[127.666678,38.031951],[127.666694,38.031961]],[[127.666694,38.031961],[127.666947,38.032117]],[[127.666947,38.032117],[127.667166,38.032276]],[[127.667166,38.032276],[127.667181,38.032287]],[[127.667181,38.032287],[127.667564,38.032567]],[[127.667564,38.032567],[127.667814,38.032837]],[[127.667814,38.032837],[127.667824,38.032848]],[[127.667824,38.032848],[127.667922,38.032955]],[[127.667922,38.032955],[127.667941,38.032972]],[[127.667941,38.032972],[127.667945,38.032976]],[[127.667945,38.032976],[127.668307,38.033293]],[[127.668307,38.033293],[127.668817,38.033543]],[[127.668817,38.033543],[127.669174,38.033893]],[[127.669174,38.033893],[127.669302,38.033988]],[[127.669302,38.033988],[127.669556,38.034176]],[[127.669556,38.034176],[127.670002,38.034322]],[[127.670002,38.034322],[127.670937,38.034838]],[[127.670937,38.034838],[127.671413,38.034888]],[[127.671413,38.034888],[127.671588,38.034907]],[[127.671588,38.034907],[127.671636,38.034945]],[[127.671636,38.034945],[127.67184,38.035105]],[[127.67184,38.035105],[127.672155,38.035077]],[[127.672155,38.035077],[127.672592,38.035038]],[[127.672592,38.035038],[127.673331,38.035241]],[[127.673331,38.035241],[127.673356,38.035248]],[[127.673356,38.035248],[127.673424,38.035267]],[[127.673424,38.035267],[127.673426,38.035268]],[[127.673426,38.035268],[127.673855,38.035508]],[[127.673855,38.035508],[127.674035,38.035609]],[[127.674035,38.035609],[127.67405,38.03561]],[[127.67405,38.03561],[127.674205,38.035605]],[[127.674205,38.035605],[127.674639,38.035592]],[[127.674639,38.035592],[127.674701,38.03559]],[[127.674701,38.03559],[127.674858,38.035585]],[[127.674858,38.035585],[127.675421,38.035751]],[[127.675421,38.035751],[127.675449,38.03576]],[[127.675449,38.03576],[127.675507,38.035777]],[[127.675507,38.035777],[127.676288,38.035797]],[[127.676288,38.035797],[127.678439,38.035894]],[[127.678439,38.035894],[127.678456,38.035885]],[[127.678456,38.035885],[127.67853,38.035844]],[[127.67853,38.035844],[127.680332,38.034856]],[[127.680332,38.034856],[127.680607,38.034669]],[[127.680607,38.034669],[127.680615,38.034664]],[[127.680615,38.034664],[127.680709,38.034601]],[[127.680709,38.034601],[127.680712,38.0346]],[[127.680712,38.0346],[127.680729,38.034598]],[[127.680729,38.034598],[127.68077,38.034595]],[[127.68077,38.034595],[127.681329,38.034548]],[[127.681329,38.034548],[127.68142,38.034408]],[[127.68142,38.034408],[127.681585,38.034153]],[[127.681585,38.034153],[127.682638,38.034268]],[[127.682638,38.034268],[127.68282,38.034458]],[[127.68282,38.034458],[127.682824,38.034462]],[[127.682824,38.034462],[127.683105,38.034756]],[[127.683105,38.034756],[127.683127,38.03478]],[[127.683127,38.03478],[127.683211,38.034867]],[[127.683211,38.034867],[127.683224,38.034881]],[[127.683224,38.034881],[127.683611,38.034878]],[[127.683611,38.034878],[127.683614,38.034878]],[[127.683614,38.034878],[127.683632,38.034878]],[[127.683632,38.034878],[127.683933,38.034877]],[[127.683933,38.034877],[127.683935,38.034877]],[[127.683935,38.034877],[127.683982,38.034876]],[[127.683982,38.034876],[127.684374,38.034705]],[[127.684374,38.034705],[127.684387,38.0347]],[[127.684387,38.0347],[127.68449,38.034655]],[[127.68449,38.034655],[127.684708,38.03456]],[[127.684708,38.03456],[127.684882,38.03452]],[[127.684882,38.03452],[127.6859,38.034288]],[[127.6859,38.034288],[127.686401,38.034305]],[[127.686401,38.034305],[127.687229,38.034332]],[[127.687229,38.034332],[127.687381,38.034383]],[[127.687381,38.034383],[127.689398,38.035067]],[[127.689398,38.035067],[127.690011,38.035296]],[[127.690011,38.035296],[127.69018,38.035285]],[[127.69018,38.035285],[127.690487,38.035267]],[[127.690487,38.035267],[127.690513,38.035265]],[[127.690513,38.035265],[127.690763,38.03525]],[[127.690763,38.03525],[127.690831,38.03526]],[[127.690831,38.03526],[127.690843,38.035262]],[[127.690843,38.035262],[127.691125,38.035302]],[[127.691125,38.035302],[127.691299,38.035408]],[[127.691299,38.035408],[127.691304,38.03541]],[[127.691304,38.03541],[127.691354,38.035441]],[[127.691354,38.035441],[127.691363,38.035439]],[[127.691363,38.035439],[127.692052,38.035234]],[[127.692052,38.035234],[127.692493,38.035332]],[[127.692493,38.035332],[127.692527,38.03534]],[[127.692527,38.03534],[127.692639,38.035365]],[[127.692639,38.035365],[127.692924,38.035365]],[[127.692924,38.035365],[127.692978,38.035364]],[[127.692978,38.035364],[127.69337,38.035364]],[[127.69337,38.035364],[127.693717,38.035364]],[[127.693717,38.035364],[127.694377,38.035565]],[[127.694377,38.035565],[127.694553,38.035687]],[[127.694553,38.035687],[127.695098,38.036064]],[[127.695098,38.036064],[127.695106,38.036069]],[[127.695106,38.036069],[127.695177,38.036118]],[[127.695177,38.036118],[127.695185,38.036123]],[[127.695185,38.036123],[127.695745,38.036622]],[[127.695745,38.036622],[127.696027,38.036746]],[[127.696027,38.036746],[127.69626,38.036849]],[[127.69626,38.036849],[127.6963,38.036867]],[[127.6963,38.036867],[127.697165,38.037032]],[[127.697165,38.037032],[127.697214,38.037056]],[[127.697214,38.037056],[127.697216,38.037057]],[[127.697216,38.037057],[127.697672,38.037278]],[[127.697672,38.037278],[127.698176,38.037373]],[[127.698176,38.037373],[127.698514,38.037613]],[[127.698514,38.037613],[127.698594,38.037806]],[[127.698594,38.037806],[127.698939,38.037918]],[[127.698939,38.037918],[127.699059,38.037957]],[[127.699059,38.037957],[127.699118,38.037957]],[[127.699118,38.037957],[127.699442,38.037953]],[[127.699442,38.037953],[127.70007,38.038153]],[[127.70007,38.038153],[127.700079,38.038155]],[[127.700079,38.038155],[127.700219,38.0382]],[[127.700219,38.0382],[127.700587,38.038162]],[[127.700587,38.038162],[127.701228,38.037872]],[[127.701228,38.037872],[127.70179,38.037746]],[[127.70179,38.037746],[127.702462,38.037401]],[[127.702462,38.037401],[127.702988,38.037274]],[[127.702988,38.037274],[127.703008,38.037269]],[[127.703008,38.037269],[127.703045,38.03726]],[[127.703045,38.03726],[127.703139,38.037238]],[[127.703139,38.037238],[127.703141,38.037237]],[[127.703141,38.037237],[127.703148,38.037235]],[[127.703148,38.037235],[127.703573,38.036952]],[[127.703573,38.036952],[127.703786,38.036811]],[[127.703786,38.036811],[127.704571,38.036547]],[[127.704571,38.036547],[127.704799,38.036297]],[[127.704799,38.036297],[127.704805,38.03629]],[[127.704805,38.03629],[127.704833,38.036259]],[[127.704833,38.036259],[127.70498,38.036098]],[[127.70498,38.036098],[127.705093,38.03595]],[[127.705093,38.03595],[127.70525,38.035745]],[[127.70525,38.035745],[127.705257,38.035735]],[[127.705257,38.035735],[127.705275,38.035712]],[[127.705275,38.035712],[127.705664,38.035489]],[[127.705664,38.035489],[127.705995,38.035393]],[[127.705995,38.035393],[127.706005,38.035384]],[[127.706005,38.035384],[127.706006,38.035383]],[[127.706006,38.035383],[127.70602,38.03537]],[[127.70602,38.03537],[127.706416,38.034999]],[[127.706416,38.034999],[127.706801,38.03478]],[[127.706801,38.03478],[127.707301,38.034187]],[[127.707301,38.034187],[127.707758,38.033783]],[[127.707758,38.033783],[127.707784,38.033746]],[[127.707784,38.033746],[127.708042,38.033377]],[[127.708042,38.033377],[127.708153,38.033304]],[[127.708153,38.033304],[127.708782,38.032811]],[[127.708782,38.032811],[127.708836,38.032768]],[[127.708836,38.032768],[127.709117,38.032549]],[[127.709117,38.032549],[127.709199,38.032491]],[[127.709199,38.032491],[127.709364,38.032374]],[[127.709364,38.032374],[127.709393,38.032354]],[[127.709393,38.032354],[127.709429,38.032329]],[[127.709429,38.032329],[127.709882,38.031153]],[[127.709882,38.031153],[127.71012,38.030591]],[[127.71012,38.030591],[127.710598,38.030271]],[[127.710598,38.030271],[127.710784,38.029805]],[[127.710784,38.029805],[127.710841,38.029675]],[[127.710841,38.029675],[127.710946,38.029439]],[[127.710946,38.029439],[127.711515,38.02829]],[[127.711515,38.02829],[127.711637,38.027938]],[[127.711637,38.027938],[127.711903,38.027217]],[[127.711903,38.027217],[127.712172,38.026571]],[[127.712172,38.026571],[127.712605,38.025821]],[[127.712605,38.025821],[127.712791,38.025497]],[[127.712791,38.025497],[127.713017,38.025103]],[[127.713017,38.025103],[127.713376,38.024279]],[[127.713376,38.024279],[127.713528,38.023932]],[[127.713528,38.023932],[127.714122,38.024066]],[[127.714122,38.024066],[127.714394,38.024127]],[[127.714394,38.024127],[127.715501,38.024021]],[[127.715501,38.024021],[127.715655,38.02426]],[[127.715655,38.02426],[127.715921,38.02467]],[[127.715921,38.02467],[127.715928,38.024682]],[[127.715928,38.024682],[127.716531,38.02483]],[[127.716531,38.02483],[127.716581,38.024803]],[[127.716581,38.024803],[127.716624,38.024779]],[[127.716624,38.024779],[127.71705,38.024546]],[[127.71705,38.024546],[127.718131,38.024723]],[[127.718131,38.024723],[127.71855,38.024643]],[[127.71855,38.024643],[127.718626,38.024629]],[[127.718626,38.024629],[127.718925,38.024572]],[[127.718925,38.024572],[127.719664,38.024758]],[[127.719664,38.024758],[127.720191,38.024687]],[[127.720191,38.024687],[127.72073,38.024613]],[[127.72073,38.024613],[127.720871,38.024639]],[[127.720871,38.024639],[127.721427,38.024742]],[[127.721427,38.024742],[127.721756,38.024803]],[[127.721756,38.024803],[127.7222,38.024799]],[[127.7222,38.024799],[127.722512,38.024796]],[[127.722512,38.024796],[127.723259,38.024675]],[[127.723259,38.024675],[127.723353,38.024725]],[[127.723353,38.024725],[127.723771,38.024944]],[[127.723771,38.024944],[127.723851,38.024986]],[[127.723851,38.024986],[127.724047,38.024959]],[[127.724047,38.024959],[127.724338,38.024919]],[[127.724338,38.024919],[127.724517,38.024895]],[[127.724517,38.024895],[127.724765,38.024952]],[[127.724765,38.024952],[127.724798,38.02496]],[[127.724798,38.02496],[127.725389,38.025096]],[[127.725389,38.025096],[127.725387,38.02511]],[[127.725387,38.02511],[127.725381,38.025139]],[[127.725381,38.025139],[127.7253,38.02558]],[[127.7253,38.02558],[127.72552,38.026033]],[[127.72552,38.026033],[127.725573,38.026056]],[[127.725573,38.026056],[127.726156,38.026319]],[[127.726156,38.026319],[127.72616,38.026321]],[[127.72616,38.026321],[127.726177,38.026419]],[[127.726177,38.026419],[127.726267,38.026956]],[[127.726267,38.026956],[127.726278,38.027018]],[[127.726278,38.027018],[127.726419,38.027106]],[[127.726419,38.027106],[127.726945,38.027434]],[[127.726945,38.027434],[127.727052,38.0275]],[[127.727052,38.0275],[127.727079,38.027661]],[[127.727079,38.027661],[127.727178,38.028253]],[[127.727178,38.028253],[127.727726,38.02868]],[[127.727726,38.02868],[127.728179,38.029032]],[[127.728179,38.029032],[127.728383,38.029192]],[[127.728383,38.029192],[127.728506,38.029287]],[[127.728506,38.029287],[127.72867,38.029814]],[[127.72867,38.029814],[127.728673,38.029825]],[[127.728673,38.029825],[127.72874,38.030302]],[[127.72874,38.030302],[127.728738,38.030308]],[[127.728738,38.030308],[127.728533,38.031126]],[[127.728533,38.031126],[127.728708,38.031359]],[[127.728708,38.031359],[127.728839,38.031533]],[[127.728839,38.031533],[127.729125,38.031912]],[[127.729125,38.031912],[127.729129,38.031917]],[[127.729129,38.031917],[127.729107,38.031974]],[[127.729107,38.031974],[127.729025,38.032194]],[[127.729025,38.032194],[127.728922,38.032467]],[[127.728922,38.032467],[127.729246,38.032806]],[[127.729246,38.032806],[127.729822,38.032919]],[[127.729822,38.032919],[127.731179,38.033118]],[[127.731179,38.033118],[127.731478,38.033085]],[[127.731478,38.033085],[127.732086,38.033019]],[[127.732086,38.033019],[127.73219,38.03346]],[[127.73219,38.03346],[127.732297,38.033917]],[[127.732297,38.033917],[127.732542,38.034709]],[[127.732542,38.034709],[127.732932,38.035344]],[[127.732932,38.035344],[127.732765,38.035631]],[[127.732765,38.035631],[127.732757,38.035644]],[[127.732757,38.035644],[127.733482,38.035769]],[[127.733482,38.035769],[127.733748,38.035814]],[[127.733748,38.035814],[127.733914,38.036037]],[[127.733914,38.036037],[127.733943,38.036076]],[[127.733943,38.036076],[127.734152,38.036354]],[[127.734152,38.036354],[127.734994,38.036775]],[[127.734994,38.036775],[127.7353,38.037157]],[[127.7353,38.037157],[127.735315,38.037175]],[[127.735315,38.037175],[127.73534,38.037176]],[[127.73534,38.037176],[127.7362,38.037198]],[[127.7362,38.037198],[127.736889,38.037804]],[[127.736889,38.037804],[127.737614,38.037876]],[[127.737614,38.037876],[127.738025,38.038297]],[[127.738025,38.038297],[127.738687,38.038227]],[[127.738687,38.038227],[127.739647,38.037928]],[[127.739647,38.037928],[127.740199,38.038079]],[[127.740199,38.038079],[127.740891,38.037936]],[[127.740891,38.037936],[127.741198,38.037912]],[[127.741198,38.037912],[127.741691,38.037878]],[[127.741691,38.037878],[127.74233,38.038108]],[[127.74233,38.038108],[127.743266,38.037923]],[[127.743266,38.037923],[127.743908,38.037669]],[[127.743908,38.037669],[127.744733,38.037697]],[[127.744733,38.037697],[127.74528,38.038016]],[[127.74528,38.038016],[127.745349,38.03812]],[[127.745349,38.03812],[127.745427,38.038236]],[[127.745427,38.038236],[127.74561,38.038509]],[[127.74561,38.038509],[127.745624,38.039104]],[[127.745624,38.039104],[127.746352,38.039354]],[[127.746352,38.039354],[127.746739,38.039548]],[[127.746739,38.039548],[127.747248,38.039458]],[[127.747248,38.039458],[127.747239,38.038975]],[[127.747239,38.038975],[127.747627,38.03855]],[[127.747627,38.03855],[127.747583,38.03825]],[[127.747583,38.03825],[127.747561,38.038097]],[[127.747561,38.038097],[127.747634,38.038063]],[[127.747634,38.038063],[127.748037,38.037878]],[[127.748037,38.037878],[127.748206,38.037444]],[[127.748206,38.037444],[127.748238,38.037363]],[[127.748238,38.037363],[127.748416,38.037304]],[[127.748416,38.037304],[127.748527,38.037267]],[[127.748527,38.037267],[127.748936,38.036938]],[[127.748936,38.036938],[127.74889,38.036603]],[[127.74889,38.036603],[127.749383,38.036385]],[[127.749383,38.036385],[127.749858,38.036093]],[[127.749858,38.036093],[127.749984,38.035868]],[[127.749984,38.035868],[127.750222,38.035444]],[[127.750222,38.035444],[127.750871,38.035586]],[[127.750871,38.035586],[127.751423,38.035216]],[[127.751423,38.035216],[127.752098,38.035037]],[[127.752098,38.035037],[127.752857,38.035107]],[[127.752857,38.035107],[127.753674,38.034749]],[[127.753674,38.034749],[127.754305,38.034909]],[[127.754305,38.034909],[127.754914,38.034667]],[[127.754914,38.034667],[127.755378,38.03479]],[[127.755378,38.03479],[127.755847,38.034735]],[[127.755847,38.034735],[127.756265,38.034614]],[[127.756265,38.034614],[127.756801,38.034544]],[[127.756801,38.034544],[127.7574,38.03474]],[[127.7574,38.03474],[127.757719,38.03458]],[[127.757719,38.03458],[127.758295,38.034753]],[[127.758295,38.034753],[127.758419,38.03442]],[[127.758419,38.03442],[127.758452,38.034332]],[[127.758452,38.034332],[127.759006,38.03424]],[[127.759006,38.03424],[127.759162,38.03358]],[[127.759162,38.03358],[127.759112,38.032943]],[[127.759112,38.032943],[127.759605,38.032531]],[[127.759605,38.032531],[127.759632,38.03186]],[[127.759632,38.03186],[127.76048,38.030981]],[[127.76048,38.030981],[127.760915,38.030581]],[[127.760915,38.030581],[127.76092,38.03039]],[[127.76092,38.03039],[127.760934,38.029851]],[[127.760934,38.029851],[127.761957,38.029803]],[[127.761957,38.029803],[127.761984,38.029787]],[[127.761984,38.029787],[127.762456,38.029517]],[[127.762456,38.029517],[127.762891,38.029595]],[[127.762891,38.029595],[127.762981,38.029611]],[[127.762981,38.029611],[127.763577,38.029472]],[[127.763577,38.029472],[127.764278,38.029175]],[[127.764278,38.029175],[127.764517,38.028785]],[[127.764517,38.028785],[127.765009,38.028856]],[[127.765009,38.028856],[127.765335,38.0287]],[[127.765335,38.0287],[127.766056,38.028865]],[[127.766056,38.028865],[127.766494,38.028674]],[[127.766494,38.028674],[127.767426,38.028652]],[[127.767426,38.028652],[127.767879,38.028316]],[[127.767879,38.028316],[127.767996,38.028229]],[[127.767996,38.028229],[127.768492,38.02812]],[[127.768492,38.02812],[127.768804,38.028052]],[[127.768804,38.028052],[127.769582,38.028237]],[[127.769582,38.028237],[127.769996,38.027851]],[[127.769996,38.027851],[127.770322,38.027465]],[[127.770322,38.027465],[127.770283,38.027076]],[[127.770283,38.027076],[127.770427,38.026685]],[[127.770427,38.026685],[127.7705,38.026636]],[[127.7705,38.026636],[127.770976,38.026321]],[[127.770976,38.026321],[127.770925,38.025555]],[[127.770925,38.025555],[127.771193,38.024796]],[[127.771193,38.024796],[127.77178,38.024607]],[[127.77178,38.024607],[127.771847,38.023943]],[[127.771847,38.023943],[127.772395,38.023284]],[[127.772395,38.023284],[127.77293,38.022786]],[[127.77293,38.022786],[127.773008,38.022291]],[[127.773008,38.022291],[127.773045,38.022058]],[[127.773045,38.022058],[127.773686,38.021773]],[[127.773686,38.021773],[127.773862,38.021246]],[[127.773862,38.021246],[127.773958,38.020642]],[[127.773958,38.020642],[127.77433,38.020351]],[[127.77433,38.020351],[127.774365,38.020325]],[[127.774365,38.020325],[127.774437,38.019832]],[[127.774437,38.019832],[127.774458,38.019507]],[[127.774458,38.019507],[127.774474,38.019263]],[[127.774474,38.019263],[127.774405,38.018922]],[[127.774405,38.018922],[127.775033,38.01864]],[[127.775033,38.01864],[127.775168,38.01858]],[[127.775168,38.01858],[127.775163,38.018118]],[[127.775163,38.018118],[127.775159,38.017708]],[[127.775159,38.017708],[127.77474,38.017333]],[[127.77474,38.017333],[127.7747,38.016598]],[[127.7747,38.016598],[127.774206,38.015966]],[[127.774206,38.015966],[127.77361,38.015634]],[[127.77361,38.015634],[127.773452,38.015241]],[[127.773452,38.015241],[127.773344,38.014974]],[[127.773344,38.014974],[127.773371,38.014312]],[[127.773371,38.014312],[127.773404,38.014257]],[[127.773404,38.014257],[127.773634,38.013878]],[[127.773634,38.013878],[127.77382,38.013572]],[[127.77382,38.013572],[127.773834,38.013576]],[[127.602445,37.954999],[127.600784,37.955968]],[[127.600784,37.955968],[127.600754,37.956014]],[[127.600754,37.956014],[127.600582,37.956281]],[[127.600582,37.956281],[127.600418,37.956537]],[[127.600418,37.956537],[127.597366,37.957021]],[[127.597366,37.957021],[127.59637,37.957109]],[[127.59637,37.957109],[127.594785,37.957226]],[[127.594785,37.957226],[127.593444,37.957536]],[[127.593444,37.957536],[127.592382,37.958025]],[[127.592382,37.958025],[127.592258,37.958082]],[[127.592258,37.958082],[127.591806,37.958418]],[[127.591806,37.958418],[127.591321,37.958777]],[[127.591321,37.958777],[127.591226,37.958848]],[[127.591226,37.958848],[127.591214,37.958859]],[[127.591214,37.958859],[127.590434,37.95958]],[[127.590434,37.95958],[127.590269,37.959732]],[[127.590269,37.959732],[127.589814,37.959858]],[[127.589814,37.959858],[127.588534,37.960214]],[[127.588534,37.960214],[127.588442,37.960239]],[[127.588442,37.960239],[127.58826,37.960325]],[[127.58826,37.960325],[127.588057,37.960422]],[[127.588057,37.960422],[127.585741,37.961522]],[[127.585741,37.961522],[127.584723,37.961752]],[[127.584723,37.961752],[127.583029,37.961499]],[[127.583029,37.961499],[127.581695,37.961655]],[[127.581695,37.961655],[127.580053,37.961298]],[[127.580053,37.961298],[127.579342,37.961143]],[[127.579342,37.961143],[127.577868,37.961401]],[[127.577868,37.961401],[127.576575,37.962582]],[[127.576575,37.962582],[127.576534,37.962982]],[[127.576534,37.962982],[127.57545,37.963248]],[[127.57545,37.963248],[127.575449,37.963249]],[[127.575449,37.963249],[127.575126,37.963347]],[[127.575126,37.963347],[127.57443,37.963699]],[[127.57443,37.963699],[127.572123,37.963923]],[[127.572123,37.963923],[127.571893,37.963945]],[[127.571893,37.963945],[127.571331,37.964]],[[127.571331,37.964],[127.568108,37.963667]],[[127.568108,37.963667],[127.567615,37.963568]],[[127.567615,37.963568],[127.566813,37.963407]],[[127.566813,37.963407],[127.565392,37.963273]],[[127.565392,37.963273],[127.564979,37.963234]],[[127.564979,37.963234],[127.564867,37.963223]],[[127.564867,37.963223],[127.563896,37.963076]],[[127.563896,37.963076],[127.561891,37.96277]],[[127.561891,37.96277],[127.561127,37.962812]],[[127.561127,37.962812],[127.55984,37.962883]],[[127.55984,37.962883],[127.558718,37.963084]],[[127.558718,37.963084],[127.558385,37.963145]],[[127.558385,37.963145],[127.557017,37.963904]],[[127.557017,37.963904],[127.556883,37.963978]],[[127.556883,37.963978],[127.556583,37.964312]],[[127.556583,37.964312],[127.556319,37.964606]],[[127.556319,37.964606],[127.555573,37.96482]],[[127.555573,37.96482],[127.555546,37.964828]],[[127.555546,37.964828],[127.553368,37.965453]],[[127.553368,37.965453],[127.550824,37.966073]],[[127.550824,37.966073],[127.550663,37.966112]],[[127.550663,37.966112],[127.550223,37.966158]],[[127.550223,37.966158],[127.549073,37.966279]],[[127.549073,37.966279],[127.548396,37.966351]],[[127.548396,37.966351],[127.547705,37.966424]],[[127.547705,37.966424],[127.547376,37.966458]],[[127.547376,37.966458],[127.546238,37.967132]],[[127.546238,37.967132],[127.545447,37.967601]],[[127.545447,37.967601],[127.545225,37.967732]],[[127.545225,37.967732],[127.54468,37.968719]],[[127.54468,37.968719],[127.544647,37.968778]],[[127.544647,37.968778],[127.544309,37.969389]],[[127.544309,37.969389],[127.544301,37.969892]],[[127.544301,37.969892],[127.544255,37.972665]],[[127.544255,37.972665],[127.544245,37.974111]],[[127.544245,37.974111],[127.544662,37.975704]],[[127.544662,37.975704],[127.545069,37.975867]],[[127.545069,37.975867],[127.546068,37.976266]],[[127.546068,37.976266],[127.546165,37.976305]],[[127.546165,37.976305],[127.546208,37.97639]],[[127.546208,37.97639],[127.546826,37.97761]],[[127.546826,37.97761],[127.547166,37.978281]],[[127.547166,37.978281],[127.547109,37.978557]],[[127.547109,37.978557],[127.546837,37.979887]],[[127.546837,37.979887],[127.546647,37.980466]],[[127.546647,37.980466],[127.545882,37.981577]],[[127.545882,37.981577],[127.545988,37.982674]],[[127.545988,37.982674],[127.546108,37.983908]],[[127.546108,37.983908],[127.545976,37.984147]],[[127.545976,37.984147],[127.545387,37.985211]],[[127.545387,37.985211],[127.544616,37.986098]],[[127.544616,37.986098],[127.544421,37.986764]],[[127.544421,37.986764],[127.544304,37.987163]],[[127.544304,37.987163],[127.544183,37.987577]],[[127.544183,37.987577],[127.543849,37.988721]],[[127.543849,37.988721],[127.543692,37.990595]],[[127.543692,37.990595],[127.543643,37.991183]],[[127.543643,37.991183],[127.543444,37.991711]],[[127.543444,37.991711],[127.543284,37.992139]],[[127.543284,37.992139],[127.54251,37.994202]],[[127.54251,37.994202],[127.542475,37.994295]],[[127.542475,37.994295],[127.541554,37.996477]],[[127.541554,37.996477],[127.541246,37.997189]],[[127.541246,37.997189],[127.540515,37.999658]],[[127.540515,37.999658],[127.540438,37.999916]],[[127.540438,37.999916],[127.540337,37.999894]],[[127.540337,37.999894],[127.540219,37.999868]],[[127.540219,37.999868],[127.539984,38.000348]],[[127.539984,38.000348],[127.539877,38.000568]],[[127.539877,38.000568],[127.539933,38.000644]],[[127.539933,38.000644],[127.540315,38.001162]],[[127.540315,38.001162],[127.540376,38.002]],[[127.540376,38.002],[127.540671,38.002349]],[[127.540671,38.002349],[127.540705,38.002949]],[[127.540705,38.002949],[127.541072,38.004]],[[127.541072,38.004],[127.541182,38.005112]],[[127.541182,38.005112],[127.541327,38.005692]],[[127.541327,38.005692],[127.541435,38.006128]],[[127.541435,38.006128],[127.541742,38.007359]],[[127.541742,38.007359],[127.541941,38.007868]],[[127.541941,38.007868],[127.54208,38.008224]],[[127.54208,38.008224],[127.54224,38.008693]],[[127.54224,38.008693],[127.542439,38.009204]],[[127.542439,38.009204],[127.542903,38.010148]],[[127.542903,38.010148],[127.54291,38.010162]],[[127.54291,38.010162],[127.543099,38.010857]],[[127.543099,38.010857],[127.543204,38.011044]],[[127.543204,38.011044],[127.543383,38.011362]],[[127.543383,38.011362],[127.543558,38.011671]],[[127.543558,38.011671],[127.543505,38.012894]],[[127.543505,38.012894],[127.543477,38.013539]],[[127.543477,38.013539],[127.543802,38.014755]],[[127.543802,38.014755],[127.543896,38.015811]],[[127.543896,38.015811],[127.543904,38.015901]],[[127.543904,38.015901],[127.544207,38.016255]],[[127.544207,38.016255],[127.544328,38.016866]],[[127.544328,38.016866],[127.544349,38.0173]],[[127.544349,38.0173],[127.544358,38.017506]],[[127.544358,38.017506],[127.544362,38.017585]],[[127.544362,38.017585],[127.544782,38.018421]],[[127.544782,38.018421],[127.544864,38.018584]],[[127.544864,38.018584],[127.544801,38.019155]],[[127.544801,38.019155],[127.544792,38.019241]],[[127.544792,38.019241],[127.544761,38.019527]],[[127.544761,38.019527],[127.545616,38.01962]],[[127.545616,38.01962],[127.546384,38.019672]],[[127.546384,38.019672],[127.546977,38.019911]],[[127.546977,38.019911],[127.547437,38.020096]],[[127.547437,38.020096],[127.548432,38.020191]],[[127.548432,38.020191],[127.549238,38.020113]],[[127.549238,38.020113],[127.550705,38.019775]],[[127.550705,38.019775],[127.552934,38.0198]],[[127.552934,38.0198],[127.55379,38.019983]],[[127.55379,38.019983],[127.555176,38.020579]],[[127.555176,38.020579],[127.556361,38.020814]],[[127.556361,38.020814],[127.557376,38.020772]],[[127.557376,38.020772],[127.558827,38.020755]],[[127.558827,38.020755],[127.559992,38.020771]],[[127.559992,38.020771],[127.560969,38.021022]],[[127.560969,38.021022],[127.561009,38.021032]],[[127.561009,38.021032],[127.561761,38.021393]],[[127.561761,38.021393],[127.562234,38.021491]],[[127.562234,38.021491],[127.562619,38.02157]],[[127.562619,38.02157],[127.563855,38.021991]],[[127.563855,38.021991],[127.563879,38.022034]],[[127.563879,38.022034],[127.564183,38.022567]],[[127.564183,38.022567],[127.564378,38.02291]],[[127.564378,38.02291],[127.564618,38.023525]],[[127.564618,38.023525],[127.564981,38.024177]],[[127.564981,38.024177],[127.564365,38.025181]],[[127.564365,38.025181],[127.56433,38.025462]],[[127.56433,38.025462],[127.564274,38.02591]],[[127.564274,38.02591],[127.564395,38.026312]],[[127.564395,38.026312],[127.564592,38.02656]],[[127.564592,38.02656],[127.565173,38.027293]],[[127.565173,38.027293],[127.565282,38.028438]],[[127.565282,38.028438],[127.565385,38.029717]],[[127.565385,38.029717],[127.565641,38.02992]],[[127.565641,38.02992],[127.565668,38.029941]],[[127.565668,38.029941],[127.566021,38.03022]],[[127.566021,38.03022],[127.566057,38.030251]],[[127.566057,38.030251],[127.56612,38.030304]],[[127.56612,38.030304],[127.566357,38.030505]],[[127.566357,38.030505],[127.56667,38.030771]],[[127.56667,38.030771],[127.566949,38.031921]],[[127.566949,38.031921],[127.567793,38.032305]],[[127.567793,38.032305],[127.56994,38.032878]],[[127.56994,38.032878],[127.570127,38.033156]],[[127.570127,38.033156],[127.570438,38.033616]],[[127.570438,38.033616],[127.570636,38.033942]],[[127.570636,38.033942],[127.572306,38.034718]],[[127.572306,38.034718],[127.572891,38.034984]],[[127.572891,38.034984],[127.574062,38.035515]],[[127.574062,38.035515],[127.574769,38.03651]],[[127.574769,38.03651],[127.575602,38.037069]],[[127.575602,38.037069],[127.57576,38.037407]],[[127.57576,38.037407],[127.575892,38.037691]],[[127.575892,38.037691],[127.575945,38.0378]],[[127.575945,38.0378],[127.576015,38.037945]],[[127.576015,38.037945],[127.576032,38.037979]],[[127.576032,38.037979],[127.576356,38.038286]],[[127.576356,38.038286],[127.576652,38.038566]],[[127.576652,38.038566],[127.576654,38.038568]],[[127.576654,38.038568],[127.577208,38.039092]],[[127.577208,38.039092],[127.578439,38.039671]],[[127.578439,38.039671],[127.578643,38.039767]],[[127.578643,38.039767],[127.578642,38.039812]],[[127.578642,38.039812],[127.578633,38.040132]],[[127.578633,38.040132],[127.57862,38.040621]],[[127.57862,38.040621],[127.578484,38.040912]],[[127.578484,38.040912],[127.578482,38.040918]],[[127.578482,38.040918],[127.578319,38.041741]],[[127.578319,38.041741],[127.577813,38.04286]],[[127.577813,38.04286],[127.577802,38.042884]],[[127.577802,38.042884],[127.576406,38.044293]],[[127.576406,38.044293],[127.57631,38.044365]],[[127.57631,38.044365],[127.576083,38.044535]],[[127.576083,38.044535],[127.575894,38.044695]],[[127.575894,38.044695],[127.575605,38.045288]],[[127.575605,38.045288],[127.575535,38.045431]],[[127.575535,38.045431],[127.575353,38.045617]],[[127.575353,38.045617],[127.574854,38.04613]],[[127.574854,38.04613],[127.573976,38.047116]],[[127.573976,38.047116],[127.573999,38.04736]],[[127.573999,38.04736],[127.574001,38.047388]],[[127.574001,38.047388],[127.574017,38.047557]],[[127.574017,38.047557],[127.574155,38.048223]],[[127.574155,38.048223],[127.574234,38.048605]],[[127.574234,38.048605],[127.57433,38.049543]],[[127.57433,38.049543],[127.574332,38.049559]],[[127.574332,38.049559],[127.574263,38.049974]],[[127.574263,38.049974],[127.574107,38.050911]],[[127.574107,38.050911],[127.574306,38.051089]],[[127.574306,38.051089],[127.574755,38.05149]],[[127.574755,38.05149],[127.574796,38.05153]],[[127.574796,38.05153],[127.575022,38.051757]],[[127.575022,38.051757],[127.575063,38.051798]],[[127.575063,38.051798],[127.575187,38.052015]],[[127.575187,38.052015],[127.575248,38.052121]],[[127.575248,38.052121],[127.575417,38.052416]],[[127.575417,38.052416],[127.576027,38.052667]],[[127.576027,38.052667],[127.576146,38.052717]],[[127.576146,38.052717],[127.576467,38.052816]],[[127.576467,38.052816],[127.576534,38.052836]],[[127.576534,38.052836],[127.577095,38.053009]],[[127.577095,38.053009],[127.577949,38.05337]],[[127.577949,38.05337],[127.578025,38.053409]],[[127.578025,38.053409],[127.578222,38.053511]],[[127.578222,38.053511],[127.578628,38.053723]],[[127.578628,38.053723],[127.57876,38.053843]],[[127.57876,38.053843],[127.578901,38.053951]],[[127.578901,38.053951],[127.579168,38.054154]],[[127.579168,38.054154],[127.579577,38.054709]],[[127.579577,38.054709],[127.579577,38.05474]],[[127.579577,38.05474],[127.579573,38.055251]],[[127.579573,38.055251],[127.579569,38.055768]],[[127.579569,38.055768],[127.578945,38.056348]],[[127.578945,38.056348],[127.578841,38.056485]],[[127.578841,38.056485],[127.578616,38.056783]],[[127.578616,38.056783],[127.578614,38.056783]],[[127.578614,38.056783],[127.57792,38.056885]],[[127.57792,38.056885],[127.577692,38.056918]],[[127.577692,38.056918],[127.577686,38.056919]],[[127.577686,38.056919],[127.5773,38.057265]],[[127.5773,38.057265],[127.577136,38.057428]],[[127.577136,38.057428],[127.576905,38.057659]],[[127.576905,38.057659],[127.576969,38.05825]],[[127.576969,38.05825],[127.577019,38.058377]],[[127.577019,38.058377],[127.577128,38.058653]],[[127.577128,38.058653],[127.577303,38.059094]],[[127.577303,38.059094],[127.577145,38.059516]],[[127.577145,38.059516],[127.577257,38.060098]],[[127.577257,38.060098],[127.577273,38.060182]],[[127.577273,38.060182],[127.577274,38.060185]],[[127.577274,38.060185],[127.577078,38.06074]],[[127.577078,38.06074],[127.576931,38.06157]],[[127.576931,38.06157],[127.576537,38.061994]],[[127.576537,38.061994],[127.576221,38.062267]],[[127.576221,38.062267],[127.576077,38.062385]],[[127.576077,38.062385],[127.575724,38.062675]],[[127.575724,38.062675],[127.575673,38.062717]],[[127.575673,38.062717],[127.575207,38.063098]],[[127.575207,38.063098],[127.574735,38.063486]],[[127.574735,38.063486],[127.574089,38.064018]],[[127.574089,38.064018],[127.57339,38.064462]],[[127.57339,38.064462],[127.573288,38.064527]],[[127.573288,38.064527],[127.573275,38.064534]],[[127.573275,38.064534],[127.572492,38.064932]],[[127.572492,38.064932],[127.572247,38.06509]],[[127.572247,38.06509],[127.571272,38.06572]],[[127.571272,38.06572],[127.56976,38.066682]],[[127.56976,38.066682],[127.569735,38.066698]],[[127.569735,38.066698],[127.56971,38.066699]],[[127.56971,38.066699],[127.568072,38.066762]],[[127.568072,38.066762],[127.567172,38.066477]],[[127.567172,38.066477],[127.566596,38.066442]],[[127.566596,38.066442],[127.566415,38.066682]],[[127.566415,38.066682],[127.56618,38.066995]],[[127.56618,38.066995],[127.566085,38.067122]],[[127.566085,38.067122],[127.565654,38.067712]],[[127.565654,38.067712],[127.565525,38.06813]],[[127.565525,38.06813],[127.565455,38.06836]],[[127.565455,38.06836],[127.565422,38.068742]],[[127.565422,38.068742],[127.56537,38.069349]],[[127.56537,38.069349],[127.565363,38.069427]],[[127.565363,38.069427],[127.565191,38.069702]],[[127.565191,38.069702],[127.565049,38.069928]],[[127.565049,38.069928],[127.564856,38.070391]],[[127.564856,38.070391],[127.564614,38.07076]],[[127.564614,38.07076],[127.564381,38.071096]],[[127.564381,38.071096],[127.564172,38.071681]],[[127.564172,38.071681],[127.56423,38.072474]],[[127.56423,38.072474],[127.564235,38.072549]],[[127.564235,38.072549],[127.564272,38.072724]],[[127.564272,38.072724],[127.564428,38.073471]],[[127.564428,38.073471],[127.564533,38.07404]],[[127.564533,38.07404],[127.564336,38.074875]],[[127.564336,38.074875],[127.564267,38.075165]],[[127.564267,38.075165],[127.564448,38.075427]],[[127.564448,38.075427],[127.564709,38.075805]],[[127.564709,38.075805],[127.564956,38.076249]],[[127.564956,38.076249],[127.565008,38.076342]],[[127.565008,38.076342],[127.565044,38.076407]],[[127.565044,38.076407],[127.565121,38.076547]],[[127.565121,38.076547],[127.565143,38.076578]],[[127.565143,38.076578],[127.565269,38.076755]],[[127.565269,38.076755],[127.565497,38.077075]],[[127.565497,38.077075],[127.566292,38.078025]],[[127.566292,38.078025],[127.566329,38.07807]],[[127.566329,38.07807],[127.566361,38.078108]],[[127.566361,38.078108],[127.566336,38.078785]],[[127.566336,38.078785],[127.566697,38.079289]],[[127.566697,38.079289],[127.566521,38.080007]],[[127.566521,38.080007],[127.566202,38.080531]],[[127.566202,38.080531],[127.565632,38.081471]],[[127.565632,38.081471],[127.565478,38.081724]],[[127.565478,38.081724],[127.565349,38.082273]],[[127.565349,38.082273],[127.56552,38.082809]],[[127.56552,38.082809],[127.565525,38.082823]],[[127.565525,38.082823],[127.565586,38.083013]],[[127.565586,38.083013],[127.565939,38.083585]],[[127.565939,38.083585],[127.566091,38.08383]],[[127.566091,38.08383],[127.566107,38.083857]],[[127.566107,38.083857],[127.566109,38.083859]],[[127.566109,38.083859],[127.566948,38.083986]],[[127.566948,38.083986],[127.568631,38.084239]],[[127.568631,38.084239],[127.570751,38.08442]],[[127.570751,38.08442],[127.570855,38.084473]],[[127.570855,38.084473],[127.571574,38.084839]],[[127.571574,38.084839],[127.572584,38.084937]],[[127.572584,38.084937],[127.573495,38.085025]],[[127.573495,38.085025],[127.573986,38.084973]],[[127.573986,38.084973],[127.575582,38.084806]],[[127.575582,38.084806],[127.576167,38.084444]],[[127.576167,38.084444],[127.576341,38.084336]],[[127.576341,38.084336],[127.576395,38.084317]],[[127.576395,38.084317],[127.578573,38.083454]],[[127.578573,38.083454],[127.580813,38.082417]],[[127.580813,38.082417],[127.581149,38.082328]],[[127.581149,38.082328],[127.582512,38.081969]],[[127.582512,38.081969],[127.582551,38.081959]],[[127.582551,38.081959],[127.583102,38.081192]],[[127.583102,38.081192],[127.583179,38.081086]],[[127.583179,38.081086],[127.584729,38.080879]],[[127.584729,38.080879],[127.584743,38.080877]],[[127.584743,38.080877],[127.585086,38.080623]],[[127.858366,38.050427],[127.859133,38.049978]],[[127.859133,38.049978],[127.860783,38.049981]],[[127.860783,38.049981],[127.862563,38.050153]],[[127.862563,38.050153],[127.86272,38.050165]],[[127.86272,38.050165],[127.864289,38.05028]],[[127.864289,38.05028],[127.865644,38.050259]],[[127.865644,38.050259],[127.866766,38.050249]],[[127.866766,38.050249],[127.867246,38.050245]],[[127.867246,38.050245],[127.867402,38.050126]],[[127.867402,38.050126],[127.867733,38.049872]],[[127.867733,38.049872],[127.868023,38.049649]],[[127.868023,38.049649],[127.868599,38.049571]],[[127.868599,38.049571],[127.869235,38.049341]],[[127.869235,38.049341],[127.869651,38.04919]],[[127.869651,38.04919],[127.870275,38.049238]],[[127.870275,38.049238],[127.870584,38.049262]],[[127.870584,38.049262],[127.871692,38.048744]],[[127.871692,38.048744],[127.871741,38.048721]],[[127.871741,38.048721],[127.871932,38.048631]],[[127.871932,38.048631],[127.871977,38.04861]],[[127.871977,38.04861],[127.872331,38.048446]],[[127.872331,38.048446],[127.872744,38.048804]],[[127.872744,38.048804],[127.872763,38.04882]],[[127.872763,38.04882],[127.874341,38.04913]],[[127.874341,38.04913],[127.874588,38.049177]],[[127.874588,38.049177],[127.874649,38.049189]],[[127.874649,38.049189],[127.87484,38.049225]],[[127.87484,38.049225],[127.87544,38.04891]],[[127.87544,38.04891],[127.876255,38.048482]],[[127.876255,38.048482],[127.876692,38.048272]],[[127.876692,38.048272],[127.877156,38.048049]],[[127.877156,38.048049],[127.878004,38.047641]],[[127.878004,38.047641],[127.878997,38.047344]],[[127.878997,38.047344],[127.88021,38.047639]],[[127.88021,38.047639],[127.881339,38.04782]],[[127.881339,38.04782],[127.882451,38.047999]],[[127.882451,38.047999],[127.882557,38.048015]],[[127.882557,38.048015],[127.88266,38.048032]],[[127.88266,38.048032],[127.88314,38.048262]],[[127.88314,38.048262],[127.884682,38.049014]],[[127.884682,38.049014],[127.886375,38.049447]],[[127.886375,38.049447],[127.887275,38.04979]],[[127.887275,38.04979],[127.888187,38.050137]],[[127.888187,38.050137],[127.888274,38.050171]],[[127.888274,38.050171],[127.888572,38.050164]],[[127.888572,38.050164],[127.889894,38.050136]],[[127.889894,38.050136],[127.890394,38.050125]],[[127.890394,38.050125],[127.894778,38.051041]],[[127.894778,38.051041],[127.895034,38.051094]],[[127.895034,38.051094],[127.89524,38.051077]],[[127.89524,38.051077],[127.897789,38.050864]],[[127.897789,38.050864],[127.899465,38.049924]],[[127.899465,38.049924],[127.901185,38.050399]],[[127.901185,38.050399],[127.902669,38.050651]],[[127.902669,38.050651],[127.902672,38.050597]],[[127.902672,38.050597],[127.902766,38.04895]],[[127.902766,38.04895],[127.903897,38.046471]],[[127.903897,38.046471],[127.903956,38.046341]],[[127.903956,38.046341],[127.904037,38.046165]],[[127.904037,38.046165],[127.903643,38.044374]],[[127.903643,38.044374],[127.903649,38.044036]],[[127.903649,38.044036],[127.903659,38.043415]],[[127.903659,38.043415],[127.903663,38.043306]],[[127.903663,38.043306],[127.903713,38.041854]],[[127.903713,38.041854],[127.903427,38.041524]],[[127.903427,38.041524],[127.902632,38.040609]],[[127.902632,38.040609],[127.902016,38.038705]],[[127.902016,38.038705],[127.901861,38.038225]],[[127.901861,38.038225],[127.901866,38.038222]],[[127.901866,38.038222],[127.90241,38.037862]],[[127.90241,38.037862],[127.902754,38.037634]],[[127.902754,38.037634],[127.902754,38.037631]],[[127.902754,38.037631],[127.90288,38.036696]],[[127.90288,38.036696],[127.902858,38.036437]],[[127.902858,38.036437],[127.902833,38.036148]],[[127.902833,38.036148],[127.90275,38.035656]],[[127.90275,38.035656],[127.902695,38.035329]],[[127.902695,38.035329],[127.902545,38.034749]],[[127.902545,38.034749],[127.904001,38.033383]],[[127.904001,38.033383],[127.904042,38.033346]],[[127.904042,38.033346],[127.903895,38.033129]],[[127.903895,38.033129],[127.903813,38.033008]],[[127.903813,38.033008],[127.903704,38.031987]],[[127.903704,38.031987],[127.90387,38.031557]],[[127.90387,38.031557],[127.903904,38.031469]],[[127.903904,38.031469],[127.903999,38.031224]],[[127.903999,38.031224],[127.904002,38.031189]],[[127.904002,38.031189],[127.904027,38.030855]],[[127.904027,38.030855],[127.904066,38.030331]],[[127.904066,38.030331],[127.904571,38.029761]],[[127.904571,38.029761],[127.90633,38.028423]],[[127.90633,38.028423],[127.90648,38.028252]],[[127.90648,38.028252],[127.906561,38.028161]],[[127.906561,38.028161],[127.907485,38.027115]],[[127.907485,38.027115],[127.907593,38.027046]],[[127.907593,38.027046],[127.909838,38.025627]],[[127.909838,38.025627],[127.909855,38.025586]],[[127.909855,38.025586],[127.910205,38.024768]],[[127.910205,38.024768],[127.910267,38.024623]],[[127.910267,38.024623],[127.911381,38.024115]],[[127.911381,38.024115],[127.912453,38.023688]],[[127.912453,38.023688],[127.912632,38.023528]],[[127.912632,38.023528],[127.91338,38.022861]],[[127.91338,38.022861],[127.913546,38.022796]],[[127.913546,38.022796],[127.91515,38.022171]],[[127.91515,38.022171],[127.915891,38.022193]],[[127.915891,38.022193],[127.916268,38.022204]],[[127.916268,38.022204],[127.91647,38.022086]],[[127.91647,38.022086],[127.916969,38.021793]],[[127.916969,38.021793],[127.917016,38.021765]],[[127.917016,38.021765],[127.917217,38.021648]],[[127.917217,38.021648],[127.917774,38.02128]],[[127.917774,38.02128],[127.91778,38.021277]],[[127.91778,38.021277],[127.918252,38.021068]],[[127.918252,38.021068],[127.918463,38.021069]],[[127.918463,38.021069],[127.918829,38.021071]],[[127.918829,38.021071],[127.919227,38.021074]],[[127.919227,38.021074],[127.919408,38.02105]],[[127.919408,38.02105],[127.919611,38.021023]],[[127.919611,38.021023],[127.919939,38.020981]],[[127.919939,38.020981],[127.92001,38.020952]],[[127.92001,38.020952],[127.920438,38.020778]],[[127.920438,38.020778],[127.920935,38.020489]],[[127.920935,38.020489],[127.921058,38.020492]],[[127.921058,38.020492],[127.921121,38.020488]],[[127.921121,38.020488],[127.921177,38.020485]],[[127.921177,38.020485],[127.921698,38.020271]],[[127.921698,38.020271],[127.921957,38.020243]],[[127.921957,38.020243],[127.922235,38.020106]],[[127.922235,38.020106],[127.922441,38.020074]],[[127.922441,38.020074],[127.922489,38.020069]],[[127.922489,38.020069],[127.922811,38.020038]],[[127.922811,38.020038],[127.922923,38.020046]],[[127.922923,38.020046],[127.923226,38.020067]],[[127.923226,38.020067],[127.923803,38.020299]],[[127.923803,38.020299],[127.924047,38.020176]],[[127.924047,38.020176],[127.9243,38.020049]],[[127.9243,38.020049],[127.924418,38.019981]],[[127.924418,38.019981],[127.924676,38.020015]],[[127.924676,38.020015],[127.924794,38.020031]],[[127.924794,38.020031],[127.924867,38.020008]],[[127.924867,38.020008],[127.924914,38.020013]],[[127.924914,38.020013],[127.924994,38.019983]],[[127.924994,38.019983],[127.924997,38.019982]],[[127.924997,38.019982],[127.925081,38.01995]],[[127.925081,38.01995],[127.925154,38.019922]],[[127.925154,38.019922],[127.925318,38.01986]],[[127.925318,38.01986],[127.925333,38.019841]],[[127.925333,38.019841],[127.925507,38.019614]],[[127.925507,38.019614],[127.926,38.019265]],[[127.926,38.019265],[127.926269,38.019074]],[[127.926269,38.019074],[127.926684,38.018916]],[[127.926684,38.018916],[127.927074,38.018955]],[[127.927074,38.018955],[127.92728,38.018976]],[[127.92728,38.018976],[127.927319,38.01898]],[[127.927319,38.01898],[127.927341,38.018982]],[[127.927341,38.018982],[127.927581,38.019019]],[[127.927581,38.019019],[127.92827,38.018993]],[[127.92827,38.018993],[127.928284,38.018992]],[[127.928284,38.018992],[127.928655,38.018978]],[[127.928655,38.018978],[127.928818,38.018932]],[[127.928818,38.018932],[127.928905,38.018908]],[[127.928905,38.018908],[127.929196,38.018827]],[[127.929196,38.018827],[127.92928,38.018689]],[[127.92928,38.018689],[127.929361,38.018555]],[[127.929361,38.018555],[127.929417,38.018463]],[[127.929417,38.018463],[127.929571,38.018453]],[[127.929571,38.018453],[127.929911,38.018432]],[[127.929911,38.018432],[127.929984,38.018268]],[[127.929984,38.018268],[127.930653,38.01802]],[[127.930653,38.01802],[127.930999,38.017957]],[[127.930999,38.017957],[127.931001,38.017956]],[[127.931001,38.017956],[127.931367,38.017894]],[[127.931367,38.017894],[127.931503,38.01777]],[[127.931503,38.01777],[127.931965,38.017349]],[[127.931965,38.017349],[127.932221,38.01725]],[[127.932221,38.01725],[127.932272,38.017231]],[[127.932272,38.017231],[127.932307,38.017195]],[[127.932307,38.017195],[127.932613,38.01688]],[[127.932613,38.01688],[127.932824,38.016663]],[[127.932824,38.016663],[127.933599,38.01609]],[[127.933599,38.01609],[127.93364,38.01606]],[[127.93364,38.01606],[127.934254,38.015607]],[[127.934254,38.015607],[127.934255,38.015606]],[[127.934255,38.015606],[127.934486,38.015497]],[[127.934486,38.015497],[127.934526,38.015126]],[[127.934526,38.015126],[127.934356,38.014778]],[[127.934356,38.014778],[127.934531,38.014217]],[[127.934531,38.014217],[127.934466,38.013818]],[[127.934466,38.013818],[127.93579,38.014059]],[[127.93579,38.014059],[127.936522,38.014193]],[[127.936522,38.014193],[127.936596,38.014194]],[[127.936596,38.014194],[127.938034,38.014216]],[[127.938034,38.014216],[127.938197,38.014219]],[[127.938197,38.014219],[127.939414,38.014673]],[[127.939414,38.014673],[127.940429,38.015051]],[[127.940429,38.015051],[127.943332,38.016721]],[[127.943332,38.016721],[127.944927,38.018375]],[[127.944927,38.018375],[127.945006,38.018525]],[[127.945006,38.018525],[127.945389,38.019257]],[[127.945389,38.019257],[127.945506,38.01948]],[[127.945506,38.01948],[127.945849,38.020153]],[[127.945849,38.020153],[127.946053,38.020554]],[[127.946053,38.020554],[127.946064,38.020575]],[[127.946064,38.020575],[127.946555,38.021487]],[[127.946555,38.021487],[127.947144,38.022579]],[[127.947144,38.022579],[127.946868,38.025748]],[[127.946868,38.025748],[127.946861,38.025837]],[[127.946861,38.025837],[127.9465,38.028601]],[[127.9465,38.028601],[127.946429,38.029142]],[[127.946429,38.029142],[127.946463,38.029271]],[[127.946463,38.029271],[127.94671,38.030196]],[[127.94671,38.030196],[127.947012,38.031329]],[[127.947012,38.031329],[127.947729,38.03258]],[[127.947729,38.03258],[127.948612,38.034121]],[[127.948612,38.034121],[127.949919,38.036191]],[[127.949919,38.036191],[127.950846,38.037259]],[[127.950846,38.037259],[127.951752,38.038201]],[[127.951752,38.038201],[127.952441,38.038473]],[[127.952441,38.038473],[127.952606,38.038538]],[[127.952606,38.038538],[127.952638,38.03854]],[[127.952638,38.03854],[127.955427,38.038682]],[[127.955427,38.038682],[127.955905,38.038514]],[[127.955905,38.038514],[127.957623,38.037834]],[[127.957623,38.037834],[127.957787,38.037744]],[[127.957787,38.037744],[127.96023,38.036395]],[[127.96023,38.036395],[127.961019,38.035959]],[[127.961019,38.035959],[127.963006,38.034862]],[[127.963006,38.034862],[127.965112,38.032955]],[[127.965112,38.032955],[127.966108,38.032053]],[[127.966108,38.032053],[127.966275,38.031987]],[[127.966275,38.031987],[127.967199,38.03162]],[[127.967199,38.03162],[127.96902,38.030898]],[[127.96902,38.030898],[127.972488,38.030549]],[[127.972488,38.030549],[127.977784,38.029571]],[[127.977784,38.029571],[127.981463,38.028376]],[[127.981463,38.028376],[127.981498,38.028364]],[[127.981498,38.028364],[127.982984,38.027882]],[[127.982984,38.027882],[127.984035,38.027441]],[[127.984035,38.027441],[127.984101,38.027413]],[[127.984101,38.027413],[127.985431,38.026856]],[[127.985431,38.026856],[127.985946,38.026371]],[[127.985946,38.026371],[127.986858,38.025513]],[[127.986858,38.025513],[127.987476,38.024202]],[[127.987476,38.024202],[127.987509,38.024132]],[[127.987509,38.024132],[127.987534,38.024077]],[[127.987534,38.024077],[127.987552,38.024037]],[[127.987552,38.024037],[127.987553,38.023948]],[[127.987553,38.023948],[127.987554,38.023918]],[[127.987554,38.023918],[127.987556,38.023692]],[[127.987556,38.023692],[127.987566,38.022636]],[[127.987566,38.022636],[127.98756,38.0226]],[[127.98756,38.0226],[127.987441,38.021898]],[[127.987441,38.021898],[127.987217,38.020589]],[[127.987217,38.020589],[127.987157,38.020237]],[[127.987157,38.020237],[127.98713,38.020098]],[[127.98713,38.020098],[127.98583,38.017741]],[[127.98583,38.017741],[127.984158,38.014838]],[[127.984158,38.014838],[127.983974,38.014519]],[[127.983974,38.014519],[127.983657,38.012237]],[[127.983657,38.012237],[127.983821,38.010297]],[[127.983821,38.010297],[127.98478,38.008264]],[[127.98478,38.008264],[127.985689,38.007196]],[[127.985689,38.007196],[127.988172,38.005018]],[[127.988172,38.005018],[127.989381,38.003797]],[[127.989381,38.003797],[127.9911,38.002655]],[[127.9911,38.002655],[127.991838,38.002313]],[[127.991838,38.002313],[127.992131,38.002178]],[[127.992131,38.002178],[127.99294,38.001803]],[[127.99294,38.001803],[127.993325,38.001625]],[[127.993325,38.001625],[127.99343,38.001627]],[[127.99343,38.001627],[127.994006,38.001642]],[[127.994006,38.001642],[127.995792,38.001739]],[[127.995792,38.001739],[127.996663,38.00214]],[[127.996663,38.00214],[127.996674,38.002145]],[[127.996674,38.002145],[127.997974,38.002734]],[[127.997974,38.002734],[128.000647,38.005278]],[[128.000647,38.005278],[128.003221,38.009042]],[[128.003221,38.009042],[128.003286,38.009137]],[[128.003286,38.009137],[128.004745,38.011552]],[[128.004745,38.011552],[128.004942,38.011878]],[[128.004942,38.011878],[128.005082,38.012149]],[[128.005082,38.012149],[128.005533,38.013019]],[[128.005533,38.013019],[128.005906,38.013738]],[[128.005906,38.013738],[128.007735,38.015738]],[[128.007735,38.015738],[128.009506,38.016939]],[[128.009506,38.016939],[128.012957,38.019009]],[[128.012957,38.019009],[128.014321,38.019317]],[[128.014321,38.019317],[128.016633,38.019516]],[[128.016633,38.019516],[128.01954,38.019515]],[[128.01954,38.019515],[128.021431,38.019746]],[[128.021431,38.019746],[128.023334,38.019793]],[[128.023334,38.019793],[128.024942,38.019525]],[[128.024942,38.019525],[128.026672,38.017797]],[[128.026672,38.017797],[128.027648,38.016748]],[[128.027648,38.016748],[128.027758,38.01663]],[[128.027758,38.01663],[128.028259,38.016091]],[[128.028259,38.016091],[128.02878,38.015359]],[[128.02878,38.015359],[128.029545,38.014705]],[[128.029545,38.014705],[128.029608,38.014651]],[[128.029608,38.014651],[128.029607,38.01465]],[[128.029607,38.01465],[128.02936,38.014424]],[[128.02936,38.014424],[128.029325,38.014392]],[[128.029325,38.014392],[128.029127,38.014211]],[[128.029127,38.014211],[128.027792,38.013502]],[[128.027792,38.013502],[128.02667,38.012916]],[[128.02667,38.012916],[128.026437,38.012629]],[[128.026437,38.012629],[128.026158,38.012215]],[[128.026158,38.012215],[128.025706,38.011884]],[[128.025706,38.011884],[128.025082,38.011705]],[[128.025082,38.011705],[128.024417,38.011085]],[[128.024417,38.011085],[128.024472,38.010868]],[[128.024472,38.010868],[128.024597,38.010383]],[[128.024597,38.010383],[128.024819,38.010062]],[[128.024819,38.010062],[128.024942,38.009575]],[[128.024942,38.009575],[128.024545,38.009026]],[[128.024545,38.009026],[128.024226,38.008583]],[[128.024226,38.008583],[128.023866,38.008401]],[[128.023866,38.008401],[128.023741,38.008338]],[[128.023741,38.008338],[128.022821,38.008221]],[[128.022821,38.008221],[128.022628,38.007982]],[[128.022628,38.007982],[128.021485,38.007755]],[[128.021485,38.007755],[128.020199,38.007628]],[[128.020199,38.007628],[128.019694,38.007411]],[[128.019694,38.007411],[128.019588,38.007366]],[[128.019588,38.007366],[128.019795,38.006698]],[[128.019795,38.006698],[128.019967,38.006144]],[[128.019967,38.006144],[128.019533,38.004054]],[[128.019533,38.004054],[128.019104,38.001947]],[[128.019104,38.001947],[128.01879,38.000604]],[[128.01879,38.000604],[128.018782,38.00057]],[[128.018782,38.00057],[128.018566,38.000346]],[[128.018566,38.000346],[128.017858,37.999613]],[[128.017858,37.999613],[128.016921,37.999074]],[[128.016921,37.999074],[128.016443,37.998883]],[[128.016443,37.998883],[128.016343,37.998843]],[[128.016343,37.998843],[128.016417,37.998469]],[[128.016417,37.998469],[128.016437,37.998366]],[[128.016437,37.998366],[128.016481,37.99792]],[[128.016481,37.99792],[128.016502,37.997697]],[[128.016502,37.997697],[128.016372,37.997434]],[[128.016372,37.997434],[128.01625,37.997344]],[[128.01625,37.997344],[128.016187,37.997298]],[[128.016187,37.997298],[128.016159,37.997277]],[[128.016159,37.997277],[128.015872,37.997065]],[[128.015872,37.997065],[128.0153,37.996641]],[[128.0153,37.996641],[128.014256,37.996485]],[[128.014256,37.996485],[128.014006,37.996448]],[[128.014006,37.996448],[128.013428,37.996377]],[[128.013428,37.996377],[128.010916,37.996452]],[[128.010916,37.996452],[128.00926,37.996189]],[[128.00926,37.996189],[128.008865,37.996126]],[[128.008865,37.996126],[128.007521,37.996319]],[[128.007521,37.996319],[128.006636,37.996446]],[[128.006636,37.996446],[128.004991,37.995468]],[[128.004991,37.995468],[128.004882,37.995403]],[[128.004882,37.995403],[128.004513,37.995461]],[[128.004513,37.995461],[128.003431,37.995633]],[[128.003431,37.995633],[128.001235,37.993141]],[[128.001235,37.993141],[128.000244,37.992275]],[[128.000244,37.992275],[127.999765,37.991608]],[[127.999765,37.991608],[127.999602,37.99138]],[[127.999602,37.99138],[127.999464,37.991328]],[[127.999464,37.991328],[127.998657,37.991022]],[[127.998657,37.991022],[127.997805,37.990884]],[[127.997805,37.990884],[127.997322,37.990504]],[[127.997322,37.990504],[127.996493,37.990294]],[[127.996493,37.990294],[127.995831,37.990502]],[[127.995831,37.990502],[127.994787,37.990829]],[[127.994787,37.990829],[127.993019,37.990806]],[[127.993019,37.990806],[127.991565,37.991041]],[[127.991565,37.991041],[127.990417,37.990461]],[[127.990417,37.990461],[127.990146,37.990282]],[[127.990146,37.990282],[127.988288,37.989058]],[[127.988288,37.989058],[127.988051,37.988794]],[[127.988051,37.988794],[127.987407,37.988946]],[[127.987407,37.988946],[127.986215,37.989226]],[[127.986215,37.989226],[127.985566,37.989384]],[[127.985566,37.989384],[127.985452,37.989408]],[[127.985452,37.989408],[127.983767,37.989095]],[[127.983767,37.989095],[127.983623,37.989068]],[[127.983623,37.989068],[127.983676,37.989016]],[[127.983676,37.989016],[127.98386,37.98888]],[[127.98386,37.98888],[127.984025,37.988757]],[[127.984025,37.988757],[127.984068,37.988398]],[[127.984068,37.988398],[127.984155,37.987665]],[[127.984155,37.987665],[127.984165,37.986721]],[[127.984165,37.986721],[127.984165,37.986714]],[[127.984165,37.986714],[127.984158,37.98671]],[[127.984158,37.98671],[127.984147,37.986706]],[[127.984147,37.986706],[127.983734,37.986539]],[[127.983734,37.986539],[127.982816,37.985558]],[[127.982816,37.985558],[127.98259,37.985316]],[[127.98259,37.985316],[127.98248,37.985258]],[[127.98248,37.985258],[127.982302,37.985163]],[[127.982302,37.985163],[127.981865,37.984465]],[[127.981865,37.984465],[127.981793,37.9835]],[[127.981793,37.9835],[127.982614,37.982533]],[[127.982614,37.982533],[127.982875,37.981924]],[[127.982875,37.981924],[127.982938,37.981778]],[[127.982938,37.981778],[127.983685,37.980777]],[[127.983685,37.980777],[127.983891,37.980653]],[[127.983891,37.980653],[127.984597,37.980227]],[[127.984597,37.980227],[127.984754,37.980039]],[[127.984754,37.980039],[127.984674,37.979523]],[[127.984674,37.979523],[127.984585,37.978959]],[[127.984585,37.978959],[127.984283,37.977026]],[[127.984283,37.977026],[127.984864,37.975304]],[[127.984864,37.975304],[127.984502,37.974782]],[[127.984502,37.974782],[127.983708,37.974304]],[[127.983708,37.974304],[127.983171,37.973424]],[[127.983171,37.973424],[127.98281,37.972864]],[[127.98281,37.972864],[127.982788,37.97283]],[[127.982788,37.97283],[127.982367,37.971986]],[[127.982367,37.971986],[127.982453,37.97174]],[[127.982453,37.97174],[127.982509,37.971581]],[[127.982509,37.971581],[127.98266,37.971499]],[[127.98266,37.971499],[127.983184,37.971215]],[[127.983184,37.971215],[127.983406,37.971094]],[[127.983406,37.971094],[127.984026,37.970405]],[[127.984026,37.970405],[127.983984,37.969652]],[[127.983984,37.969652],[127.983972,37.969435]],[[127.983972,37.969435],[127.983914,37.968379]],[[127.983914,37.968379],[127.984499,37.965995]],[[127.984499,37.965995],[127.983553,37.965093]],[[127.983553,37.965093],[127.983652,37.964781]],[[127.983652,37.964781],[127.983972,37.963771]],[[127.983972,37.963771],[127.98276,37.962874]],[[127.98276,37.962874],[127.982582,37.962742]],[[127.982582,37.962742],[127.981716,37.962163]],[[127.981716,37.962163],[127.981715,37.962144]],[[127.981715,37.962144],[127.981629,37.960639]],[[127.981629,37.960639],[127.980817,37.959839]],[[127.980817,37.959839],[127.980351,37.959595]],[[127.980351,37.959595],[127.980269,37.959552]],[[127.980269,37.959552],[127.980227,37.959398]],[[127.980227,37.959398],[127.980004,37.958591]],[[127.980004,37.958591],[127.978716,37.957992]],[[127.978716,37.957992],[127.977512,37.957065]],[[127.977512,37.957065],[127.980618,37.956025]],[[127.980618,37.956025],[127.9814,37.955374]],[[127.9814,37.955374],[127.982441,37.954509]],[[127.982441,37.954509],[127.983697,37.953453]],[[127.983697,37.953453],[127.985638,37.952548]],[[127.985638,37.952548],[127.987285,37.951815]],[[127.987285,37.951815],[127.987289,37.951768]],[[127.987289,37.951768],[127.987323,37.951262]],[[127.987323,37.951262],[127.987458,37.949239]],[[127.987458,37.949239],[127.987495,37.948673]],[[127.987495,37.948673],[127.988143,37.948111]],[[127.988143,37.948111],[127.98877,37.946904]],[[127.98877,37.946904],[127.989166,37.946133]],[[127.989166,37.946133],[127.989641,37.945207]],[[127.989641,37.945207],[127.990546,37.944929]],[[127.990546,37.944929],[127.991033,37.94476]],[[127.991033,37.94476],[127.991665,37.944478]],[[127.991665,37.944478],[127.993735,37.943556]],[[127.993735,37.943556],[127.993489,37.942636]],[[127.993489,37.942636],[127.993478,37.942597]],[[127.993478,37.942597],[127.993303,37.941941]],[[127.993303,37.941941],[127.993353,37.941921]],[[127.993353,37.941921],[127.99511,37.9412]],[[127.99511,37.9412],[127.995287,37.939362]],[[127.995287,37.939362],[127.994584,37.937961]],[[127.994584,37.937961],[127.994802,37.936135]],[[127.994802,37.936135],[127.99423,37.934766]],[[127.99423,37.934766],[127.99315,37.933288]],[[127.99315,37.933288],[127.993,37.932683]],[[127.993,37.932683],[127.992924,37.930903]],[[127.992924,37.930903],[127.992577,37.930382]],[[127.992577,37.930382],[127.992409,37.930145]],[[127.992409,37.930145],[127.992085,37.929947]],[[127.992085,37.929947],[127.992031,37.929915]],[[127.992031,37.929915],[127.991594,37.929617]],[[127.991594,37.929617],[127.991586,37.929612]],[[127.991586,37.929612],[127.990777,37.928869]],[[127.990777,37.928869],[127.990195,37.928148]],[[127.990195,37.928148],[127.98921,37.926985]],[[127.98921,37.926985],[127.987874,37.925766]],[[127.987874,37.925766],[127.986775,37.924718]],[[127.986775,37.924718],[127.985248,37.924201]],[[127.985248,37.924201],[127.983634,37.923422]],[[127.983634,37.923422],[127.984067,37.921437]],[[127.984067,37.921437],[127.984046,37.919847]],[[127.984046,37.919847],[127.984568,37.917053]],[[127.984568,37.917053],[127.985051,37.916188]],[[127.985051,37.916188],[127.984473,37.915405]],[[127.984473,37.915405],[127.984477,37.913931]],[[127.984477,37.913931],[127.984724,37.913613]],[[127.984724,37.913613],[127.985377,37.913195]],[[127.985377,37.913195],[127.985908,37.9127]],[[127.985908,37.9127],[127.986329,37.912308]],[[127.986329,37.912308],[127.985965,37.911823]],[[127.985965,37.911823],[127.985028,37.91145]],[[127.985028,37.91145],[127.983219,37.910874]],[[127.983219,37.910874],[127.982247,37.910206]],[[127.982247,37.910206],[127.981629,37.909712]],[[127.981629,37.909712],[127.979643,37.908156]],[[127.979643,37.908156],[127.97902,37.907149]],[[127.97902,37.907149],[127.978553,37.906001]],[[127.978553,37.906001],[127.977851,37.904995]],[[127.977851,37.904995],[127.975935,37.904087]],[[127.975935,37.904087],[127.974677,37.902917]],[[127.974677,37.902917],[127.973353,37.901378]],[[127.973353,37.901378],[127.971906,37.899988]],[[127.971906,37.899988],[127.97105,37.898692]],[[127.97105,37.898692],[127.970934,37.898159]],[[127.970934,37.898159],[127.971374,37.897096]],[[127.971374,37.897096],[127.971405,37.896089]],[[127.971405,37.896089],[127.97114,37.894931]],[[127.97114,37.894931],[127.970967,37.894421]],[[127.970967,37.894421],[127.970151,37.893167]],[[127.970151,37.893167],[127.970093,37.892956]],[[127.970093,37.892956],[127.970014,37.892664]],[[127.970014,37.892664],[127.970025,37.892648]],[[127.970025,37.892648],[127.970122,37.892512]],[[127.970122,37.892512],[127.970321,37.892231]],[[127.970321,37.892231],[127.970446,37.892055]],[[127.970446,37.892055],[127.970548,37.891704]],[[127.970548,37.891704],[127.970694,37.891205]],[[127.970694,37.891205],[127.970894,37.890521]],[[127.970894,37.890521],[127.97123,37.890002]],[[127.97123,37.890002],[127.971766,37.888877]],[[127.971766,37.888877],[127.972016,37.888102]],[[127.972016,37.888102],[127.971978,37.887594]],[[127.971978,37.887594],[127.972371,37.887219]],[[127.972371,37.887219],[127.9731,37.886993]],[[127.9731,37.886993],[127.972558,37.884906]],[[127.972558,37.884906],[127.972329,37.884718]],[[127.972329,37.884718],[127.972523,37.884185]],[[127.972523,37.884185],[127.972578,37.884016]],[[127.972578,37.884016],[127.972586,37.883895]],[[127.972586,37.883895],[127.972726,37.882844]],[[127.972726,37.882844],[127.972775,37.882484]],[[127.972775,37.882484],[127.972408,37.882462]],[[127.972408,37.882462],[127.971051,37.881615]],[[127.971051,37.881615],[127.969933,37.881015]],[[127.969933,37.881015],[127.968245,37.880337]],[[127.968245,37.880337],[127.967634,37.880351]],[[127.967634,37.880351],[127.967511,37.880299]],[[127.967511,37.880299],[127.967495,37.880283]],[[127.967495,37.880283],[127.967357,37.879882]],[[127.967357,37.879882],[127.967307,37.879782]],[[127.967307,37.879782],[127.967229,37.879629]],[[127.967229,37.879629],[127.966455,37.879093]],[[127.966455,37.879093],[127.9664,37.879026]],[[127.9664,37.879026],[127.96639,37.879014]],[[127.96639,37.879014],[127.96621,37.878658]],[[127.96621,37.878658],[127.965778,37.877802]],[[127.965778,37.877802],[127.964936,37.877525]],[[127.964936,37.877525],[127.964569,37.877516]],[[127.964569,37.877516],[127.964379,37.87721]],[[127.964379,37.87721],[127.964348,37.877179]],[[127.964348,37.877179],[127.963647,37.876808]],[[127.963647,37.876808],[127.963087,37.876406]],[[127.963087,37.876406],[127.962926,37.876347]],[[127.962926,37.876347],[127.962081,37.876021]],[[127.962081,37.876021],[127.959646,37.875065]],[[127.959646,37.875065],[127.959552,37.875002]],[[127.959552,37.875002],[127.959492,37.874958]],[[127.959492,37.874958],[127.959211,37.874524]],[[127.959211,37.874524],[127.95919,37.874508]],[[127.95919,37.874508],[127.959147,37.874472]],[[127.959147,37.874472],[127.958627,37.874304]],[[127.958627,37.874304],[127.958486,37.874258]],[[127.958486,37.874258],[127.958293,37.874178]],[[127.958293,37.874178],[127.957537,37.873781]],[[127.957537,37.873781],[127.957533,37.873777]],[[127.957533,37.873777],[127.957523,37.873694]],[[127.957523,37.873694],[127.957695,37.873113]],[[127.957695,37.873113],[127.957191,37.872765]],[[127.957191,37.872765],[127.957118,37.872726]],[[127.957118,37.872726],[127.956997,37.872659]],[[127.956997,37.872659],[127.95686,37.872607]],[[127.95686,37.872607],[127.956784,37.872499]],[[127.956784,37.872499],[127.956469,37.871415]],[[127.956469,37.871415],[127.956468,37.871413]],[[127.956468,37.871413],[127.956444,37.871357]],[[127.956444,37.871357],[127.956443,37.871355]],[[127.794641,37.995706],[127.794642,37.995706]],[[127.794642,37.995706],[127.796371,37.996807]],[[127.796371,37.996807],[127.797712,37.997324]],[[127.797712,37.997324],[127.798684,37.997771]],[[127.798684,37.997771],[127.799123,37.997984]],[[127.799123,37.997984],[127.799548,37.998191]],[[127.799548,37.998191],[127.802054,37.999662]],[[127.802054,37.999662],[127.803007,38.000383]],[[127.803007,38.000383],[127.803166,38.000502]],[[127.803166,38.000502],[127.803177,38.000503]],[[127.803177,38.000503],[127.804069,38.000554]],[[127.804069,38.000554],[127.80482,38.000597]],[[127.80482,38.000597],[127.805814,38.00056]],[[127.805814,38.00056],[127.806304,38.000542]],[[127.806304,38.000542],[127.806528,38.000567]],[[127.806528,38.000567],[127.808109,38.000738]],[[127.808109,38.000738],[127.808553,38.001107]],[[127.808553,38.001107],[127.809047,38.001517]],[[127.809047,38.001517],[127.809195,38.001617]],[[127.809195,38.001617],[127.811633,38.003249]],[[127.811633,38.003249],[127.813235,38.003667]],[[127.813235,38.003667],[127.815622,38.003668]],[[127.815622,38.003668],[127.81565,38.003668]],[[127.81565,38.003668],[127.815683,38.003665]],[[127.815683,38.003665],[127.816668,38.003576]],[[127.816668,38.003576],[127.816915,38.003554]],[[127.816915,38.003554],[127.817085,38.00357]],[[127.817085,38.00357],[127.818058,38.003665]],[[127.818058,38.003665],[127.820312,38.003885]],[[127.820312,38.003885],[127.821348,38.003527]],[[127.821348,38.003527],[127.822458,38.00295]],[[127.822458,38.00295],[127.822511,38.002912]],[[127.822511,38.002912],[127.824956,38.001154]],[[127.824956,38.001154],[127.825126,38.001116]],[[127.825126,38.001116],[127.825407,38.001053]],[[127.825407,38.001053],[127.825704,38.001031]],[[127.825704,38.001031],[127.826216,38.000993]],[[127.826216,38.000993],[127.826989,38.00081]],[[127.826989,38.00081],[127.82702,38.000803]],[[127.82702,38.000803],[127.8271,38.000783]],[[127.8271,38.000783],[127.827159,38.001634]],[[127.827159,38.001634],[127.827911,38.002536]],[[127.827911,38.002536],[127.827938,38.002569]],[[127.827938,38.002569],[127.827975,38.002614]],[[127.827975,38.002614],[127.82847,38.002908]],[[127.82847,38.002908],[127.828957,38.003198]],[[127.828957,38.003198],[127.828522,38.005866]],[[127.828522,38.005866],[127.830375,38.008378]],[[127.830375,38.008378],[127.831995,38.008617]],[[127.831995,38.008617],[127.833538,38.0088]],[[127.833538,38.0088],[127.83357,38.008804]],[[127.83357,38.008804],[127.833757,38.008902]],[[127.833757,38.008902],[127.834512,38.009299]],[[127.834512,38.009299],[127.835127,38.009622]],[[127.835127,38.009622],[127.835508,38.009894]],[[127.835508,38.009894],[127.837054,38.011003]],[[127.837054,38.011003],[127.837056,38.011004]],[[127.837056,38.011004],[127.837089,38.01106]],[[127.837089,38.01106],[127.837746,38.012168]],[[127.837746,38.012168],[127.839809,38.013825]],[[127.839809,38.013825],[127.839962,38.013853]],[[127.839962,38.013853],[127.841924,38.014211]],[[127.841924,38.014211],[127.844096,38.014403]],[[127.844096,38.014403],[127.844234,38.014416]],[[127.844234,38.014416],[127.846401,38.014142]],[[127.846401,38.014142],[127.847401,38.014316]],[[127.847401,38.014316],[127.848228,38.015245]],[[127.848228,38.015245],[127.848302,38.015311]],[[127.848302,38.015311],[127.849176,38.016102]],[[127.849176,38.016102],[127.849848,38.016708]],[[127.849848,38.016708],[127.85042,38.016771]],[[127.85042,38.016771],[127.850954,38.016829]],[[127.850954,38.016829],[127.851557,38.016895]],[[127.851557,38.016895],[127.85223,38.016969]],[[127.85223,38.016969],[127.852443,38.017032]],[[127.852443,38.017032],[127.854248,38.017535]],[[127.854248,38.017535],[127.855861,38.017985]],[[127.855861,38.017985],[127.856958,38.018267]],[[127.856958,38.018267],[127.857539,38.018416]],[[127.857539,38.018416],[127.857566,38.018423]],[[127.857566,38.018423],[127.857608,38.018454]],[[127.857608,38.018454],[127.857984,38.018736]],[[127.857984,38.018736],[127.8581,38.018823]],[[127.8581,38.018823],[127.857998,38.018965]],[[127.857998,38.018965],[127.857823,38.01921]],[[127.857823,38.01921],[127.855009,38.023132]],[[127.855009,38.023132],[127.854806,38.023635]],[[127.854806,38.023635],[127.854151,38.025261]],[[127.854151,38.025261],[127.854154,38.026407]],[[127.854154,38.026407],[127.854201,38.026478]],[[127.854201,38.026478],[127.855352,38.028252]],[[127.855352,38.028252],[127.855594,38.028623]],[[127.855594,38.028623],[127.855525,38.028655]],[[127.855525,38.028655],[127.850815,38.030849]],[[127.850815,38.030849],[127.850815,38.030857]],[[127.850815,38.030857],[127.850818,38.031104]],[[127.850818,38.031104],[127.850819,38.031228]],[[127.850819,38.031228],[127.850822,38.031373]],[[127.850822,38.031373],[127.850826,38.031698]],[[127.850826,38.031698],[127.850818,38.031718]],[[127.850818,38.031718],[127.850489,38.032607]],[[127.850489,38.032607],[127.849678,38.033477]],[[127.849678,38.033477],[127.84972,38.034376]],[[127.84972,38.034376],[127.849408,38.035227]],[[127.849408,38.035227],[127.849388,38.035283]],[[127.849388,38.035283],[127.849382,38.035309]],[[127.849382,38.035309],[127.849355,38.03542]],[[127.849355,38.03542],[127.84928,38.035726]],[[127.84928,38.035726],[127.849186,38.036264]],[[127.849186,38.036264],[127.849397,38.036618]],[[127.849397,38.036618],[127.849657,38.037055]],[[127.849657,38.037055],[127.849867,38.037401]],[[127.849867,38.037401],[127.850099,38.037783]],[[127.850099,38.037783],[127.849984,38.038817]],[[127.849984,38.038817],[127.849973,38.039375]],[[127.849973,38.039375],[127.849967,38.03966]],[[127.849967,38.03966],[127.849966,38.039707]],[[127.849966,38.039707],[127.849961,38.039956]],[[127.849961,38.039956],[127.849961,38.039964]],[[127.849961,38.039964],[127.849966,38.039971]],[[127.849966,38.039971],[127.850472,38.040653]],[[127.850472,38.040653],[127.850737,38.040967]],[[127.850737,38.040967],[127.851753,38.042172]],[[127.851753,38.042172],[127.851285,38.042501]],[[127.851285,38.042501],[127.851226,38.042541]],[[127.851226,38.042541],[127.851223,38.042544]],[[127.851223,38.042544],[127.851179,38.042844]],[[127.851179,38.042844],[127.851156,38.043141]],[[127.851156,38.043141],[127.851227,38.043406]],[[127.851227,38.043406],[127.851677,38.043774]],[[127.851677,38.043774],[127.851616,38.044128]],[[127.851616,38.044128],[127.851387,38.045238]],[[127.851387,38.045238],[127.851238,38.045486]],[[127.851238,38.045486],[127.851201,38.045546]],[[127.851201,38.045546],[127.851221,38.045592]],[[127.851221,38.045592],[127.851263,38.045688]],[[127.851263,38.045688],[127.851437,38.046087]],[[127.851437,38.046087],[127.851466,38.046153]],[[127.851466,38.046153],[127.851898,38.046405]],[[127.851898,38.046405],[127.851908,38.046438]],[[127.851908,38.046438],[127.851944,38.046569]],[[127.851944,38.046569],[127.851978,38.04669]],[[127.851978,38.04669],[127.852671,38.04796]],[[127.852671,38.04796],[127.85305,38.048304]],[[127.85305,38.048304],[127.853051,38.048309]],[[127.853051,38.048309],[127.853116,38.048703]],[[127.853116,38.048703],[127.853414,38.050518]],[[127.853414,38.050518],[127.853428,38.050532]],[[127.853428,38.050532],[127.854838,38.051978]],[[127.854838,38.051978],[127.854962,38.052106]],[[127.854962,38.052106],[127.855155,38.052304]],[[127.855155,38.052304],[127.85516,38.052309]],[[127.85516,38.052309],[127.855286,38.052235]],[[127.855286,38.052235],[127.858366,38.050427]]]}}]}