업태구분명,사업장명,지번주소
기타,하프앤로프,강원특별자치도 춘천시 효자동 464-4 
호프/통닭,처갓집양념치킨퇴계점,강원특별자치도 춘천시 퇴계동 914-4 
기타,여름밭,강원특별자치도 춘천시 석사동 827-4 
한식,원유통슈퍼키친춘천점,강원특별자치도 춘천시 우두동 1089 
한식,숙이네국밥,강원특별자치도 춘천시 칠전동 590-4 
한식,삼대삼,강원특별자치도 춘천시 우두동 1095 
기타,낙원별,강원특별자치도 춘천시 중앙로2가 88-1 
한식,사랑방,강원특별자치도 춘천시 칠전동 626-7 
한식,백반하우스,강원특별자치도 춘천시 후평동 842-7 
한식,김우정춘천본점,강원특별자치도 춘천시 석사동 644-1 
분식,만두이섬강대정문점,강원특별자치도 춘천시 효자동 315-4 
한식,엄마장터,강원특별자치도 춘천시 죽림동 11-58 
분식,조이풀파크,강원특별자치도 춘천시 퇴계동 529-11 
정종/대포집/소주방,원포차,강원특별자치도 춘천시 효자동 663-8 
정종/대포집/소주방,디티무대뽀,강원특별자치도 춘천시 남산면 백양리 108-3 
한식,안녕감자,강원특별자치도 춘천시 삼천동 25-6 
기타,춘천안식원장례식장(주),강원특별자치도 춘천시 동산면 군자리 703-5 
경양식,카츠루와춘천점,강원특별자치도 춘천시 효자동 150-10 
한식,더바른정국밥춘천석사점,강원특별자치도 춘천시 석사동 838-5 
한식,단천푸드,강원특별자치도 춘천시 효자동 397-7 
호프/통닭,명품치킨,강원특별자치도 춘천시 후평동 726 
한식,온유푸드,강원특별자치도 춘천시 효자동 767-2 
한식,청춘식당,강원특별자치도 춘천시 남산면 강촌리 340-3 
한식,그날,강원특별자치도 춘천시 남산면 강촌리 432-45 
한식,왕산뼈다귀 잔뜩국밥,강원특별자치도 춘천시 삼천동 43-3 
호프/통닭,석이네한잔,강원특별자치도 춘천시 석사동 734-20 
경양식,작은숲,강원특별자치도 춘천시 신북읍 발산리 21-1 
기타,코끼리카페춘천점,강원특별자치도 춘천시 효자동 615-12 
한식,퇴계직영점집밥연구소,강원특별자치도 춘천시 퇴계동 1017 
한식,집밥연구소퇴계직영점,강원특별자치도 춘천시 퇴계동 1017 
한식,춘천제육,강원특별자치도 춘천시 삼천동 293-1 
기타,소양라이스랩,강원특별자치도 춘천시 신북읍 천전리 39-3 
한식,오늘도곰탕,강원특별자치도 춘천시 조양동 2-8 
기타,춘천애견카페멍,강원특별자치도 춘천시 후평동 685-1 
기타,붐붐,강원특별자치도 춘천시 퇴계동 1155 
한식,파스타카노밥싸다구,강원특별자치도 춘천시 후평동 67-50 
한식,청아닭갈비춘천점,강원특별자치도 춘천시 석사동 818-5 
한식,레인유통,강원특별자치도 춘천시 후평동 873-2 
한식,돌멩이식탁,강원특별자치도 춘천시 약사동 25-4 
식육(숯불구이),생삼겹구루온의롯데캐슬점,강원특별자치도 춘천시 온의동 590 온의 롯데캐슬 스카이클래스 
기타,와인집(WINE ZIP),강원특별자치도 춘천시 삼천동 15 
한식,효소랑옹기랑,강원특별자치도 춘천시 후평동 878-11 
한식,춘족,강원특별자치도 춘천시 효자동 154-8 
호프/통닭,덤브치킨춘천후평점,강원특별자치도 춘천시 후평동 702 
정종/대포집/소주방,돌아온왕십리곱창춘천점,강원특별자치도 춘천시 교동 136-11 
한식,후평인장어,강원특별자치도 춘천시 후평동 67-73 
기타,이디야커피춘천후석로점,강원특별자치도 춘천시 후평동 726 
기타,우지커피춘천후평점,강원특별자치도 춘천시 후평동 801-6 
한식,하우스아녹,강원특별자치도 춘천시 동내면 사암리 1236 
한식,도담장어,강원특별자치도 춘천시 남산면 광판리 126-2 
푸드트럭,엠83(M83),강원특별자치도 춘천시 송암동 301 춘천시종합경기장 
호프/통닭,경강역만나치킨,강원특별자치도 춘천시 남산면 서천리 32-2 
한식,전주장작불곰탕청평2호점,강원특별자치도 춘천시 동내면 학곡리 409-1 
한식,강촌갈비탕,강원특별자치도 춘천시 남면 발산리 228-5 
한식,문어미쳤다,강원특별자치도 춘천시 동내면 거두리 1090-2 
한식,부대가부대찌개,강원특별자치도 춘천시 동면 만천리 529-13 
기타,오늘도곱창,강원특별자치도 춘천시 퇴계동 1111 
한식,설해옥,강원특별자치도 춘천시 삼천동 15 
푸드트럭,탑클래스푸드,강원특별자치도 춘천시 송암동 301 춘천시종합경기장 
호프/통닭,한강치킨,강원특별자치도 춘천시 퇴계동 1153-5 
기타,파스타예요춘천점,강원특별자치도 춘천시 효자동 823 효자코아루웰라움 
탕류(보신용),푸른숲흑염소전문점,강원특별자치도 춘천시 동면 지내리 132-8 
일식,초밥쟁이,강원특별자치도 춘천시 삼천동 152-1 
한식,핵밥춘천석사점,강원특별자치도 춘천시 석사동 888-3 
한식,까치둥지,강원특별자치도 춘천시 운교동 183 동부시장현대아파트 
한식,소담한상초계명가,강원특별자치도 춘천시 퇴계동 416-4 
기타,그라시아커피로스터스,강원특별자치도 춘천시 우두동 1112-8 
기타,샐러리아춘천시청점,강원특별자치도 춘천시 조양동 26-1 
한식,닭요리전문점계절,강원특별자치도 춘천시 죽림동 4-14 
한식,암바곰탕,강원특별자치도 춘천시 퇴계동 1102 
한식,정할매국물닭발,강원특별자치도 춘천시 운교동 206-1 
정종/대포집/소주방,광장곱창,강원특별자치도 춘천시 석사동 911-7 
한식,상록회관후평점,강원특별자치도 춘천시 후평동 725-10 
한식,삼오식당,강원특별자치도 춘천시 후평동 711-36 
한식,서기,강원특별자치도 춘천시 운교동 178-4 
한식,어산가옥,강원특별자치도 춘천시 삼천동 758-5 
정종/대포집/소주방,우두머리,강원특별자치도 춘천시 우두동 1062-1 
한식,유명식당,강원특별자치도 춘천시 근화동 710-17 
정종/대포집/소주방,상하이마라꼬치춘천후평점,강원특별자치도 춘천시 후평동 701-12 
기타,로지오뎅남춘천역점,강원특별자치도 춘천시 퇴계동 1190-1 
기타,우지커피춘천소양스타리버점,강원특별자치도 춘천시 소양로2가 7-2 더샵 소양스타리버 
식육(숯불구이),왕의마을(주왕),강원특별자치도 춘천시 온의동 338-5 
기타,마라킹,강원특별자치도 춘천시 운교동 186-10 
호프/통닭,또래오래동춘천하나로마트점,강원특별자치도 춘천시 동내면 거두리 929-2 신동농협 하나로마트 
한식,해븐가정식,강원특별자치도 춘천시 후평동 711-28 
분식,행복한우동가게춘천후평점,강원특별자치도 춘천시 후평동 67-47 
정종/대포집/소주방,스토리,강원특별자치도 춘천시 석사동 640-9 
횟집,서준수산,강원특별자치도 춘천시 석사동 771-1 
기타,소풍스낵,강원특별자치도 춘천시 퇴계동 964-5 
기타,군들정원,강원특별자치도 춘천시 동산면 군자리 970-2 
한식,옛남역,강원특별자치도 춘천시 퇴계동 645-3 
기타,도화계,강원특별자치도 춘천시 신북읍 천전리 100-5 
분식,봄빛부엌,강원특별자치도 춘천시 우두동 1101-4 
식육(숯불구이),금돼지삼겹살,강원특별자치도 춘천시 퇴계동 152-31 
한식,산들가든,강원특별자치도 춘천시 퇴계동 507-1 
일식,폴키(Porki),강원특별자치도 춘천시 우두동 1107-4 
한식,오소미김밥,강원특별자치도 춘천시 온의동 601 춘천 센트럴타워 푸르지오 
횟집,후평동횟집임,강원특별자치도 춘천시 후평동 836-12 
한식,함평순대국,강원특별자치도 춘천시 후평동 879-2 
한식,도리짱,강원특별자치도 춘천시 퇴계동 905-9 
한식,낭만시대,강원특별자치도 춘천시 후평동 801-5 
한식,꿀미네,강원특별자치도 춘천시 후평동 802-11 
한식,한식김선생,강원특별자치도 춘천시 조양동 6-9 
한식,임마마의도시락&반찬,강원특별자치도 춘천시 퇴계동 916-3 그린타운아파트 
일식,으뜸스시(춘천명동점),강원특별자치도 춘천시 조양동 49-3 
한식,고향식당,강원특별자치도 춘천시 후평동 852-17 
한식,명가,강원특별자치도 춘천시 운교동 187-7 
한식,남부도시락,강원특별자치도 춘천시 효자동 547 
한식,야마도라,강원특별자치도 춘천시 퇴계동 1190-1 
기타,데이븐(Day-ven),강원특별자치도 춘천시 후평동 689-10 
한식,쭈꾸,강원특별자치도 춘천시 퇴계동 906-1 
한식,쭈꾸박스,강원특별자치도 춘천시 석사동 980 
한식,새벽해장국,강원특별자치도 춘천시 퇴계동 945 
기타,리희룸,강원특별자치도 춘천시 석사동 907-1 
한식,옥돌촌,강원특별자치도 춘천시 후평동 724-4 
한식,구울래머글래,강원특별자치도 춘천시 후평동 804-20 
호프/통닭,꼬방치킨,강원특별자치도 춘천시 퇴계동 79 
한식,더조은명가손만두김밥봄내점,강원특별자치도 춘천시 석사동 813 현대아파트 
기타,하늘흑염소,강원특별자치도 춘천시 효자동 223-1 
기타,아도베라,강원특별자치도 춘천시 중앙로2가 97 
중국식,호반중식뷔폐,강원특별자치도 춘천시 근화동 160-2 
기타,치바,강원특별자치도 춘천시 우두동 1113-7 
중국식,장꾸웨이,강원특별자치도 춘천시 퇴계동 900-4 (1층) 
식육(숯불구이),조약돌숯불닭갈비,강원특별자치도 춘천시 낙원동 22 
기타,코너스톤(CORNERSTONE),강원특별자치도 춘천시 효자동 751-23 
한식,진본식당,강원특별자치도 춘천시 효자동 820 신아아파트 
한식,원조갈비탕,강원특별자치도 춘천시 조양동 6-227 
기타,카르페,강원특별자치도 춘천시 서면 현암리 580-1 
한식,아름다운세상,강원특별자치도 춘천시 사북면 지암리 2-15 
한식,성산손칼국수,강원특별자치도 춘천시 동면 장학리 855-11 
기타,감자아일랜드,강원특별자치도 춘천시 퇴계동 1183-4 
한식,(주)춘천장어마을삼천동,강원특별자치도 춘천시 삼천동 167-2 
일식,하와이조개춘천점,강원특별자치도 춘천시 후평동 801-5 
한식,편편집 춘천퇴계점,강원특별자치도 춘천시 퇴계동 523-23 
호프/통닭,꾸브라꼬숯불치킨퇴계점,강원특별자치도 춘천시 퇴계동 912-4 
통닭(치킨),이구아나치킨(후평점),강원특별자치도 춘천시 후평동 882-7 (1층) 
정종/대포집/소주방,뚱이네빈대떡,강원특별자치도 춘천시 동내면 거두리 958-14 
정종/대포집/소주방,별빛한잔,강원특별자치도 춘천시 후평동 683-13 
기타,시골장터마트,강원특별자치도 춘천시 신북읍 발산리 61-42 
기타,빌즈버거,강원특별자치도 춘천시 교동 135-13 
기타,마녀포차,강원특별자치도 춘천시 온의동 601 춘천 센트럴타워 푸르지오 
한식,김치찌개끓여주는남자들,강원특별자치도 춘천시 효자동 309-4 
한식,춘천소머리국밥,강원특별자치도 춘천시 효자동 670-8 
중국식,꽃피는마라,강원특별자치도 춘천시 퇴계동 1090 
경양식,(주)케이알산업춘천(하)휴게소양식봇,강원특별자치도 춘천시 동내면 사암리 산 121-1 춘천휴게소 
한식,필감자탕,강원특별자치도 춘천시 요선동 8-2 
분식,(주)케이알산업춘천(하)휴게소분식봇,강원특별자치도 춘천시 동내면 사암리 산 121-1 춘천휴게소 
"외국음식전문점(인도,태국등)",타코앤부리또,강원특별자치도 춘천시 퇴계동 961-7 
기타,카페방학,강원특별자치도 춘천시 동내면 신촌리 580-3 
분식,애막골갈비김밥,강원특별자치도 춘천시 사농동 46-15 
기타,숲속까페,강원특별자치도 춘천시 남산면 방하리 197 외1필지 
한식,대장,강원특별자치도 춘천시 후평동 93-43 
분식,요선동꼬마김밥,강원특별자치도 춘천시 요선동 13-10 
호프/통닭,부어치킨(후평점),강원특별자치도 춘천시 후평동 67-52 
한식,육앤콩,강원특별자치도 춘천시 퇴계동 475-4 
기타,느릿닭강정,강원특별자치도 춘천시 조양동 136-5 
식육(숯불구이),구미닭갈비,강원특별자치도 춘천시 조양동 138-14 
한식,정담은,강원특별자치도 춘천시 효자동 18-61 
기타,끽다,강원특별자치도 춘천시 후평동 910 춘천일성트루엘더퍼스트아파트 
중국식,춘봉루,강원특별자치도 춘천시 석사동 818-2 
한식,정성엄마밥상,강원특별자치도 춘천시 소양로1가 93-3 
한식,도리짱춘천점,강원특별자치도 춘천시 효자동 767-2 
한식,낙원맛집,강원특별자치도 춘천시 퇴계동 959-13 
기타,카페우드리,강원특별자치도 춘천시 우두동 1095-2 
한식,명백집춘천점,강원특별자치도 춘천시 교동 156-23 
기타,만두이섬춘천거두점,강원특별자치도 춘천시 동내면 거두리 931-1 
정종/대포집/소주방,심야반점,강원특별자치도 춘천시 퇴계동 904-9 
한식,호반스넥,강원특별자치도 춘천시 소양로1가 93-5 
기타,마켓2571(MARKET2571),강원특별자치도 춘천시 근화동 154-7 
기타,만두이섬춘천중앙점,강원특별자치도 춘천시 요선동 14-8 
분식,온기담다,강원특별자치도 춘천시 효자동 756-1 
기타,카페공지천,강원특별자치도 춘천시 삼천동 15-6 
정종/대포집/소주방,리얼펍살얼음맥주춘천온의점,강원특별자치도 춘천시 온의동 73-24 
한식,단금마켓,강원특별자치도 춘천시 석사동 736-19 
한식,포식&푸줏간고기도시락춘천점,강원특별자치도 춘천시 효자동 612-10 
기타,끼리끼리,강원특별자치도 춘천시 후평동 842-5 
기타,자운카페차,강원특별자치도 춘천시 동내면 신촌리 418 
한식,유천식당,강원특별자치도 춘천시 후평동 745-5 
통닭(치킨),네네치킨(퇴계점),강원특별자치도 춘천시 퇴계동 897-13 1층 
식육(숯불구이),꼬목살퇴계점,강원특별자치도 춘천시 퇴계동 968-7 
기타,마레(mare),강원특별자치도 춘천시 퇴계동 451-3 
한식,고깃구녕,강원특별자치도 춘천시 석사동 735-5 
식육(숯불구이),갓생맥주춘천애막골점,강원특별자치도 춘천시 석사동 736-9 
일식,석이초밥,강원특별자치도 춘천시 동내면 거두리 1080-1 
정종/대포집/소주방,이모네실내포장마차,강원특별자치도 춘천시 죽림동 11-107 108호 
분식,국수사랑,강원특별자치도 춘천시 사농동 820 춘천 뉴시티 코아루 
정종/대포집/소주방,청송막걸리,강원특별자치도 춘천시 퇴계동 1153-3 
일식,소복소복,강원특별자치도 춘천시 동내면 거두리 1127-2 
한식,한마음정육식당춘천퇴계점,강원특별자치도 춘천시 퇴계동 178-3 
한식,요이,강원특별자치도 춘천시 온의동 590 온의 롯데캐슬 스카이클래스 
한식,제육대가,강원특별자치도 춘천시 퇴계동 1240 e편한세상 춘천 한숲시티 
호프/통닭,비비큐봄내행운점,강원특별자치도 춘천시 석사동 796-13 
중국식,화도,강원특별자치도 춘천시 퇴계동 164-3 
한식,시골가마솥김치찜,강원특별자치도 춘천시 석사동 707-15 
일식,어담,강원특별자치도 춘천시 동내면 거두리 958-5 
기타,풍차장어,강원특별자치도 춘천시 근화동 694 
기타,샌치한데이강대후문점,강원특별자치도 춘천시 효자동 626-7 
한식,설악막국수춘천닭갈비강촌본점,강원특별자치도 춘천시 남면 후동리 402 
기타,SEASON GREEN(시즌그린),강원특별자치도 춘천시 남면 후동리 402 
횟집,명품송어,강원특별자치도 춘천시 석사동 747-20 (1층) 
한식,샤브르정원춘천점,강원특별자치도 춘천시 후평동 78-4 
기타,광장칼국수,강원특별자치도 춘천시 삼천동 425-5 
분식,수경수제만두,강원특별자치도 춘천시 온의동 587-3 
호프/통닭,배럴하우스(BARREL HOUSE),강원특별자치도 춘천시 퇴계동 1159-2 
중국식,미왕,강원특별자치도 춘천시 효자동 686 
한식,다온밥상,강원특별자치도 춘천시 동면 만천리 703-4 
분식,곰순이네분식,강원특별자치도 춘천시 운교동 146-1 
한식,아우라지,강원특별자치도 춘천시 낙원동 60-7 
중국식,초원가남춘천역점,강원특별자치도 춘천시 퇴계동 1152-1 
일식,돈끼니꾸,강원특별자치도 춘천시 석사동 742-12 
한식,주목,강원특별자치도 춘천시 동면 만천리 881-2 
한식,괭이부리마을춘천점,강원특별자치도 춘천시 삼천동 152-1 
한식,쌤칼국수,강원특별자치도 춘천시 동면 지내리 232-7 
기타,대박,강원특별자치도 춘천시 운교동 182 
식육(숯불구이),화가마순대국,강원특별자치도 춘천시 우두동 1065-7 
식육(숯불구이),연막창남춘천역점,강원특별자치도 춘천시 퇴계동 1181-3 
한식,이가네일품순대국춘천점,강원특별자치도 춘천시 서면 금산리 495-11 
한식,해물여행,강원특별자치도 춘천시 동내면 신촌리 354-20 
기타,상하이마라꼬치춘천석사점,강원특별자치도 춘천시 석사동 888-1 
정종/대포집/소주방,오필승닭발거두점,강원특별자치도 춘천시 동내면 거두리 954-2 
경양식,아마떼(Amo-te)우두점,"강원특별자치도 춘천시 우두동 1066-22 (1층,좌측) "
기타,오이트에스프레소바,강원특별자치도 춘천시 옥천동 38-1 
한식,상상오리춘천점,강원특별자치도 춘천시 석사동 663 
한식,소곱창대가&악마의곱도리탕&대창을품은떡볶이,강원특별자치도 춘천시 운교동 206 
한식,미가,강원특별자치도 춘천시 효자동 315-6 
한식,양평토속해장국,강원특별자치도 춘천시 동면 지내리 236-6 
정종/대포집/소주방,월미당강원대점,강원특별자치도 춘천시 효자동 626-13 
한식,마선생얼큰국밥(춘천점),강원특별자치도 춘천시 효자동 671-10 
한식,병천전통순대,강원특별자치도 춘천시 동면 만천리 305-3 
한식,진부령동태찜,강원특별자치도 춘천시 후평동 416 
한식,은행나무집,강원특별자치도 춘천시 신동면 팔미리 437-1 
중국식,동내반점,강원특별자치도 춘천시 사북면 지암리 250-4 
"외국음식전문점(인도,태국등)",에스키샤하르(ESKISHAHAR),강원특별자치도 춘천시 효자동 768 
한식,춘천닭갈비김밥,강원특별자치도 춘천시 삼천동 37-30 
호프/통닭,60계치킨춘천교대점,강원특별자치도 춘천시 석사동 313-27 
기타,왕소나무막국수,강원특별자치도 춘천시 동산면 조양리 473 
한식,이쁜네,강원특별자치도 춘천시 칠전동 543-2 
호프/통닭,굽네치킨동광오거리점,강원특별자치도 춘천시 후평동 739 1층 
호프/통닭,가든비어(Garden Beer),강원특별자치도 춘천시 퇴계동 1167-4 
한식,등선식당,강원특별자치도 춘천시 서면 덕두원리 118-19 
한식,거두리부자동태찜,강원특별자치도 춘천시 퇴계동 1085 
통닭(치킨),교촌치킨(효자점),강원특별자치도 춘천시 효자동 545-3 
호프/통닭,추억의호프,강원특별자치도 춘천시 요선동 11-2 
기타,김밥킹석사점,강원특별자치도 춘천시 석사동 888-1 
경양식,마릴본,강원특별자치도 춘천시 효자동 542-2 
한식,강릉집,강원특별자치도 춘천시 요선동 8-1 
중국식,경화루,강원특별자치도 춘천시 효자동 669-11 
한식,춘천준이네닭갈비,강원특별자치도 춘천시 삼천동 158 
기타,신포리커피집,강원특별자치도 춘천시 사북면 신포리 411-4 
한식,효자동해물칼국수,강원특별자치도 춘천시 효자동 697-20 
한식,뚱자국밥,강원특별자치도 춘천시 후평동 691 
정종/대포집/소주방,지척,강원특별자치도 춘천시 우두동 1063-6 
기타,리얼스노우(Real-Snow),강원특별자치도 춘천시 남산면 방하리 104 
까페,칠전동,강원특별자치도 춘천시 칠전동 601-1 
까페,브로떼,강원특별자치도 춘천시 중앙로1가 26-2 
까페,아일래나라운지,강원특별자치도 춘천시 남산면 방하리 198 
한식,다우리순대국,강원특별자치도 춘천시 후평동 429-25 
한식,이디야춘천퇴계한주점,강원특별자치도 춘천시 퇴계동 86-2 (1층2호) 
한식,마당골,강원특별자치도 춘천시 서면 덕두원리 383 
한식,오봉집춘천우두점,강원특별자치도 춘천시 사농동 55-1 
경양식,감자아일랜드 온의점,강원특별자치도 춘천시 온의동 601 춘천 센트럴타워 푸르지오 
한식,송향,강원특별자치도 춘천시 동면 장학리 751 
감성주점,느와르,강원특별자치도 춘천시 석사동 951-5 
한식,진한사골돼지국밥,강원특별자치도 춘천시 후평동 833-13 
기타,루이스(louis),강원특별자치도 춘천시 석사동 949-2 (1층) 
탕류(보신용),원조막국수별관,강원특별자치도 춘천시 동산면 원창리 891-3 
분식,친구친구,강원특별자치도 춘천시 효자동 150-15 외 1필지 
정종/대포집/소주방,어제그집,강원특별자치도 춘천시 후평동 748-10 
기타,홍어랑돼지랑,강원특별자치도 춘천시 후평동 687-2 
한식,비에치씨국군춘천병원점,강원특별자치도 춘천시 신동 546-1 
기타,장가네솥뚜껑문경약돌돼지,강원특별자치도 춘천시 퇴계동 1192-6 
호프/통닭,비비큐(BBQ)(애막골점),강원특별자치도 춘천시 석사동 724-10 
탕류(보신용),차재현의순대박사(퇴계점),강원특별자치도 춘천시 퇴계동 1067-1 
식육(숯불구이),백년족발온의근화점,강원특별자치도 춘천시 근화동 713 
식육(숯불구이),황금불판삼겹살,강원특별자치도 춘천시 퇴계동 904-11 1층 
기타,환희관,강원특별자치도 춘천시 석사동 741-3 
식육(숯불구이),태평소스무숲점,강원특별자치도 춘천시 석사동 904-3 (1층) 
한식,호반추어탕,강원특별자치도 춘천시 퇴계동 680-2 1층 
호프/통닭,가마치통닭스무숲점,강원특별자치도 춘천시 석사동 942-2 (1층) 
한식,이모네장터,강원특별자치도 춘천시 퇴계동 902-10 
기타,퍼스트러브(First Love),강원특별자치도 춘천시 효자동 607-8 
분식,오믈하우스,강원특별자치도 춘천시 효자동 631 
분식,테그42춘천석사점,강원특별자치도 춘천시 석사동 880-5 
식육(숯불구이),무등소갈비춘천퇴계점,강원특별자치도 춘천시 퇴계동 1161-3 
분식,석관동떡볶이춘천점,강원특별자치도 춘천시 효자동 607-5 
기타,유미카츠춘천우두점,강원특별자치도 춘천시 사농동 55-1 
기타,작은식당,강원특별자치도 춘천시 효자동 326 
한식,웰빙한정식소반,강원특별자치도 춘천시 석사동 961-2 
기타,쌍팔통닭춘천온의점,강원특별자치도 춘천시 온의동 52-7 
일식,소묵(SOMUK),강원특별자치도 춘천시 죽림동 108 
호프/통닭,굽네치킨(신사우점),강원특별자치도 춘천시 우두동 409-11 
기타,밀봄숲,강원특별자치도 춘천시 동산면 군자리 1031 
한식,정원푸드,강원특별자치도 춘천시 우두동 1093-7 
기타,유로코피자효자동점,강원특별자치도 춘천시 효자동 661-18 
한식,강촌시골밥집,강원특별자치도 춘천시 남산면 강촌리 339-8 
한식,가마솥흑염소,강원특별자치도 춘천시 삼천동 22-14 
경양식,르포렘,강원특별자치도 춘천시 석사동 840-10 
기타,노모어피자(춘천점),강원특별자치도 춘천시 효자동 626-12 
한식,우리대구왕뽈떼기,강원특별자치도 춘천시 동내면 거두리 1042-5 
분식,원리터,"강원특별자치도 춘천시 죽림동 189 브라운상가6동 61111,61112호 "
횟집,온스트릿(onstreet),강원특별자치도 춘천시 퇴계동 1085 
분식,애플꼬마김밥춘천점,강원특별자치도 춘천시 후평동 794-6 
기타,어컵오브티(a cup of Tea),강원특별자치도 춘천시 효자동 176-46 
식육(숯불구이),호원가든닭갈비,강원특별자치도 춘천시 남산면 서천리 28-25 
기타,파란만잔강원대60주년기념관점,강원특별자치도 춘천시 효자동 192-1 외39필지 
횟집,애막골횟집,강원특별자치도 춘천시 후평동 882-3 
식육(숯불구이),배달삼겹돈나와라뚝딱,강원특별자치도 춘천시 효자동 663 
한식,삼촌네갈비탕,강원특별자치도 춘천시 온의동 517-5 
중국식,이비가짬뽕춘천홈플러스점,강원특별자치도 춘천시 퇴계동 141 홈플러스 
정종/대포집/소주방,퇴계주점,강원특별자치도 춘천시 퇴계동 904-10 
한식,소양댐우미숯불닭갈비,강원특별자치도 춘천시 신북읍 천전리 78-1 
기타,강촌그냥,강원특별자치도 춘천시 남산면 방곡리 425 
한식,돼지야생고기전문점,강원특별자치도 춘천시 우두동 1061 
한식,짱어장어,강원특별자치도 춘천시 퇴계동 475-10 
경양식,수아마노,강원특별자치도 춘천시 죽림동 4-4 조양동31-5 
한식,대흥가,강원특별자치도 춘천시 남산면 광판리 591-177 
중국식,양꼬치집,강원특별자치도 춘천시 퇴계동 1164 
기타,리얼다이어트캠프안피트니스컴퍼니,강원특별자치도 춘천시 남산면 강촌리 429 
기타,오달구한우목장강촌마루능이백숙,강원특별자치도 춘천시 남면 후동리 400-1 
기타,텐텐카츠본점,강원특별자치도 춘천시 우두동 1094 
한식,곰배령,강원특별자치도 춘천시 온의동 589 1층 
기타,타코비춘천점,강원특별자치도 춘천시 중앙로2가 37-1 
한식,명신시골밥상,강원특별자치도 춘천시 북산면 추곡리 116 
기타,공간스튜디오카페,강원특별자치도 춘천시 동내면 거두리 653-5 
중국식,미각,강원특별자치도 춘천시 퇴계동 165-2 
기타,바틀(bar틀),강원특별자치도 춘천시 퇴계동 1082 
기타,카페문,강원특별자치도 춘천시 동면 만천리 163-146 
횟집,창랑,강원특별자치도 춘천시 동내면 거두리 964-1 
기타,신북피자,강원특별자치도 춘천시 신북읍 천전리 212-43 
경양식,세인트콕스(ST.COQS),강원특별자치도 춘천시 삼천동 217 최8필지 1층 
까페,댄싱카페인(Dancing Caffine),강원특별자치도 춘천시 삼천동 223-2 1층 
한식,효자골,강원특별자치도 춘천시 죽림동 189 브라운가 
한식,거두생갈비,강원특별자치도 춘천시 동내면 거두리 1090-2 101호
통닭(치킨),새참,강원특별자치도 춘천시 퇴계동 165-2 
한식,항아리,강원특별자치도 춘천시 후평동 836-16 
탕류(보신용),두레박감자탕순대국,강원특별자치도 춘천시 온의동 526-8 (1층) 
기타,올더쭈꾸미,강원특별자치도 춘천시 후평동 741-11 
호프/통닭,bhc춘천후평점,강원특별자치도 춘천시 후평동 67-56 
한식,곰바위,강원특별자치도 춘천시 신북읍 율문리 282-6 
분식,구봉산카페(CAFE)편의점,강원특별자치도 춘천시 동면 장학리 139-54 
분식,미미스낵,강원특별자치도 춘천시 낙원동 118-8 
호프/통닭,더비어하우스,강원특별자치도 춘천시 퇴계동 395-79 
한식,엄마손,강원특별자치도 춘천시 칠전동 592-14 
기타,더홈,강원특별자치도 춘천시 퇴계동 1064 1층 
한식,한림양장,강원특별자치도 춘천시 교동 156-23 
기타,이태원,강원특별자치도 춘천시 퇴계동 968-3 
정종/대포집/소주방,7.5닭갈비,강원특별자치도 춘천시 석사동 735-9 
한식,미가,강원특별자치도 춘천시 후평동 730 1층 
기타,미오브런치카페,강원특별자치도 춘천시 석사동 186-19 
한식,단풍나무집,강원특별자치도 춘천시 사북면 고탄리 136-2 
한식,화롯불,강원특별자치도 춘천시 우두동 460-14 
라이브카페,리버,강원특별자치도 춘천시 퇴계동 902-8 지하 
탕류(보신용),송암식당,강원특별자치도 춘천시 삼천동 157-3 
식육(숯불구이),육반주,강원특별자치도 춘천시 석사동 921-7 
식육(숯불구이),보안냉동삼겹살,강원특별자치도 춘천시 후평동 72 
호프/통닭,수옛날통닭,강원특별자치도 춘천시 요선동 7-1 
호프/통닭,멘시루,강원특별자치도 춘천시 효자동 632-13 
정종/대포집/소주방,석사왕막걸리만천점,강원특별자치도 춘천시 후평동 740-6 
한식,금선식당,강원특별자치도 춘천시 죽림동 32 
분식,은하수야식,강원특별자치도 춘천시 후평동 796-1 
분식,정민이네집,강원특별자치도 춘천시 중앙로1가 90-1 
통닭(치킨),포차천국,강원특별자치도 춘천시 교동 156-4 
경양식,미니슈퍼,강원특별자치도 춘천시 퇴계동 892-3 
일식,나라앤미네,강원특별자치도 춘천시 중앙로1가 74 
분식,엄마밥상,강원특별자치도 춘천시 동면 장학리 794-7 
분식,광판팔뚝김밥만천점,강원특별자치도 춘천시 동면 만천리 761-15 
호프/통닭,리얼안심탕수육&리얼하노이퇴계점,강원특별자치도 춘천시 퇴계동 1101 
한식,신비면옥춘천명동점,"강원특별자치도 춘천시 중앙로2가 87-2 87-1, 89-2 "
기타,타코로퇴계점,강원특별자치도 춘천시 퇴계동 968-7 
식육(숯불구이),화담,강원특별자치도 춘천시 삼천동 152-1 
경양식,씨엘로,강원특별자치도 춘천시 동면 만천리 326-33 
기타,화담,강원특별자치도 춘천시 석사동 911-8 
정종/대포집/소주방,인생건어물남춘천점,강원특별자치도 춘천시 퇴계동 1180-1 
한식,큰댁돌솥밥,강원특별자치도 춘천시 후평동 739-4 
한식,속초닭강정,강원특별자치도 춘천시 석사동 705-20 
분식,한솜반찬,강원특별자치도 춘천시 온의동 29-3 풍물시장 (구)38호 8동 806호
기타,낭만의거리,강원특별자치도 춘천시 석사동 642-11 (1층) 
식육(숯불구이),화정,강원특별자치도 춘천시 석사동 744-1 
한식,중국요리만무방,강원특별자치도 춘천시 신동면 증리 401-1 1층 
한식,능이고을,강원특별자치도 춘천시 서면 오월리 97-61 
기타,그늘집(밸리스타트하우스),강원특별자치도 춘천시 남산면 백양리 29-1 
한식,소양강흑염소,강원특별자치도 춘천시 요선동 1-1 
식육(숯불구이),화포식당춘천점,강원특별자치도 춘천시 후평동 692-12 
식육(숯불구이),금오옥토,강원특별자치도 춘천시 퇴계동 894-1 
감성주점,비바라비다,강원특별자치도 춘천시 교동 156-8 
한식,연,강원특별자치도 춘천시 동내면 고은리 70-8 
통닭(치킨),굽네치킨석사봄내점,강원특별자치도 춘천시 석사동 642 
호프/통닭,대박소주방,강원특별자치도 춘천시 교동 136-7 
통닭(치킨),꼬꼬랑꼬치랑,강원특별자치도 춘천시 석사동 726-6 
정종/대포집/소주방,전봇대로(路),강원특별자치도 춘천시 퇴계동 1003-1 (2층) 
한식,춘천별미닭갈비,강원특별자치도 춘천시 후평동 848-1 
정종/대포집/소주방,또와닭발,강원특별자치도 춘천시 후평동 878-10 
호프/통닭,투다리(행운점),강원특별자치도 춘천시 온의동 148-4 
중국식,후평각,강원특별자치도 춘천시 후평동 687-13 
횟집,내고향횟집,강원특별자치도 춘천시 사북면 지촌리 423-6 
한식,충남삼계탕,강원특별자치도 춘천시 요선동 3-9 
한식,한신식당,강원특별자치도 춘천시 후평동 24-11 
호프/통닭,모여라치킨,강원특별자치도 춘천시 후평동 27-14 
한식,춘천댐촌닭집거두점,강원특별자치도 춘천시 동내면 거두리 1111-3 
한식,거두리청국장,강원특별자치도 춘천시 동내면 거두리 444-1 
한식,별장한방토종닭,강원특별자치도 춘천시 동면 감정리 665-43 
분식,김밥세상,강원특별자치도 춘천시 석사동 311-5 
식육(숯불구이),조개본능,강원특별자치도 춘천시 석사동 737-10 
횟집,퇴계수산횟집,강원특별자치도 춘천시 석사동 827-5 
한식,먹촌가,강원특별자치도 춘천시 석사동 642 
한식,머루촌숯불갈비,강원특별자치도 춘천시 석사동 639-1 
한식,해미,강원특별자치도 춘천시 후평동 429-12 
분식,동이만두,강원특별자치도 춘천시 효자동 162-6 
한식,부용가든,강원특별자치도 춘천시 북산면 청평리 666-1 
한식,애막골진미감자탕,강원특별자치도 춘천시 석사동 734-5 
한식,참미닭갈비,강원특별자치도 춘천시 우두동 1062-10 
기타,햇골길34,강원특별자치도 춘천시 남산면 서천리 452 
탕류(보신용),권할머니흑염소,강원특별자치도 춘천시 동산면 군자리 811-1 
한식,춘천옹심이칼국수,강원특별자치도 춘천시 퇴계동 1008-9 
탕류(보신용),안골설렁탕,강원특별자치도 춘천시 남면 발산리 92-10 
호프/통닭,스토리,강원특별자치도 춘천시 조양동 26-1 
기타,우영야식,강원특별자치도 춘천시 교동 15-3 
통닭(치킨),치킨밥,강원특별자치도 춘천시 퇴계동 1013-1 
한식,무암산(애),강원특별자치도 춘천시 동면 월곡리 439-15 
기타,움버거앤윙스더잭슨나인스호텔춘천점,강원특별자치도 춘천시 근화동 265-1 더잭슨나인스호텔 
경양식,파머스키친,강원특별자치도 춘천시 신북읍 율문리 37-173 
분식,청년피자춘천퇴계점,강원특별자치도 춘천시 퇴계동 971-2 
식육(숯불구이),춘천미소닭갈비,강원특별자치도 춘천시 남산면 서천리 625-4 
식육(숯불구이),산속툇골오리,강원특별자치도 춘천시 퇴계동 908 (1층) 
식육(숯불구이),한아름밥상,강원특별자치도 춘천시 효자동 712-27 
한식,오필승닭발우미린점,강원특별자치도 춘천시 후평동 801-3 
호프/통닭,풍물만나통닭,강원특별자치도 춘천시 온의동 29-3 풍물시장 
기타,싣나모,강원특별자치도 춘천시 남면 추곡리 165-1 
한식,찜이랑탕이랑,강원특별자치도 춘천시 석사동 956-4 
한식,메밀밭감자옹심이메밀칼국수,강원특별자치도 춘천시 석사동 642-12 
분식,삐삐스넥1호,강원특별자치도 춘천시 중앙로2가 1 
경양식,함지,강원특별자치도 춘천시 중앙로3가 60 
식육(숯불구이),호남식당원조1호닭갈비막국수,강원특별자치도 춘천시 근화동 160-4 
한식,국수닭,강원특별자치도 춘천시 퇴계동 947-2 
기타,태양부양꼬치,강원특별자치도 춘천시 퇴계동 451-3 
식육(숯불구이),다우등심,강원특별자치도 춘천시 삼천동 213 
기타,우두동밥집,강원특별자치도 춘천시 우두동 442-8 
횟집,마라도횟집,강원특별자치도 춘천시 퇴계동 140-23 
뷔페식,은희네한식뷔페,강원특별자치도 춘천시 동면 장학리 1007-7 
기타,글로벌라운지,강원특별자치도 춘천시 요선동 7-7 
식육(숯불구이),낙지락지,강원특별자치도 춘천시 교동 154-1 
한식,전주비빔밥,강원특별자치도 춘천시 운교동 177-6 
한식,장수닭갈비,강원특별자치도 춘천시 조양동 138-14 
호프/통닭,화동코다리와칼국수,강원특별자치도 춘천시 후평동 871-8 (1층) 
통닭(치킨),교촌치킨 후평1호점,강원특별자치도 춘천시 후평동 836-1 
통닭(치킨),페리카나치킨명동점,강원특별자치도 춘천시 조양동 49-14 
일식,이자와춘천후평점,강원특별자치도 춘천시 후평동 793-2 
정종/대포집/소주방,일번지포차,강원특별자치도 춘천시 후평동 740-16 
한식,엄마식탁,강원특별자치도 춘천시 석사동 796-17 
한식,망향비빔국수남춘천점,강원특별자치도 춘천시 퇴계동 523-23 
한식,혜정닭갈비,강원특별자치도 춘천시 조양동 138-15 
한식,내촌청국장,강원특별자치도 춘천시 온의동 525-2 (1층) 
한식,이순례손만두,강원특별자치도 춘천시 조양동 13-17 
한식,선비칼국수춘천엔타점,강원특별자치도 춘천시 석사동 980 
한식,툇마루,강원특별자치도 춘천시 남산면 방곡리 311-5 
기타,마더제이레시피in춘천,강원특별자치도 춘천시 삼천동 50-5 
한식,돌담길,강원특별자치도 춘천시 석사동 666 
통닭(치킨),트링켄74(TrinKen74),강원특별자치도 춘천시 석사동 866-3 
분식,국수나무춘천명동점,강원특별자치도 춘천시 중앙로2가 25 
한식,백년한식부페,강원특별자치도 춘천시 삼천동 25 
한식,삼촌국밥,강원특별자치도 춘천시 후평동 742-28 
경양식,신촌돈까스,강원특별자치도 춘천시 효자동 631 
통닭(치킨),치킨놀이터,강원특별자치도 춘천시 동내면 학곡리 306-34 
한식,요리하는김작가,강원특별자치도 춘천시 퇴계동 947-4 
한식,봉덕칼국수,강원특별자치도 춘천시 동면 월곡리 439 
기타,신낙지마루,강원특별자치도 춘천시 효자동 20-4 
한식,효자황태구이,강원특별자치도 춘천시 효자동 705-18 (1~2층) 
한식,부안아구찜,강원특별자치도 춘천시 후평동 417 
한식,하마기사식당,강원특별자치도 춘천시 동내면 학곡리 306-46 
한식,고담한정식,강원특별자치도 춘천시 동내면 고은리 559-34 
기타,그늘집(레이크그늘집),강원특별자치도 춘천시 남산면 백양리 29-1 
기타,도래샘쉼터,강원특별자치도 춘천시 남면 한덕리 436-27 
횟집,활어당,강원특별자치도 춘천시 퇴계동 1165-1 
기타,그늘집(힐그늘집),강원특별자치도 춘천시 남산면 백양리 29-1 
한식,검봉산칡국수,강원특별자치도 춘천시 남산면 강촌리 404-1 
한식,북춘천스크린그늘집,강원특별자치도 춘천시 우두동 444-1 북춘천새마을금고 
정종/대포집/소주방,한잔할까,강원특별자치도 춘천시 운교동 183 동부시장현대아파트 
기타,그늘집(밸리그늘집),강원특별자치도 춘천시 남산면 백양리 29-1 
한식,소양호어탕국수,강원특별자치도 춘천시 동면 만천리 655-1 
한식,온담,강원특별자치도 춘천시 동면 만천리 871-38 
호프/통닭,개화강원,강원특별자치도 춘천시 요선동 212-2 
기타,LU'VEAT(러빗),강원특별자치도 춘천시 중앙로1가 74 
기타,황가네밥집,강원특별자치도 춘천시 동내면 학곡리 43-3 
한식,팔팔대감춘천점,강원특별자치도 춘천시 석사동 671-5 
식육(숯불구이),우영갈비,강원특별자치도 춘천시 교동 135-1 
중국식,일차앤이차,강원특별자치도 춘천시 동내면 거두리 956-3 1층 
기타,카페줌,강원특별자치도 춘천시 요선동 13-7 
식육(숯불구이),미리내닭갈비,강원특별자치도 춘천시 우두동 885-5 
기타,폭풍의 언덕,강원특별자치도 춘천시 효자동 626-9 
한식,전가네뼈칼국수,강원특별자치도 춘천시 석사동 747-3 
식육(숯불구이),(주)에이치비푸드라무진춘천점,강원특별자치도 춘천시 퇴계동 1191 
한식,추곡막국수,강원특별자치도 춘천시 남면 추곡리 234-1 
횟집,풀장횟집,강원특별자치도 춘천시 서면 오월리 97-1 
기타,연작업실,강원특별자치도 춘천시 낙원동 30-8 
한식,옥천족발,강원특별자치도 춘천시 퇴계동 426-23 
한식,행복한밥상,강원특별자치도 춘천시 퇴계동 902-5 (1층) 
식육(숯불구이),주상갈비,강원특별자치도 춘천시 동내면 거두리 931-1 
기타,두레통닭춘천석사점,강원특별자치도 춘천시 석사동 433-3 
한식,생각나는밥집,강원특별자치도 춘천시 효자동 749-15 
한식,더플랜(The Plan),강원특별자치도 춘천시 온의동 172-10 
기타,아짙오공일,강원특별자치도 춘천시 효자동 627-7 
기타,빅스타피자롯데마트춘천점,강원특별자치도 춘천시 온의동 6-25 롯데마트 
기타,소양강숯불장어촌,강원특별자치도 춘천시 신동면 정족리 693-4 
기타,콩이와쌀자루가오란다,강원특별자치도 춘천시 동면 장학리 1003-2 
기타,소소리,강원특별자치도 춘천시 석사동 651-12 
기타,인연찻집,강원특별자치도 춘천시 근화동 719-6 
한식,밥들밥,강원특별자치도 춘천시 동내면 거두리 617-7 
한식,선희네잔치국수,강원특별자치도 춘천시 효자동 700-3 
호프/통닭,퍽퍽살이싫어내가만든치킨집,강원특별자치도 춘천시 효자동 646-2 
호프/통닭,바삭한닭다리순살후라이드,강원특별자치도 춘천시 효자동 646-2 
한식,이모네불막창,강원특별자치도 춘천시 후평동 72 
한식,죽님동,강원특별자치도 춘천시 죽림동 11-103 
통닭(치킨),멕시칸치킨신사우점,강원특별자치도 춘천시 사농동 245-4 
기타,하버,강원특별자치도 춘천시 신북읍 용산리 340-4 
한식,육면,강원특별자치도 춘천시 교동 55-8 
기타,한중관,강원특별자치도 춘천시 후평동 711-24 
정종/대포집/소주방,간이역주공점,강원특별자치도 춘천시 퇴계동 961-6 
식육(숯불구이),황금돼지저금통,강원특별자치도 춘천시 퇴계동 381-4 
한식,광림공원(주),강원특별자치도 춘천시 동산면 군자리 산 133 
식육(숯불구이),강촌비비큐하우스(BBQ house),강원특별자치도 춘천시 남산면 방곡리 385 
기타,꼴두바우,강원특별자치도 춘천시 교동 11-14 
기타,식어도바삭한동서재닭강정,강원특별자치도 춘천시 효자동 646-2 
식육(숯불구이),골든몽키리조트(푸드),강원특별자치도 춘천시 남면 가정리 820 
기타,닭다리순살하나만제대로하는집,강원특별자치도 춘천시 효자동 646-2 
호프/통닭,정량초과치킨-닭다리살만더주는가게,강원특별자치도 춘천시 효자동 646-2 
한식,옛날잔치국수,강원특별자치도 춘천시 효자동 665-1 
한식,만보네,강원특별자치도 춘천시 효자동 18-104 
한식,홍청다슬기해장국,강원특별자치도 춘천시 퇴계동 1093 
한식,별미순대국,강원특별자치도 춘천시 후평동 291-11 
분식,몽둥이김밥앤토스트,강원특별자치도 춘천시 동내면 학곡리 592 
기타,샵카페,강원특별자치도 춘천시 운교동 171 
통닭(치킨),하림통닭,강원특별자치도 춘천시 석사동 643-5 
한식,박순이김치찌개부대찌개,강원특별자치도 춘천시 온의동 525 
기타,파스타라이크,강원특별자치도 춘천시 운교동 167 1층 
한식,취화선,강원특별자치도 춘천시 조양동 6-270 
기타,위드제이에스1,강원특별자치도 춘천시 석사동 98 
호프/통닭,추가령,강원특별자치도 춘천시 효자동 629-15 
분식,영은네식당,강원특별자치도 춘천시 우두동 742-1 
기타,냉삼국민학교,강원특별자치도 춘천시 퇴계동 1003-5 
기타,펀비어킹춘천한숲시티점,강원특별자치도 춘천시 퇴계동 1240 e편한세상 춘천 한숲시티 
기타,인생건어물공지천점,강원특별자치도 춘천시 삼천동 13-1 
기타,그린닭갈비,강원특별자치도 춘천시 신동면 증리 903-2 
식육(숯불구이),일미리금계찜닭강대후문점,강원특별자치도 춘천시 효자동 626-1 
통닭(치킨),원조마늘통닭집,강원특별자치도 춘천시 후평동 870 
정종/대포집/소주방,꼬지사께 후평점,강원특별자치도 춘천시 후평동 700-2 
한식,우두명가순대,강원특별자치도 춘천시 우두동 162-3 
통닭(치킨),자담칠전점,강원특별자치도 춘천시 칠전동 585-1 
한식,본래순대춘천애막골점,강원특별자치도 춘천시 석사동 726-3 
식육(숯불구이),일선갈비,강원특별자치도 춘천시 우두동 1062-16 
중국식,따거,강원특별자치도 춘천시 후평동 714-12 
기타,유정역,강원특별자치도 춘천시 신동면 증리 950-11 
기타,숙성21,강원특별자치도 춘천시 동산면 원창리 233-6 
한식,금별맥주춘천애막골점,강원특별자치도 춘천시 석사동 735-19 
한식,산천어춘천닭갈비,강원특별자치도 춘천시 효자동 100-3 
한식,치치,강원특별자치도 춘천시 효자동 628-12 
한식,서가네,강원특별자치도 춘천시 석사동 642-15 
기타,메가박스 중앙(주) 춘천석사지점,강원특별자치도 춘천시 석사동 980 
일식,호주에서온스시 춘천우두점,강원특별자치도 춘천시 우두동 1089 
정종/대포집/소주방,지고지술,강원특별자치도 춘천시 우두동 1062 
한식,행복한여자의공간,강원특별자치도 춘천시 효자동 656 
한식,근화순대국밥,강원특별자치도 춘천시 근화동 730-8 
기타,큐스타앤펍,강원특별자치도 춘천시 효자동 17-10 
분식,곤지암할매소머리국밥,강원특별자치도 춘천시 신동면 증리 938-2 
기타,소담소담카페,강원특별자치도 춘천시 남산면 강촌리 676-34 
기타,오르막,강원특별자치도 춘천시 삼천동 63-139 
한식,잠실집,강원특별자치도 춘천시 퇴계동 871-5 1층 
탕류(보신용),서울감자탕,강원특별자치도 춘천시 효자동 674-10 
호프/통닭,청춘호프,강원특별자치도 춘천시 후평동 727-3 
한식,뚱이수육국밥,강원특별자치도 춘천시 석사동 737-20 
분식,김밥나라,강원특별자치도 춘천시 효자동 628-11 
까페,나스(NA's),강원특별자치도 춘천시 신북읍 천전리 85-1 
기타,자담치킨애막골점,강원특별자치도 춘천시 석사동 740-20 (1층) 
중국식,라화쿵부춘천점,강원특별자치도 춘천시 중앙로2가 20-2 2층 
기타,알케이,강원특별자치도 춘천시 후평동 795-12 
기타,오늘키친,강원특별자치도 춘천시 효자동 325-12 
기타,소문(小門),강원특별자치도 춘천시 동면 만천리 817-1 
한식,어촌밥상생선조림전문점,강원특별자치도 춘천시 퇴계동 1166-3 
정종/대포집/소주방,남부전집,강원특별자치도 춘천시 효자동 684-11 
기타,산촌마을,강원특별자치도 춘천시 사북면 지암리 687-5 
한식,금계촌두부,강원특별자치도 춘천시 남면 후동리 43-1 
중국식,연2호점,강원특별자치도 춘천시 동면 지내리 124-4 
호프/통닭,케이엠지엠(KMGM)춘천점,강원특별자치도 춘천시 석사동 729-5 
한식,봄봄한식부페,강원특별자치도 춘천시 후평동 738-3 
한식,병천시골순대국밥,강원특별자치도 춘천시 효자동 623-11 
호프/통닭,쪼끼쪼끼,강원특별자치도 춘천시 석사동 729-5 
한식,순대국만세후평점,강원특별자치도 춘천시 후평동 756-11 
한식,남부푸드,강원특별자치도 춘천시 후평동 725-15 
한식,도담집,강원특별자치도 춘천시 동내면 거두리 948-12 
분식,광산골식당,강원특별자치도 춘천시 사북면 신포리 592-1 
한식,장학리굽자네밥집,강원특별자치도 춘천시 동면 장학리 1008 
일식,온숯카츠,강원특별자치도 춘천시 효자동 625-4 
"외국음식전문점(인도,태국등)",미스사이공온의점,강원특별자치도 춘천시 온의동 587-8 뉴타운 1동 102호
한식,화천두부집,강원특별자치도 춘천시 석사동 729-4 
한식,푸릉,강원특별자치도 춘천시 교동 156-8 
라이브카페,윌비,강원특별자치도 춘천시 후평동 855-2 
호프/통닭,생돈도야,강원특별자치도 춘천시 우두동 1067 
식육(숯불구이),달콤한 삼겹살 거두점,강원특별자치도 춘천시 동내면 거두리 1055-5 
기타,산뜰,강원특별자치도 춘천시 신북읍 용산리 341-3 
횟집,밤골회집,강원특별자치도 춘천시 서면 오월리 97-25 
한식,명가(매운탕),강원특별자치도 춘천시 동내면 학곡리 398 
일식,토리아에즈춘천후평점,강원특별자치도 춘천시 후평동 795-1 
분식,코노미야,강원특별자치도 춘천시 퇴계동 380-6 
한식,고기싸롱후평점,강원특별자치도 춘천시 후평동 703 
경양식,황금로부대전골춘천점,강원특별자치도 춘천시 퇴계동 873-11 
경양식,마이플레이스,강원특별자치도 춘천시 칠전동 601-6 1층 
한식,고창풍천장어,강원특별자치도 춘천시 남산면 창촌리 269 
한식,운수대통닭갈비,강원특별자치도 춘천시 효자동 626-18 
정종/대포집/소주방,삼삼오오,강원특별자치도 춘천시 퇴계동 1008-8 
기타,시골낙지,강원특별자치도 춘천시 조양동 43-3 
기타,필인두드림,강원특별자치도 춘천시 퇴계동 902-4 (지하1층) 
한식,보영이네해물칼국수만천리점,강원특별자치도 춘천시 동면 만천리 816-4 
중국식,명품탕수육,강원특별자치도 춘천시 효자동 776-7 
김밥(도시락),연가지가,강원특별자치도 춘천시 남산면 방하리 198-7 
호프/통닭,필젠,강원특별자치도 춘천시 동내면 거두리 1004-7 
기타,스무숲길가,강원특별자치도 춘천시 석사동 928-6 
한식,더밥(THEBAB),강원특별자치도 춘천시 온의동 522-4 
한식,물레방아집,강원특별자치도 춘천시 서면 오월리 97-32 (1층) 
호프/통닭,이모네돼지갈비부속구이,강원특별자치도 춘천시 석사동 737-8 
경양식,골프존파크근화백마점,강원특별자치도 춘천시 근화동 710-1 
식육(숯불구이),강남숯불구이,강원특별자치도 춘천시 온의동 517-7 
한식,생곡막국수춘천점,강원특별자치도 춘천시 동면 만천리 430 
일식,미미카츠,강원특별자치도 춘천시 조양동 3-24 
일식,이자카야봄날,강원특별자치도 춘천시 퇴계동 1138 
기타,바게트하우스,강원특별자치도 춘천시 교동 93-177 
횟집,오늘도삼겹살,강원특별자치도 춘천시 후평동 701-6 
한식,반찬투정,강원특별자치도 춘천시 동내면 거두리 960-5 
호프/통닭,행복한밥집,강원특별자치도 춘천시 후평동 725-19 (1층) 
한식,장터생고기,강원특별자치도 춘천시 우두동 1053-1 
정종/대포집/소주방,친구네,"강원특별자치도 춘천시 운교동 183 동부시장 상가 49,50호 "
한식,음메수구레해장국,강원특별자치도 춘천시 후평동 801-9 
한식,새미골추어탕,"강원특별자치도 춘천시 요선동 18-6 ,7 "
식육(숯불구이),곱분이곱창거두점,강원특별자치도 춘천시 동내면 거두리 946-10 
탕류(보신용),조부자매운순대가장학점,강원특별자치도 춘천시 후평동 753-13 
식육(숯불구이),춘천삼겹살,강원특별자치도 춘천시 퇴계동 961-12 
기타,가인,강원특별자치도 춘천시 후평동 686-25 
한식,박사마을닭갈비막국수,강원특별자치도 춘천시 서면 금산리 641 
기타,로즈드마이,강원특별자치도 춘천시 운교동 176-3 
기타,느만장,강원특별자치도 춘천시 동면 감정리 280 
호프/통닭,수옛날통닭장학점,강원특별자치도 춘천시 동면 장학리 1002-4 
한식,청송막국수,강원특별자치도 춘천시 석사동 641 
기타,고미당,강원특별자치도 춘천시 석사동 643 
호프/통닭,올리브치킨,강원특별자치도 춘천시 운교동 167-3 
횟집,대포항횟집,강원특별자치도 춘천시 효자동 754-1 (1층) 
한식,지암막국수,강원특별자치도 춘천시 사북면 지암리 118-7 
한식,한촌설렁탕춘천만천점,강원특별자치도 춘천시 동면 만천리 475-2 
횟집,박군한우,강원특별자치도 춘천시 퇴계동 956-11 
한식,포랑온의점,강원특별자치도 춘천시 온의동 587-5 춘천강남하이엔드 
기타,파피루스,강원특별자치도 춘천시 온의동 548-10 
한식,밥보네집,"강원특별자치도 춘천시 효자동 632 (3동,1층) "
한식,손님입맛대로,강원특별자치도 춘천시 운교동 183 
일식,온해,강원특별자치도 춘천시 석사동 885-3 
식육(숯불구이),메가푸드,강원특별자치도 춘천시 교동 156-1 
기타,구팔범,강원특별자치도 춘천시 남산면 강촌리 338-11 
경양식,부꾸보꾸,강원특별자치도 춘천시 석사동 649-7 
중국식,수짬뽕,강원특별자치도 춘천시 효자동 309-6 
정종/대포집/소주방,불금포차,강원특별자치도 춘천시 퇴계동 902-4 
한식,뼈대있는집,강원특별자치도 춘천시 석사동 98-2 
라이브카페,라이브야성7080,강원특별자치도 춘천시 온의동 151-2 (지하1층) 
식육(숯불구이),5감족발,강원특별자치도 춘천시 효자동 750-9 
정종/대포집/소주방,닭담,강원특별자치도 춘천시 후평동 703-6 
한식,흥부밥상,강원특별자치도 춘천시 신동면 팔미리 250-2 
한식,진미식당,강원특별자치도 춘천시 요선동 13-15 
식육(숯불구이),소담송하,강원특별자치도 춘천시 요선동 2-2 
한식,고미고미,강원특별자치도 춘천시 근화동 285-19 
한식,낭만국수집,강원특별자치도 춘천시 옥천동 37-11 
호프/통닭,강남1984,강원특별자치도 춘천시 퇴계동 396-9 
한식,함평한우,강원특별자치도 춘천시 삼천동 155-2 
식육(숯불구이),가라매기닭갈비,강원특별자치도 춘천시 우두동 1060 6통
기타,와꾸만,강원특별자치도 춘천시 퇴계동 899 (1층)오른쪽 
기타,프리에어스페이스(Free Air Space),강원특별자치도 춘천시 효자동 632-1 
중국식,교동짬뽕(남춘천점),강원특별자치도 춘천시 퇴계동 1189-3 1층 
일식,온찬,강원특별자치도 춘천시 효자동 250-51 
중국식,미소차이니즈레스토랑,강원특별자치도 춘천시 퇴계동 530-5 
정종/대포집/소주방,오페라,강원특별자치도 춘천시 석사동 103-80 
중국식,서면반점,강원특별자치도 춘천시 서면 금산리 495-11 
패스트푸드,비비큐(석사점),강원특별자치도 춘천시 퇴계동 971-2 
한식,"호반닭갈비,막국수",강원특별자치도 춘천시 온의동 548-17 
한식,두하닭갈비막국수,강원특별자치도 춘천시 삼천동 200-4 
중국식,착한중식야식,강원특별자치도 춘천시 요선동 191 한신휴플러스아파트상가 
기타,조선땡초우동춘천점,강원특별자치도 춘천시 요선동 19 다13 
기타,산마루,강원특별자치도 춘천시 후평동 848-4 
호프/통닭,짬부돈,강원특별자치도 춘천시 퇴계동 1160-4 좌측 
탕류(보신용),대룡산은혜식당,강원특별자치도 춘천시 동내면 학곡리 600-4 
일식,퓨전요리주점도도,강원특별자치도 춘천시 요선동 13-11 
분식,삼성분식,강원특별자치도 춘천시 우두동 1068 삼성아파트상가 103호 
식육(숯불구이),특공제육부페,강원특별자치도 춘천시 신북읍 천전리 672-1 
식육(숯불구이),황쓰도깨비집숯불닭갈비,강원특별자치도 춘천시 조양동 138-5 
한식,천하일미 닭갈비,강원특별자치도 춘천시 온의동 516 
한식,우리식당,강원특별자치도 춘천시 효자동 711-18 
한식,시골막국수,강원특별자치도 춘천시 신북읍 율문리 278-3 
탕류(보신용),산골흑염소,강원특별자치도 춘천시 신북읍 율문리 298-32 
기타,반올림피자샵춘천1호점,강원특별자치도 춘천시 교동 149-8 
기타,김밥옆구리,강원특별자치도 춘천시 동내면 거두리 1090-3 
한식,세할머니막국수,강원특별자치도 춘천시 석사동 778-1 
한식,북한강식당,강원특별자치도 춘천시 남산면 강촌리 591-1 
기타,카페마르,강원특별자치도 춘천시 효자동 683-8 
분식,청춘꼬마김밥퇴계점,강원특별자치도 춘천시 퇴계동 1240 
분식,영석돈까스,강원특별자치도 춘천시 운교동 170-16 
횟집,평창송어,강원특별자치도 춘천시 퇴계동 418-5 
분식,경성푸드빌,강원특별자치도 춘천시 석사동 695-7 
한식,더(The)다정한밥상,강원특별자치도 춘천시 동내면 거두리 417-5 
경양식,애막골상회,강원특별자치도 춘천시 석사동 744-9 
일식,강빠,강원특별자치도 춘천시 석사동 745-2 
정종/대포집/소주방,심야화로,강원특별자치도 춘천시 퇴계동 1094 
기타,샤브명가,강원특별자치도 춘천시 퇴계동 529-1 
식육(숯불구이),남춘천아이씨명품한우,강원특별자치도 춘천시 동산면 군자리 795-1 외2필지 
분식,김앤밥(김&밥),강원특별자치도 춘천시 후평동 807-7 
한식,인어의집,강원특별자치도 춘천시 신동면 의암리 311-1 
통닭(치킨),비에치씨퇴계씨지브이점(bhc퇴계CGV점),강원특별자치도 춘천시 퇴계동 1013-7 
한식,이모네밥상,강원특별자치도 춘천시 석사동 915-8 
기타,노랑노랑,강원특별자치도 춘천시 후평동 43 우미린뉴시티 
한식,청담골고깃집,강원특별자치도 춘천시 퇴계동 871-9 
식육(숯불구이),워낭,강원특별자치도 춘천시 후평동 876-10 
호프/통닭,60계강원춘천우두점,강원특별자치도 춘천시 우두동 1065-12 
한식,부원,강원특별자치도 춘천시 동면 만천리 302 
탕류(보신용),박가부대춘천강대점,강원특별자치도 춘천시 효자동 629-4 
한식,갤러리팜관광농원,강원특별자치도 춘천시 북산면 청평리 486-1 
식육(숯불구이),우물정,강원특별자치도 춘천시 석사동 734-19 
호프/통닭,에피르,강원특별자치도 춘천시 남산면 강촌리 337-3 
한식,포시즌,강원특별자치도 춘천시 남산면 방하리 372-3 
패스트푸드,커피구루,강원특별자치도 춘천시 석사동 732-8 
한식,육대장,강원특별자치도 춘천시 후평동 116-26 
한식,예원일식,강원특별자치도 춘천시 동면 만천리 703-2 
기타,황금밥상,강원특별자치도 춘천시 효자동 675-1 
한식,맘마,강원특별자치도 춘천시 석사동 643-1 
횟집,호반송어회배달전문점,강원특별자치도 춘천시 석사동 641-3 
식육(숯불구이),대웅닭갈비막국수,강원특별자치도 춘천시 동면 지내리 336 
한식,유성가든,강원특별자치도 춘천시 북산면 추곡리 169-16 
까페,랍다,강원특별자치도 춘천시 석사동 316-1 
탕류(보신용),불굴의차여사감자탕장학점,강원특별자치도 춘천시 동면 장학리 1002-2 
기타,포아이니춘천후평점,강원특별자치도 춘천시 후평동 702-13 
분식,김밥천국(우두점),강원특별자치도 춘천시 우두동 707-35 
분식,벨몽드참참참스넥,강원특별자치도 춘천시 효자동 641-5 
호프/통닭,소쿠리해장국,강원특별자치도 춘천시 효자동 626-8 
한식,쭈꾸미시스터즈춘천점,강원특별자치도 춘천시 조양동 147-4 
정종/대포집/소주방,생마차강원대점,강원특별자치도 춘천시 효자동 625-8 
기타,카페455,강원특별자치도 춘천시 서면 덕두원리 12-1 
통닭(치킨),교촌치킨퇴계1호점,강원특별자치도 춘천시 퇴계동 891-1 
분식,좋은친구들,강원특별자치도 춘천시 후평동 67-83 
한식,가족쉼터,강원특별자치도 춘천시 사북면 지암리 68-13 
호프/통닭,차칸통닭,강원특별자치도 춘천시 근화동 284-16 
한식,두메막국수,강원특별자치도 춘천시 신북읍 천전리 174-5 
한식,오수물막국수,강원특별자치도 춘천시 신북읍 천전리 585 
패스트푸드,고피자(춘천석사점),강원특별자치도 춘천시 석사동 880-5 프라임존 109호 
한식,초가뭉텅찌개,강원특별자치도 춘천시 신북읍 율문리 275-1 
식육(숯불구이),석돌판돼지구이,강원특별자치도 춘천시 후평동 67-35 
한식,미가,강원특별자치도 춘천시 운교동 178-10 
한식,밴클럽,강원특별자치도 춘천시 신북읍 용산리 682-3 
한식,숲속의쉼터,강원특별자치도 춘천시 사북면 지암리 68-1 
한식,갓골가든,강원특별자치도 춘천시 사북면 지암리 4-1 
한식,지암가든,강원특별자치도 춘천시 사북면 지암리 127-2 
한식,강촌걸리버여행기,강원특별자치도 춘천시 남산면 강촌리 570-1 
한식,백두산어탕국수,강원특별자치도 춘천시 남산면 창촌리 147-1 
패스트푸드,59쌀피자,강원특별자치도 춘천시 우두동 707-35 
한식,거두촌두부,강원특별자치도 춘천시 신북읍 율문리 285-11 
호프/통닭,너와집,강원특별자치도 춘천시 효자동 612-4 
한식,등촌 샤브 칼국수,강원특별자치도 춘천시 소양로3가 180-1 
정종/대포집/소주방,춘천포차싸롱,강원특별자치도 춘천시 후평동 883-7 
한식,한양시래기명태조림춘천점,강원특별자치도 춘천시 퇴계동 381-1 (굿모닝마트2층) 
분식,박가네칼국수,강원특별자치도 춘천시 온의동 29-3 
한식,화동손칼국수,강원특별자치도 춘천시 효자동 640-5 
호프/통닭,정원,강원특별자치도 춘천시 퇴계동 1153-2 
호프/통닭,계열사,강원특별자치도 춘천시 석사동 796-10 
한식,꽃게신랑아구각시,강원특별자치도 춘천시 퇴계동 1166-5 1층 
한식,대성식당,강원특별자치도 춘천시 근화동 719 
한식,강원대학교병원장례식장,"강원특별자치도 춘천시 효자동 17-1 외9필지(3동,1층) "
호프/통닭,가르텐보리정원신사우점,강원특별자치도 춘천시 우두동 1063-4 
정종/대포집/소주방,투다리동부점,강원특별자치도 춘천시 운교동 206 
호프/통닭,가마치통닭장학점,강원특별자치도 춘천시 동면 장학리 989 춘천장학엘에이치1단지 
분식,벨몽드본점김밥,강원특별자치도 춘천시 효자동 641-5 
한식,아띠,강원특별자치도 춘천시 후평동 742-8 
한식,의암호가든,강원특별자치도 춘천시 서면 덕두원리 133-2 1리 
한식,삼악산가든,강원특별자치도 춘천시 서면 덕두원리 134 
한식,풀내음,강원특별자치도 춘천시 신북읍 천전리 215-1 
김밥(도시락),춘천김밥나라,강원특별자치도 춘천시 후평동 687-23 
기타,감포생아구찜,강원특별자치도 춘천시 온의동 516 
기타,TRAM(트램),강원특별자치도 춘천시 석사동 909-6 
한식,풍미닭갈비,강원특별자치도 춘천시 운교동 168-10 
한식,멍석식당,강원특별자치도 춘천시 운교동 188-8 
한식,원두막식당,강원특별자치도 춘천시 서면 현암리 295 
횟집,평남횟집,강원특별자치도 춘천시 서면 오월리 96-2 (1리) 
한식,김삿갓한식전문점,강원특별자치도 춘천시 운교동 118-4 외2필지(1층) 
호프/통닭,동부실내포장마차,강원특별자치도 춘천시 운교동 183 동부시장현대아파트 
한식,평양냉면,강원특별자치도 춘천시 사농동 217-93 
한식,청룡뿌리,강원특별자치도 춘천시 서면 안보리 178 
한식,옛날맛추어탕,강원특별자치도 춘천시 사농동 434-18 
한식,이대가촌집막국수.닭갈비,강원특별자치도 춘천시 사농동 254 
호프/통닭,앳(AT),강원특별자치도 춘천시 효자동 625-8 4층 
한식,남춘천그늘집,강원특별자치도 춘천시 퇴계동 348-15 
한식,명가한식뷔페,강원특별자치도 춘천시 동산면 조양리 350-20 
까페,엘페스,강원특별자치도 춘천시 후평동 846-1 
식육(숯불구이),돼지한마리일성점,강원특별자치도 춘천시 퇴계동 1137-2 
한식,별미막국수,강원특별자치도 춘천시 온의동 442-2 
식육(숯불구이),백년갈비춘천점,강원특별자치도 춘천시 후평동 543-5 
기타,라데나골프클럽(스타트하우스),강원특별자치도 춘천시 신동면 정족리 1007-1 
기타,(주)춘천장어마을,강원특별자치도 춘천시 신북읍 율문리 437-1 
식육(숯불구이),가마솥통닭,강원특별자치도 춘천시 석사동 667-5 (1층) 
한식,승우(承牛),강원특별자치도 춘천시 퇴계동 952-4 
한식,산골청국장,강원특별자치도 춘천시 신북읍 산천리 291-1 
중국식,주짬뽕,강원특별자치도 춘천시 동내면 신촌리 418 
한식,춘천궁중삼계탕,강원특별자치도 춘천시 효자동 223-1 
한식,할머니집,강원특별자치도 춘천시 죽림동 11-16 
한식,삼천동코다리찜,강원특별자치도 춘천시 삼천동 190 
기타,조선점쟁이강신무점술카페,강원특별자치도 춘천시 석사동 641-5 
식육(숯불구이),백화스시,강원특별자치도 춘천시 동내면 거두리 954-8 
기타,문화돈까스,강원특별자치도 춘천시 효자동 633-11 
기타,일만족발춘천점,강원특별자치도 춘천시 효자동 626 
호프/통닭,아오리라멘춘천강대병원점,강원특별자치도 춘천시 후평동 486-10 
기타,리얼카맥,강원특별자치도 춘천시 퇴계동 471-11 
분식,왕짱구,강원특별자치도 춘천시 효자동 641-3 
한식,새술막막국수,강원특별자치도 춘천시 동산면 원창리 881 
식육(숯불구이),툇골바위집,강원특별자치도 춘천시 서면 서상리 904 
한식,7080위드유,강원특별자치도 춘천시 우두동 1052-15 
분식,명동칼국수,강원특별자치도 춘천시 신동 926-4 
한식,샘물가든,강원특별자치도 춘천시 서면 서상리 236 
한식,고향산천,강원특별자치도 춘천시 후평동 847-4 (1층우측) 
김밥(도시락),김밥나라,강원특별자치도 춘천시 석사동 902-6 (1층) 
한식,티하우스3식당,강원특별자치도 춘천시 남산면 수동리 산 192 외 203필지 
한식,시골길낙지볶음,강원특별자치도 춘천시 퇴계동 630-8 
호프/통닭,보드람치킨,강원특별자치도 춘천시 석사동 888-4 
키즈카페,옥토넛키즈카페춘천점,강원특별자치도 춘천시 온의동 109 
경양식,한옥(cucina),강원특별자치도 춘천시 약사동 17-13 
한식,구곡촌두부,강원특별자치도 춘천시 남산면 강촌리 372-1 
한식,초설식당,강원특별자치도 춘천시 사북면 고성리 310-2 
기타,파머스가든,강원특별자치도 춘천시 신북읍 율문리 37-77 
한식,강변식당,강원특별자치도 춘천시 사북면 지암리 1-1 
한식,소주신랑보쌈부인,강원특별자치도 춘천시 효자동 627-8 2층 
기타,셀카페,강원특별자치도 춘천시 후평동 95-16 
한식,솥담순두부춘천퇴계점,강원특별자치도 춘천시 퇴계동 529-1 
한식,곱창킬러본점,강원특별자치도 춘천시 효자동 158-8 
경양식,오하이하우스,강원특별자치도 춘천시 칠전동 42 
한식,풍전가든,강원특별자치도 춘천시 사북면 지암리 54-1 
한식,우물막국수,강원특별자치도 춘천시 서면 현암리 562 
한식,월송유로베이커리앤로스터리,강원특별자치도 춘천시 서면 안보리 782-2 
호프/통닭,투다리강변점,강원특별자치도 춘천시 우두동 1066-1 
식육(숯불구이),춘천서면닭갈비,강원특별자치도 춘천시 서면 금산리 957 
한식,티하우스2식당,강원특별자치도 춘천시 남산면 수동리 산 192 외 203필지 
식육(숯불구이),춘천찐숯불닭갈비,강원특별자치도 춘천시 퇴계동 905-10 
기타,그랑프리당구장,강원특별자치도 춘천시 퇴계동 891-2 
한식,모미리막국수,강원특별자치도 춘천시 후평동 752-6 
한식,봄봄한식부폐,강원특별자치도 춘천시 후평동 224-2 
기타,이랏샤이밤새,강원특별자치도 춘천시 효자동 628-16 
일식,동경,강원특별자치도 춘천시 석사동 677-1 (동진빌딩3층) 
중국식,차이나게이트,강원특별자치도 춘천시 석사동 737-3 
기타,호수를베고누워,강원특별자치도 춘천시 근화동 796-22 
한식,소양강다슬기학곡점,강원특별자치도 춘천시 동내면 학곡리 352-1 
패스트푸드,수마트라,강원특별자치도 춘천시 퇴계동 426-22 
한식,시골밥상,강원특별자치도 춘천시 후평동 702-8 
한식,보양오리숯불구이,강원특별자치도 춘천시 우두동 1066-2 
식육(숯불구이),곤지암할매소머리국밥,강원특별자치도 춘천시 퇴계동 872-6 (1층) 
한식,클럽하우스대식당,강원특별자치도 춘천시 남산면 수동리 산 192 외203필지 (2층) 
호프/통닭,처갓집양념치킨남부점,강원특별자치도 춘천시 효자동 673-12 
통닭(치킨),멕시칸(석사2지구점),강원특별자치도 춘천시 후평동 892 
한식,소양댐숯불닭갈비,강원특별자치도 춘천시 신북읍 천전리 100-4 
한식,동혜원,강원특별자치도 춘천시 소양로4가 104-13 
한식,"회,장,메",강원특별자치도 춘천시 사농동 218-109 
식육(숯불구이),춘천왕닭갈비숯불철판,강원특별자치도 춘천시 퇴계동 874 (1층) 
식육(숯불구이),팔도한방오리,강원특별자치도 춘천시 효자동 302-39 
한식,인제재래식손두부1호점,강원특별자치도 춘천시 동내면 학곡리 276-2 
기타,그레이빌,강원특별자치도 춘천시 후평동 241-6 
기타,송암42,강원특별자치도 춘천시 송암동 248-9 
한식,소우,강원특별자치도 춘천시 남산면 창촌리 132-1 
기타,더담은숯불닭갈비,강원특별자치도 춘천시 남산면 광판리 111-5 
기타,더담은숯불닭갈비,강원특별자치도 춘천시 남산면 광판리 111-1 
중국식,장수장,강원특별자치도 춘천시 효자동 623-8 
한식,세월교밥집,강원특별자치도 춘천시 신북읍 천전리 212-46 
기타,교토정원,강원특별자치도 춘천시 조양동 6-115 
한식,탄탄면공방 춘천점,강원특별자치도 춘천시 효자동 631-14 
한식,케이제이푸드(KJ푸드),강원특별자치도 춘천시 효자동 670 
한식,대관령,강원특별자치도 춘천시 동내면 거두리 948-13 
한식,오가네,강원특별자치도 춘천시 후평동 741-8 
기타,전통황실김치찜&찌개춘천점,강원특별자치도 춘천시 석사동 291-15 
기타,연애골토종닭백숙,강원특별자치도 춘천시 남산면 광판리 538-1 
기타,카페오즈,강원특별자치도 춘천시 동내면 고은리 123-2 
기타,이소,강원특별자치도 춘천시 퇴계동 1160-7 
한식,알또,강원특별자치도 춘천시 후평동 804-19 
기타,금옥,강원특별자치도 춘천시 동면 월곡리 274-1 
한식,주문진바다생선구이,강원특별자치도 춘천시 동내면 거두리 1098-4 
분식,전나루터,강원특별자치도 춘천시 석사동 671-4 
기타,수내닭꼬치(퇴계점),강원특별자치도 춘천시 퇴계동 1082 
호프/통닭,스퀴즈브루어리,강원특별자치도 춘천시 효자동 685-10 
일식,무국적술집평안,강원특별자치도 춘천시 중앙로2가 94-3 
기타,황가네감자옹심이,강원특별자치도 춘천시 후평동 677-3 
한식,가마솥보리밥,강원특별자치도 춘천시 신동면 증리 932-3 
호프/통닭,이차루,강원특별자치도 춘천시 동내면 학곡리 306-15 
감성주점,쉬(she),강원특별자치도 춘천시 석사동 911-12 
기타,마라공방,강원특별자치도 춘천시 온의동 571 금호3차아파트 
한식,칠전쭈꾸미,강원특별자치도 춘천시 칠전동 592-13 
뷔페식,만천리한식뷔페,강원특별자치도 춘천시 동면 만천리 815-2 
한식,봄식당,강원특별자치도 춘천시 온의동 601 춘천 센트럴타워 푸르지오 
기타,오월정원,강원특별자치도 춘천시 서면 오월리 418-4 
식육(숯불구이),태평소삼천파크점,강원특별자치도 춘천시 삼천동 32-14 
한식,한림밥상,강원특별자치도 춘천시 동면 만천리 330-66 
한식,5.5닭갈비,강원특별자치도 춘천시 퇴계동 343-12 
한식,강변,강원특별자치도 춘천시 남면 한덕리 603-4 
기타,장터먹거리,강원특별자치도 춘천시 온의동 29-3 풍물시장 
한식,호동장어(짱),강원특별자치도 춘천시 사농동 46-5 
한식,촌놈,강원특별자치도 춘천시 후평동 704-4 
기타,봄내스크린골프,강원특별자치도 춘천시 효자동 223-1 2층 
라이브카페,쎄븐(7080),강원특별자치도 춘천시 퇴계동 79 지하1층(퇴계타운B27호) 
기타,옐로우피자춘천점,강원특별자치도 춘천시 효자동 611-19 
기타,메가엠지씨커피춘천애막골점,강원특별자치도 춘천시 석사동 729-8 
한식,피알(P.R),강원특별자치도 춘천시 효자동 626-16 
일식,스시젠,강원특별자치도 춘천시 효자동 694-11 
기타,부다페스트,강원특별자치도 춘천시 퇴계동 1153 
한식,밥이랑국이랑,강원특별자치도 춘천시 동산면 조양리 350-4 
기타,토가돈,강원특별자치도 춘천시 동내면 거두리 547-3 
분식,엄마분식,강원특별자치도 춘천시 우두동 1111-4 
기타,페리카나석사점,강원특별자치도 춘천시 효자동 325-17 
한식,밀보리손칼국수,강원특별자치도 춘천시 동내면 거두리 1042-1 
기타,벤첼리,강원특별자치도 춘천시 사북면 고성리 359 
분식,(신)옹달샘,강원특별자치도 춘천시 온의동 29-3 외29필지(상가12동83호점) 
한식,육림집,강원특별자치도 춘천시 온의동 148-1 외29필지12동90호 
중국식,팔봉루,강원특별자치도 춘천시 남산면 광판리 432-1 
한식,강남동골목원조닭갈비,강원특별자치도 춘천시 온의동 538-11 
식육(숯불구이),왕소갈비,강원특별자치도 춘천시 후평동 742-2 
호프/통닭,예가,강원특별자치도 춘천시 온의동 515-1 
한식,대박갈매기살,강원특별자치도 춘천시 퇴계동 1153-3 1층 
한식,시실리,강원특별자치도 춘천시 퇴계동 1153-2 
한식,부영식당,강원특별자치도 춘천시 북산면 청평리 산 188-8 
한식,삼포하마가든,강원특별자치도 춘천시 신동면 혈동리 351 
횟집,윤수산,강원특별자치도 춘천시 동면 지내리 402 
한식,국민낙곱새춘천점,강원특별자치도 춘천시 온의동 601 춘천 센트럴타워 푸르지오 
한식,제일식당,강원특별자치도 춘천시 온의동 511 
한식,소양호어탕국수,강원특별자치도 춘천시 동면 장학리 462-7 
분식,송주불냉면후평점,강원특별자치도 춘천시 후평동 801-10 
식육(숯불구이),일점오닭갈비,강원특별자치도 춘천시 후평동 801-13 
식육(숯불구이),형제숯불닭갈비,강원특별자치도 춘천시 후평동 801-10 
한식,더든든한밥상,강원특별자치도 춘천시 효자동 685-8 
식육(숯불구이),고반식당춘천우두점,강원특별자치도 춘천시 우두동 640-8 
식육(숯불구이),오삼겹,강원특별자치도 춘천시 근화동 283-2 
식육(숯불구이),명륜진사갈비 춘천우두점,강원특별자치도 춘천시 우두동 639-12 
한식,도토리쉼터,강원특별자치도 춘천시 남산면 강촌리 432-8 
호프/통닭,교촌치킨춘천교대점,강원특별자치도 춘천시 동내면 거두리 912-4 
통닭(치킨),페리카나치킨부안체인,강원특별자치도 춘천시 후평동 832-2 
정종/대포집/소주방,조박사춘천옥돌포차,강원특별자치도 춘천시 석사동 651-16 
식육(숯불구이),오즈램스바,강원특별자치도 춘천시 퇴계동 1180 
통닭(치킨),맘스터치후평점,강원특별자치도 춘천시 후평동 701-8 
호프/통닭,달빛포차,강원특별자치도 춘천시 효자동 751-11 
기타,길가애,강원특별자치도 춘천시 우두동 428-1 
분식,나라국수꼬마김밥,강원특별자치도 춘천시 온의동 27-2 풍물시장 
"외국음식전문점(인도,태국등)",초선마라춘천점,강원특별자치도 춘천시 효자동 303-34 
기타,윌골프존&프렌즈스크린,강원특별자치도 춘천시 퇴계동 111-8 
한식,큰샛터막국수,강원특별자치도 춘천시 동내면 학곡리 263-6 
한식,송탄부대찌개,강원특별자치도 춘천시 동면 장학리 614-8 
식육(숯불구이),장대박애막골점,강원특별자치도 춘천시 석사동 747-1 
한식,옛날맛해장국,강원특별자치도 춘천시 퇴계동 680-4 
기타,톰커피바,강원특별자치도 춘천시 요선동 13-6 
식육(숯불구이),명륜진사갈비춘천온의점,강원특별자치도 춘천시 온의동 82-3 
기타,거두팔팔순대국,강원특별자치도 춘천시 동내면 거두리 1121-7 
중국식,루앤루,강원특별자치도 춘천시 석사동 724-11 
한식,오롯밀,강원특별자치도 춘천시 약사동 151-5 
한식,삼겹천하,강원특별자치도 춘천시 후평동 869-8 
식육(숯불구이),쌩,강원특별자치도 춘천시 후평동 891-4 
한식,삼대막국수,강원특별자치도 춘천시 퇴계동 365-7 
한식,퇴계골,강원특별자치도 춘천시 석사동 921-5 (1층) 
한식,해미담,강원특별자치도 춘천시 퇴계동 1141-5 
기타,우체통,강원특별자치도 춘천시 온의동 328 
한식,송가네냉면주는알밥집,강원특별자치도 춘천시 교동 156-16 
탕류(보신용),동부흑염소탕,강원특별자치도 춘천시 운교동 188-12 
한식,스지명당,강원특별자치도 춘천시 퇴계동 1152-4 
식육(숯불구이),춘천평창갈비탕춘천삼천점,강원특별자치도 춘천시 삼천동 42-2 
기타,씨지브이춘천매점(1),강원특별자치도 춘천시 퇴계동 1017 
식육(숯불구이),쉬즈삼겹,강원특별자치도 춘천시 석사동 749-6 
한식,봉관이네오징어천국,강원특별자치도 춘천시 석사동 911-2 (1층) 
기타,삼천동카페,강원특별자치도 춘천시 삼천동 37-23 
통닭(치킨),치킨형님,강원특별자치도 춘천시 석사동 725-12 
일식,마구로 강(姜),강원특별자치도 춘천시 석사동 980 
횟집,회솜씨,강원특별자치도 춘천시 후평동 832-7 
일식,모리스시,강원특별자치도 춘천시 사농동 365 
호프/통닭,모이자호프,강원특별자치도 춘천시 후평동 677-35 
한식,철길부산집애막골점,강원특별자치도 춘천시 석사동 741-1 
분식,도쿄라멘춘천한림대점,강원특별자치도 춘천시 교동 152-3 
식육(숯불구이),돌판마당,강원특별자치도 춘천시 퇴계동 1159-1 
한식,석사포차,강원특별자치도 춘천시 석사동 705-1 
호프/통닭,삼태기,강원특별자치도 춘천시 석사동 735-10 
기타,솔길따라앤종가유황오리,강원특별자치도 춘천시 동면 만천리 395-6 
중국식,채오가짬뽕,강원특별자치도 춘천시 동내면 거두리 1105-1 
한식,하누마루,강원특별자치도 춘천시 동산면 조양리 472-1 
한식,고모네삼계탕,강원특별자치도 춘천시 신동면 팔미리 68-1 1층 
한식,명월촌오리집,강원특별자치도 춘천시 서면 덕두원리 567 
식육(숯불구이),정원,"강원특별자치도 춘천시 효자동 626-6 (2,3층3동) "
한식,오누이가든,강원특별자치도 춘천시 서면 오월리 274-3 
기타,둥지,강원특별자치도 춘천시 운교동 184-4 
한식,도원뚝배기짬뽕본점,강원특별자치도 춘천시 효자동 709-13 2동1층 
통닭(치킨),네네치킨(교동후평점),강원특별자치도 춘천시 교동 160-6 
호프/통닭,비비큐,강원특별자치도 춘천시 남산면 강촌리 251-15 
한식,집밥처럼,강원특별자치도 춘천시 삼천동 37-36 
식육(숯불구이),장군막창구이,강원특별자치도 춘천시 석사동 735-2 
한식,청해루,강원특별자치도 춘천시 동내면 거두리 978-7 
식육(숯불구이),육점오,강원특별자치도 춘천시 동내면 거두리 1090-2 
기타,이편한스크린골프,강원특별자치도 춘천시 퇴계동 529-1 
한식,말탕개미도리탕,강원특별자치도 춘천시 후평동 848-3 (1층) 
기타,고릴라,강원특별자치도 춘천시 남산면 강촌리 198-5 
한식,대암감자탕,강원특별자치도 춘천시 효자동 176-12 
한식,팔호가보자토종순대국,강원특별자치도 춘천시 운교동 178 외1필지1층 
한식,곤지암할매소머리국밥,강원특별자치도 춘천시 후평동 793-3 
중국식,한신각,강원특별자치도 춘천시 후평동 813-10 
중국식,석사반점,강원특별자치도 춘천시 석사동 694-2 석사근로복지아파트 
뷔페식,호반,"강원특별자치도 춘천시 삼천동 300-3 290-3,300-3,308-2 "
호프/통닭,멕시카나후평점,강원특별자치도 춘천시 후평동 87 현대3차아파트 
분식,덕이네,강원특별자치도 춘천시 온의동 45-2 풍물시장 
정종/대포집/소주방,기분좋은날,강원특별자치도 춘천시 퇴계동 975-6 
정종/대포집/소주방,토방,강원특별자치도 춘천시 후평동 832-10 
한식,퓨전카페,강원특별자치도 춘천시 소양로2가 172-1 신동아아파트 
라이브카페,뮤즈엔터테인먼트,강원특별자치도 춘천시 퇴계동 888-1 
한식,행복한밥상,강원특별자치도 춘천시 동내면 거두리 1022-7 
통닭(치킨),꼬꼬스치킨,강원특별자치도 춘천시 퇴계동 916-3 (그린타운상가 102호) 
한식,옛날솥뚜껑감자탕,강원특별자치도 춘천시 후평동 692-4 
식육(숯불구이),바다향,강원특별자치도 춘천시 신동면 정족리 610-5 
기타,육선도,강원특별자치도 춘천시 후평동 702-6 
기타,9우미닭갈비만천점,강원특별자치도 춘천시 동면 만천리 896-1 
한식,평창손왕정,강원특별자치도 춘천시 퇴계동 1144-7 
중국식,중국성,"강원특별자치도 춘천시 온의동 151-10 ,6.151-10 "
한식,춘천장스무숲본점,강원특별자치도 춘천시 석사동 919-1 
기타,비비큐(BBQ)춘천조양점,강원특별자치도 춘천시 조양동 47-2 
기타,마라천향미마라탕,강원특별자치도 춘천시 죽림동 189 브라운가 
한식,흔적,강원특별자치도 춘천시 운교동 79-62 
기타,후평포차,강원특별자치도 춘천시 후평동 728-6 
한식,황금보쌈,강원특별자치도 춘천시 후평동 710-30 
한식,아우와,강원특별자치도 춘천시 동면 장학리 786-3 
라이브카페,어깨동무,강원특별자치도 춘천시 석사동 827-4 
경양식,스테이블,"강원특별자치도 춘천시 근화동 796-11 2층,3층 "
정종/대포집/소주방,만텐,강원특별자치도 춘천시 퇴계동 396-30 
기타,식신,강원특별자치도 춘천시 우두동 1066-10 (1층) 
한식,섬마을,강원특별자치도 춘천시 효자동 662-34 
기타,치즈보이,강원특별자치도 춘천시 효자동 620-2 
한식,참조은보리밥,강원특별자치도 춘천시 효자동 150-14 
식육(숯불구이),조은숯불구이,강원특별자치도 춘천시 남산면 창촌리 75-3 
호프/통닭,챤스,강원특별자치도 춘천시 소양로4가 104-14 
한식,유정손만두,강원특별자치도 춘천시 신동면 증리 938-19 
한식,유봉해물찜,강원특별자치도 춘천시 퇴계동 1166-9 1층 
분식,진선미포차,강원특별자치도 춘천시 온의동 65-54 (1층) 
한식,춘자,강원특별자치도 춘천시 효자동 628-18 
한식,배가네,강원특별자치도 춘천시 동내면 학곡리 606-3 
한식,돌담갈매기살,강원특별자치도 춘천시 후평동 801-3 
한식,봄내뜰한정식,강원특별자치도 춘천시 동면 장학리 791-98 
한식,다울막국수,강원특별자치도 춘천시 동산면 군자리 18-1 
한식,보릿고개춘천점,강원특별자치도 춘천시 동면 만천리 485 
호프/통닭,누구나홀딱반한닭춘천우두점,강원특별자치도 춘천시 우두동 1117-1 
경양식,산토리니,강원특별자치도 춘천시 동면 장학리 144-16 
횟집,바닷가,강원특별자치도 춘천시 퇴계동 350-5 
식육(숯불구이),고기마루,강원특별자치도 춘천시 삼천동 70 
한식,우석갈비,강원특별자치도 춘천시 동면 만천리 816-4 
호프/통닭,원주일미통닭1호점,강원특별자치도 춘천시 동내면 거두리 1108-2 
한식,로하스,강원특별자치도 춘천시 서면 서상리 1053 
호프/통닭,하데스,강원특별자치도 춘천시 퇴계동 1138-2 
한식,오노트(5NOTE),강원특별자치도 춘천시 삼천동 200-2 
기타,샐러디온의점,강원특별자치도 춘천시 온의동 587-3 
기타,감,강원특별자치도 춘천시 퇴계동 977-5 
한식,민물나라,강원특별자치도 춘천시 옥천동 26 
정종/대포집/소주방,현지네전집,강원특별자치도 춘천시 후평동 690 
호프/통닭,길상이네돈가스/통닭,강원특별자치도 춘천시 신동면 증리 938-2 
중국식,길림성,강원특별자치도 춘천시 석사동 827-2 
한식,디토피아,강원특별자치도 춘천시 온의동 518-2 
한식,춘천왕감자탕,강원특별자치도 춘천시 후평동 807-6 
기타,디스틸드,강원특별자치도 춘천시 효자동 322-1 
식육(숯불구이),가장맛있는족발(후평점),강원특별자치도 춘천시 후평동 801-6 
까페,해븐,강원특별자치도 춘천시 동면 만천리 326-3 
한식,동해곰치,강원특별자치도 춘천시 동면 만천리 604-1 
중국식,대수타,강원특별자치도 춘천시 동면 만천리 584-1 
한식,일미제비추리,강원특별자치도 춘천시 퇴계동 156-11 
기타,처방전,강원특별자치도 춘천시 죽림동 28-30 
기타,그빵집비비,강원특별자치도 춘천시 운교동 186-8 
분식,청춘꼬마김밥 신사우점,강원특별자치도 춘천시 우두동 1118-1 
기타,책방 바라타리아,강원특별자치도 춘천시 근화동 798-6 
기타,원더월(WONDERWALL),강원특별자치도 춘천시 칠전동 626-10 
한식,흙고을,강원특별자치도 춘천시 동면 지내리 368-3 
뷔페식,디너출장뷔폐,강원특별자치도 춘천시 동면 장학리 648-57 
한식,은파정,강원특별자치도 춘천시 동산면 조양리 317-3 
횟집,회양횟집,강원특별자치도 춘천시 서면 오월리 96-1 1층 
일식,해마,강원특별자치도 춘천시 후평동 742-1 
식육(숯불구이),대판,강원특별자치도 춘천시 사농동 434-12 1층 
한식,바오밥,강원특별자치도 춘천시 신동 343 
기타,프렌치쪽갈비춘천스무숲점,강원특별자치도 춘천시 석사동 940-7 
한식,한방전주콩나물국밥효자점,강원특별자치도 춘천시 효자동 223-1 
한식,남촌막국수,강원특별자치도 춘천시 근화동 796-6 
호프/통닭,주현,강원특별자치도 춘천시 석사동 737-18 
한식,만천한식뷔페,강원특별자치도 춘천시 동면 만천리 802-4 
한식,복건성,강원특별자치도 춘천시 우두동 685-16 외1필지 
분식,정성카츠춘천퇴계점,강원특별자치도 춘천시 퇴계동 618-9 
한식,신영이네칼국수,강원특별자치도 춘천시 퇴계동 897-12 
한식,강원녹두삼계탕,강원특별자치도 춘천시 동내면 거두리 716-21 
식육(숯불구이),샘밭촌놈,강원특별자치도 춘천시 동내면 거두리 1017-4 
한식,갯골흑염소,강원특별자치도 춘천시 동내면 거두리 948-2 
정종/대포집/소주방,에스엠호프,강원특별자치도 춘천시 후평동 754-4 
식육(숯불구이),고니,강원특별자치도 춘천시 후평동 802-5 
분식,광판팔뚝김밥우두점,강원특별자치도 춘천시 우두동 685-9 
한식,군자숯불닭갈비,강원특별자치도 춘천시 동산면 군자리 1072-1 
라이브카페,천상,강원특별자치도 춘천시 퇴계동 631-1 
식육(숯불구이),춘천일품양숯불양갈비양꼬치무한리필,강원특별자치도 춘천시 우두동 1052-32 
한식,조부자매운순대가,강원특별자치도 춘천시 퇴계동 884-3 
한식,별식당강원대점,강원특별자치도 춘천시 효자동 632-1 
한식,신매닭갈비막국수,강원특별자치도 춘천시 서면 신매리 488-2 
한식,맛있으면돼지,강원특별자치도 춘천시 퇴계동 946-5 
기타,우정죽강대병원점,"강원특별자치도 춘천시 효자동 18-80 (3동,2층) "
한식,한상차림,강원특별자치도 춘천시 남면 발산리 94-2 
탕류(보신용),경춘흑염소탕,강원특별자치도 춘천시 효자동 682-25 
정종/대포집/소주방,투다리후평점,강원특별자치도 춘천시 후평동 794-6 
기타,청담피자춘천점,강원특별자치도 춘천시 온의동 587-3 
한식,연희내칼국수,강원특별자치도 춘천시 효자동 712-20 
식육(숯불구이),국내산흑염소전문점,강원특별자치도 춘천시 우두동 187-1 
경양식,러브존레스토랑,강원특별자치도 춘천시 삼천동 239-1 
식육(숯불구이),전통한우백년,강원특별자치도 춘천시 동면 만천리 587-3 
까페,하라르,강원특별자치도 춘천시 신북읍 율문리 554-15 
호프/통닭,비비큐춘천퇴계타운점,강원특별자치도 춘천시 퇴계동 87 
호프/통닭,후라이드참잘하는집,강원특별자치도 춘천시 효자동 743-15 
식육(숯불구이),대양부양꼬치,강원특별자치도 춘천시 후평동 699 
기타,케밥하우스,강원특별자치도 춘천시 효자동 산 7-8 
통닭(치킨),자담치킨춘천강북점,강원특별자치도 춘천시 사농동 810 춘천 롯데캐슬 더 퍼스트 2단지 
한식,빽가네,강원특별자치도 춘천시 퇴계동 902-2 
기타,피에스타펜션,강원특별자치도 춘천시 남산면 백양리 108-15 
한식,통나무집닭갈비남춘천점,"강원특별자치도 춘천시 남산면 광판리 126-1,7 "
한식,봄을담아,"강원특별자치도 춘천시 조양동 51-8,5 "
한식,두거리우신탕춘천점,강원특별자치도 춘천시 석사동 495-3 
기타,지내리기름집,강원특별자치도 춘천시 신북읍 지내리 466-1 
정종/대포집/소주방,간이역시그니처역점,강원특별자치도 춘천시 우두동 1113-4 
기타,빽다방춘천강북점,강원특별자치도 춘천시 우두동 693-6 
호프/통닭,별하키친,강원특별자치도 춘천시 석사동 701-1 
기타,두바퀴쉼터,강원특별자치도 춘천시 서면 금산리 388-3 
한식,해월,강원특별자치도 춘천시 석사동 695-6 
호프/통닭,투다리후평3동점,강원특별자치도 춘천시 후평동 831-9 
식육(숯불구이),춘천애막골닭마루닭갈비,강원특별자치도 춘천시 석사동 729-6 
한식,나들김밥,강원특별자치도 춘천시 후평동 745-22 
식육(숯불구이),성우닭갈비,강원특별자치도 춘천시 동내면 거두리 1080-2 
정종/대포집/소주방,닭발어때,강원특별자치도 춘천시 효자동 20-13 (3동 1층) 
일식,여기머야,강원특별자치도 춘천시 후평동 67-33 
기타,열두달평양손만두,강원특별자치도 춘천시 요선동 14-18 
중국식,하정식당,강원특별자치도 춘천시 소양로3가 6 
기타,태양곱창춘천후평점,강원특별자치도 춘천시 후평동 795-8 
까페,롱플레이,강원특별자치도 춘천시 석사동 740-11 (1층) 
기타,엄마생각,강원특별자치도 춘천시 석사동 283-15 삼익세라믹상가 104호 
기타,피자헛석사점,강원특별자치도 춘천시 석사동 774-3 
한식,귀틀촌,강원특별자치도 춘천시 동산면 원창리 742 
호프/통닭,BHC한림대점,강원특별자치도 춘천시 효자동 755-13 
호프/통닭,반반한닭춘천점,강원특별자치도 춘천시 후평동 794-4 
정종/대포집/소주방,온의칼국수,강원특별자치도 춘천시 온의동 587-5 춘천강남하이엔드 
중국식,우묵길닭갈비전문점,강원특별자치도 춘천시 퇴계동 1159-4 
일식,진소갈비,강원특별자치도 춘천시 퇴계동 968-11 
한식,미라네해물칼국수,강원특별자치도 춘천시 온의동 533-6 
기타,사이타마,강원특별자치도 춘천시 후평동 457-5 
한식,돼학로,강원특별자치도 춘천시 교동 150-8 
기타,햄릿과올리브,강원특별자치도 춘천시 신동면 증리 895 
정종/대포집/소주방,한(han),강원특별자치도 춘천시 후평동 856-14 
기타,명동뭉텅찌개,강원특별자치도 춘천시 온의동 532-9 
정종/대포집/소주방,광판리전집,강원특별자치도 춘천시 후평동 687-16 
기타,오르미,강원특별자치도 춘천시 효자동 745-6 
한식,웰빙닭갈비,강원특별자치도 춘천시 퇴계동 1008-7 1층 
기타,프랭크치즈버거(춘천우두점),강원특별자치도 춘천시 우두동 693-6 
기타,공지천,강원특별자치도 춘천시 삼천동 13-1 
중국식,매운사랑중식빠,강원특별자치도 춘천시 석사동 639-3 
통닭(치킨),미쳐버린파닭(춘천점),강원특별자치도 춘천시 퇴계동 907-3 
호프/통닭,한림골,강원특별자치도 춘천시 교동 156-3 
한식,을지로연탄구이춘천퇴계점,강원특별자치도 춘천시 퇴계동 1153-2 
한식,햇고을푸드,강원특별자치도 춘천시 남산면 서천리 633 
식육(숯불구이),돼지마루,강원특별자치도 춘천시 우두동 1065-10 
기타,명가호반닭갈비막국수(퇴계점),강원특별자치도 춘천시 퇴계동 1008-1 
호프/통닭,사쿠사쿠낭만포차,강원특별자치도 춘천시 우두동 1065-6 
한식,일호식당,강원특별자치도 춘천시 우두동 709-2 
한식,갱스터펍앤피자,강원특별자치도 춘천시 우두동 1062-7 
한식,천진동만두전골,강원특별자치도 춘천시 우두동 1062-6 
기타,데일리왓더버거,강원특별자치도 춘천시 퇴계동 1096 101호
감성주점,엘엑스엑스엑스엘(lxxxl),강원특별자치도 춘천시 효자동 625-10 
탕류(보신용),한들집,강원특별자치도 춘천시 신동면 증리 195 
한식,옹달샘막국수닭갈비,강원특별자치도 춘천시 동내면 사암리 1220-1 
한식,자연속으로,강원특별자치도 춘천시 동산면 군자리 705 
일식,쿄시로,강원특별자치도 춘천시 석사동 736-7 (1층) 
분식,더조은명가손만두온의점,강원특별자치도 춘천시 온의동 601 춘천 센트럴타워 푸르지오 
한식,이홍정코다리,강원특별자치도 춘천시 석사동 186-44 
기타,청평산장,강원특별자치도 춘천시 북산면 청평리 667-4 
정종/대포집/소주방,잇빠이대박이네,강원특별자치도 춘천시 효자동 684-11 
식육(숯불구이),수라상,강원특별자치도 춘천시 요선동 11-10 
분식,신전떡볶이강원대점,강원특별자치도 춘천시 효자동 627-13 
한식,앗싸곱창우두점,강원특별자치도 춘천시 우두동 1062-15 
중국식,보문각,강원특별자치도 춘천시 약사동 67-2 
한식,부자네토종순대국,강원특별자치도 춘천시 교동 11-1 
한식,원식이네손칼국수,강원특별자치도 춘천시 소양로1가 104-7 
횟집,파도횟집,"강원특별자치도 춘천시 옥천동 38-8,9 "
식육(숯불구이),춘천1번지닭갈비막국수,강원특별자치도 춘천시 신동면 증리 950-11 
정종/대포집/소주방,세경대포집,강원특별자치도 춘천시 후평동 711-29 
호프/통닭,네네치킨강북점,강원특별자치도 춘천시 우두동 410-26 
한식,네네치킨효자점,강원특별자치도 춘천시 효자동 611-14 
까페,커피인,강원특별자치도 춘천시 신북읍 율문리 285-5 
기타,뚝심이네보쌈족발,강원특별자치도 춘천시 효자동 655-9 
분식,만두이섬춘천후평점,강원특별자치도 춘천시 후평동 457-5 
정종/대포집/소주방,주머니,강원특별자치도 춘천시 퇴계동 895-1 1층 
기타,샐러디춘천퇴계점,강원특별자치도 춘천시 석사동 888-1 
기타,카페맑은물,강원특별자치도 춘천시 우두동 1061-9 
한식,우리동네전포차,강원특별자치도 춘천시 석사동 698-1 
한식,남촌막국수분점,강원특별자치도 춘천시 신북읍 산천리 433 
횟집,우리동네횟집,강원특별자치도 춘천시 후평동 741-6 
기타,한상가득박사로점,강원특별자치도 춘천시 서면 금산리 999-1 
식육(숯불구이),램스테이블,강원특별자치도 춘천시 퇴계동 462-15 
한식,박스소고기얼크니국밥,강원특별자치도 춘천시 신동 934-4 
기타,토스트뱅크,강원특별자치도 춘천시 요선동 9-3 
기타,스윙까페앤베이커리,강원특별자치도 춘천시 남산면 방하리 197 
한식,주상옥,강원특별자치도 춘천시 석사동 944-3 
경양식,주동아리,강원특별자치도 춘천시 효자동 628 
한식,꼬꼬포차,강원특별자치도 춘천시 후평동 691-1 
기타,홍농댁,강원특별자치도 춘천시 근화동 732-2 
기타,뀨,강원특별자치도 춘천시 효자동 742-5 
한식,육향가득한소담송하,강원특별자치도 춘천시 동내면 거두리 1058-3 
호프/통닭,다락,강원특별자치도 춘천시 동내면 거두리 958-3 
식육(숯불구이),돈연가연탄,강원특별자치도 춘천시 우두동 160-7 
기타,우리돈까스 용천옛날통닭,강원특별자치도 춘천시 온의동 601 춘천 센트럴타워 푸르지오 
기타,joc젤라또(journey of cream),강원특별자치도 춘천시 중앙로2가 56 
식육(숯불구이),육회본가퇴계점,강원특별자치도 춘천시 퇴계동 1152 
분식,엉터리해장국춘천점,강원특별자치도 춘천시 동내면 거두리 950-7 
한식,삽자루든돼지,강원특별자치도 춘천시 후평동 846-1 현대상가 204호 
정종/대포집/소주방,미소네,강원특별자치도 춘천시 효자동 684-11 
기타,수환닭발,강원특별자치도 춘천시 퇴계동 423-6 
기타,샌드소양,강원특별자치도 춘천시 소양로1가 92-26 
기타,카페로퍼,강원특별자치도 춘천시 후평동 875-7 
기타,피자나라치킨공주춘천우두점,강원특별자치도 춘천시 우두동 1110 
한식,소양강농원황금장어,강원특별자치도 춘천시 신북읍 율문리 37-161 
한식,명품참숯불닭갈비,강원특별자치도 춘천시 남산면 방곡리 401-3 
식육(숯불구이),초원가,강원특별자치도 춘천시 후평동 702-13 
한식,대전흑염소국밥,강원특별자치도 춘천시 효자동 590-92 
한식,은담숯불닭갈비,강원특별자치도 춘천시 남산면 방곡리 133-13 
한식,오두막집,강원특별자치도 춘천시 신북읍 용산리 724-24 
분식,돈기부여후평점,강원특별자치도 춘천시 후평동 710-30 
한식,엄마의부엌,강원특별자치도 춘천시 근화동 719-2 
기타,잔잔디식당,강원특별자치도 춘천시 중앙로2가 92 
통닭(치킨),처갓집양념치킨석사점,강원특별자치도 춘천시 석사동 654-5 
식육(숯불구이),옹해야숯불닭발,강원특별자치도 춘천시 효자동 633-6 
식육(숯불구이),산수야,강원특별자치도 춘천시 사농동 190-1 
기타,춘천장어선생,강원특별자치도 춘천시 동내면 학곡리 306-8 
한식,연산골막국수,강원특별자치도 춘천시 동면 감정리 516 
한식,신남불고기,강원특별자치도 춘천시 신동면 증리 862-1 
식육(숯불구이),신마포갈매기,강원특별자치도 춘천시 석사동 734-12 
기타,최고집순대국왕감자탕,강원특별자치도 춘천시 효자동 654-3 
정종/대포집/소주방,사미포차강원대점,"강원특별자치도 춘천시 효자동 629-3 (3동, 1층) "
한식,서현옛날밥상,강원특별자치도 춘천시 후평동 301-1 
한식,얼사랑홍삼청국장,강원특별자치도 춘천시 동면 감정리 505-1 
기타,와우당냉면,강원특별자치도 춘천시 운교동 168-10 
한식,고은밥상,강원특별자치도 춘천시 동내면 고은리 351-42 
기타,시즌즈(SEASONS),강원특별자치도 춘천시 효자동 744 
기타,사이라,강원특별자치도 춘천시 퇴계동 396-22 
기타,백령,강원특별자치도 춘천시 효자동 628-17 
분식,달떡볶이후평점,강원특별자치도 춘천시 후평동 456-10 
한식,수다쟁이낙지,강원특별자치도 춘천시 후평동 688-5 (1층) 
한식,라데나골프클럽1,강원특별자치도 춘천시 신동면 정족리 1007-1 
탕류(보신용),경북집,강원특별자치도 춘천시 삼천동 156-1 
기타,그린그라스스무숲길점,강원특별자치도 춘천시 석사동 935-1 
분식,만남의장소,강원특별자치도 춘천시 남면 후동리 430-1 
기타,본도시락춘천점,강원특별자치도 춘천시 운교동 169-12 
기타,쉬러와,강원특별자치도 춘천시 신북읍 지내리 473 
횟집,경포대횟집,강원특별자치도 춘천시 석사동 827-3 
정종/대포집/소주방,일잔,강원특별자치도 춘천시 후평동 804-17 
한식,한우가,"강원특별자치도 춘천시 석사동 155-4 1,2동 "
호프/통닭,레겐보겐,강원특별자치도 춘천시 퇴계동 897-11 
식육(숯불구이),(주)에이치비푸드,강원특별자치도 춘천시 퇴계동 1190-1 
한식,춘천월드온천,강원특별자치도 춘천시 신북읍 산천리 310-13 
한식,초밥어때,강원특별자치도 춘천시 후평동 796-1 
분식,불닭발동대문엽기떡볶이강원대점,강원특별자치도 춘천시 효자동 632-7 
감성주점,와르르맨숀춘천강원대점,강원특별자치도 춘천시 효자동 629-3 
분식,미미한식,강원특별자치도 춘천시 석사동 740-12 (1층) 
기타,시율,강원특별자치도 춘천시 후평동 710-30 
한식,라데나골프클럽(Lake),강원특별자치도 춘천시 신동면 정족리 1007-1 
한식,춘천장군봉박사마을닭갈비,강원특별자치도 춘천시 서면 금산리 461-2 
식육(숯불구이),경상돈,강원특별자치도 춘천시 운교동 179-1 
기타,비밀기지,강원특별자치도 춘천시 후평동 801-7 
식육(숯불구이),우미닭갈비인공폭포점,강원특별자치도 춘천시 후평동 801-11 
"외국음식전문점(인도,태국등)",베트남쌀국수,강원특별자치도 춘천시 죽림동 159-4 
기타,브라이드그룸,강원특별자치도 춘천시 동내면 거두리 1111-8 
식육(숯불구이),종가집숯불구이,강원특별자치도 춘천시 퇴계동 890-6 
일식,만강,강원특별자치도 춘천시 동내면 거두리 1020-8 
호프/통닭,짝패,강원특별자치도 춘천시 석사동 734-7 (1층 우측) 
분식,삼첩분식우두점,강원특별자치도 춘천시 우두동 381-2 
한식,삼포가는길,강원특별자치도 춘천시 신동면 혈동리 355 
기타,연들레,강원특별자치도 춘천시 남산면 백양리 588-89 
한식,우리동네포차,강원특별자치도 춘천시 후평동 801-12 
패스트푸드,송탄햄버거,"강원특별자치도 춘천시 효자동 628-5 (1층, 3동) "
탕류(보신용),따봉한우곱창후평우미린점,강원특별자치도 춘천시 후평동 415-3 
까페,쟈티,강원특별자치도 춘천시 효자동 126-134 가동 
한식,월남선생춘천씨지브이점(CGV점),강원특별자치도 춘천시 석사동 880-3 
한식,경강막국수,강원특별자치도 춘천시 남산면 서천리 227-2 
식육(숯불구이),춘천낙원닭갈비,강원특별자치도 춘천시 중앙로2가 77 
기타,강촌삼겹살,강원특별자치도 춘천시 남산면 강촌리 227-70 
호프/통닭,최승희불맛쭈꾸미,강원특별자치도 춘천시 서면 신매리 67-1 
한식,운봉산장,강원특별자치도 춘천시 사북면 지암리 506-1 
기타,커피브라운,강원특별자치도 춘천시 석사동 749-11 
한식,몽우해장국,강원특별자치도 춘천시 후평동 245-17 
호프/통닭,산천리짜장&치킨,강원특별자치도 춘천시 신북읍 산천리 367 
경양식,알마,강원특별자치도 춘천시 우두동 1114 
기타,단편,강원특별자치도 춘천시 효자동 315-7 
라이브카페,추억의7090,강원특별자치도 춘천시 석사동 729-6 
한식,예손푸드,강원특별자치도 춘천시 동면 만천리 802-4 
한식,102국밥,강원특별자치도 춘천시 신북읍 용산리 244-7 
식육(숯불구이),제주돈내코,강원특별자치도 춘천시 퇴계동 350-10 
한식,포리골,강원특별자치도 춘천시 신북읍 유포리 1325 
탕류(보신용),은재흑염소전문점,강원특별자치도 춘천시 퇴계동 872-9 
식육(숯불구이),도세기,강원특별자치도 춘천시 석사동 742-3 
호프/통닭,김서방닭발,강원특별자치도 춘천시 후평동 802-9 
횟집,마케집,강원특별자치도 춘천시 동내면 거두리 931-1 
한식,송암손칼국수,강원특별자치도 춘천시 칠전동 300 
식육(숯불구이),화화돼지왕갈비퇴계점,강원특별자치도 춘천시 퇴계동 1146-4 
한식,양철집,강원특별자치도 춘천시 석사동 796-12 
호프/통닭,야시시,강원특별자치도 춘천시 석사동 951-1 
한식,대상소몰이,강원특별자치도 춘천시 남산면 방곡리 285-7 
기타,서가네매운갈비찜,강원특별자치도 춘천시 온의동 172-10 
한식,우물막국수,강원특별자치도 춘천시 석사동 114-28 
한식,부원곱창,강원특별자치도 춘천시 퇴계동 156-17 
기타,굿손춘천엔타점,강원특별자치도 춘천시 석사동 980 
정종/대포집/소주방,우미야,강원특별자치도 춘천시 후평동 804-13 
기타,24h디저트하우스(24h Dessert House),강원특별자치도 춘천시 효자동 767-2 
한식,조부자순대가,강원특별자치도 춘천시 남산면 강촌리 339-1 
한식,신남큰집,강원특별자치도 춘천시 신동면 증리 929-7 
식육(숯불구이),돼생이,강원특별자치도 춘천시 동면 장학리 1004-3 
중국식,룽타우객잔후평점,강원특별자치도 춘천시 후평동 722-11 
호프/통닭,국가대표푸드마켓,강원특별자치도 춘천시 효자동 646 
한식,륭림닭발,강원특별자치도 춘천시 요선동 11-23 
식육(숯불구이),이모네불막창소양점,"강원특별자치도 춘천시 소양로2가 172-1 1층(40.41,42,43호) "
기타,홍천메밀부침,강원특별자치도 춘천시 온의동 29-3 풍물시장 
한식,두하막국수,강원특별자치도 춘천시 효자동 612-14 (1층) 
호프/통닭,호식이두마리치킨남춘천점,강원특별자치도 춘천시 온의동 541-8 
한식,서대문김치찜&김치찌개춘천점,강원특별자치도 춘천시 효자동 615-1 
식육(숯불구이),유리네돌판생삼겹,강원특별자치도 춘천시 퇴계동 873-2 
한식,남춘천시골청국장,강원특별자치도 춘천시 동산면 군자리 792-2 
한식,채선당행복가마솥밥롯데마트춘천점,강원특별자치도 춘천시 온의동 6-25 롯데마트 
기타,포지티브즈(Positives),강원특별자치도 춘천시 효자동 619-1 
기타,주식회사더테라리움,강원특별자치도 춘천시 퇴계동 1017 춘천시너스카펠라복합빌딩 9층 
한식,칠전밥집,강원특별자치도 춘천시 칠전동 622-1 
한식,속초항한마리동태찌개(속초항메들집),강원특별자치도 춘천시 요선동 15-18 
식육(숯불구이),돈푸대부속구이,강원특별자치도 춘천시 효자동 754-10 (3동1층) 
호프/통닭,카페바람꽃,강원특별자치도 춘천시 신동면 혈동리 561-2 
분식,강촌스넥,강원특별자치도 춘천시 남산면 강촌리 227-54 
한식,장학막국수,강원특별자치도 춘천시 동면 장학리 425-4 
정종/대포집/소주방,왕짱구,강원특별자치도 춘천시 석사동 725-12 (1층) 
기타,도넛앤커피,강원특별자치도 춘천시 석사동 880-5 
한식,미스터빠삭춘천온의점,강원특별자치도 춘천시 온의동 587-5 춘천강남하이엔드 
한식,크라크라농어촌민박,강원특별자치도 춘천시 서면 안보리 349 
라이브카페,열린무대,강원특별자치도 춘천시 효자동 618-4 
분식,대원,강원특별자치도 춘천시 소양로1가 93-5 외1필지 
한식,의정부부대찌개,강원특별자치도 춘천시 요선동 13-3 (1층) 
라이브카페,젠틀맨,강원특별자치도 춘천시 후평동 67-52 
한식,더티파머스,강원특별자치도 춘천시 서면 신매리 290-2 
한식,정케어푸드,강원특별자치도 춘천시 퇴계동 975-8 
식육(숯불구이),일선갈비,강원특별자치도 춘천시 석사동 737-4 
기타,보울릭포케&아사이볼,강원특별자치도 춘천시 온의동 601 춘천 센트럴타워 푸르지오 
기타,프렌즈스크린퀸텀애막골점,강원특별자치도 춘천시 석사동 98-2 
호프/통닭,지정환임실치즈피자,강원특별자치도 춘천시 석사동 818-12 (1층) 
기타,맘인더가든스카이워크점,강원특별자치도 춘천시 소양로1가 101-7 
한식,인생건어물맥주팔호점,강원특별자치도 춘천시 운교동 181-10 
식육(숯불구이),팔뚝갈비,강원특별자치도 춘천시 동면 장학리 791-35 
호프/통닭,프랭크버거춘천석사점,강원특별자치도 춘천시 석사동 818-2 
경양식,오너스골프클럽,강원특별자치도 춘천시 남산면 수동리 산 30 (1층) 
호프/통닭,푸라닭춘천퇴계점,강원특별자치도 춘천시 퇴계동 1124 
정종/대포집/소주방,상호네닭갈비스무숲점,강원특별자치도 춘천시 석사동 919-2 
호프/통닭,지코바퇴계1호점,강원특별자치도 춘천시 퇴계동 529-10 
한식,나주곰탕대패집(삼겹살) 춘천명동점,강원특별자치도 춘천시 조양동 43-1 외 1필지 
기타,더벤티강원대점,강원특별자치도 춘천시 효자동 627-9 
한식,하하산꼼장어,강원특별자치도 춘천시 석사동 765-11 
한식,진주식당,강원특별자치도 춘천시 우두동 791-4 
기타,거제해녀집,강원특별자치도 춘천시 우두동 1053-4 
한식,사또설렁탕,강원특별자치도 춘천시 동면 장학리 670-8 
식육(숯불구이),맑은농가셀프식당,강원특별자치도 춘천시 동내면 학곡리 319-2 
정종/대포집/소주방,아재불닭발,강원특별자치도 춘천시 퇴계동 1155-2 
호프/통닭,찍찍이네,강원특별자치도 춘천시 석사동 732-17 (1층) 
기타,신북클래식,강원특별자치도 춘천시 신북읍 천전리 212-37 
한식,델리와구,강원특별자치도 춘천시 운교동 187-14 
기타,전여사푸드,강원특별자치도 춘천시 효자동 711-4 
기타,일리터,강원특별자치도 춘천시 중앙로2가 82-3 
정종/대포집/소주방,간이역(강대정문점),"강원특별자치도 춘천시 효자동 301-1 (2동,1층) "
분식,또또아스넥,강원특별자치도 춘천시 죽림동 159-3 
통닭(치킨),이서방양념치킨한림분점,강원특별자치도 춘천시 후평동 842-6 
한식,함흥냉면옥,강원특별자치도 춘천시 조양동 24-1 
한식,메밀촌닭갈비막국수,강원특별자치도 춘천시 동면 만천리 296-2 
한식,아이엠어바텐더(Im a Bartender),강원특별자치도 춘천시 효자동 655-2 
호프/통닭,꾸브라꼬숯불두마리치킨,강원특별자치도 춘천시 효자동 670-8 
기타,냇가가든,강원특별자치도 춘천시 서면 오월리 197-8 
기타,편편집 춘천삼천점,강원특별자치도 춘천시 삼천동 152-1 
한식,대박네집,강원특별자치도 춘천시 효자동 700-20 
통닭(치킨),또봉이통닭후평점,강원특별자치도 춘천시 후평동 711-28 
분식,든든돈가스앤드분식,강원특별자치도 춘천시 운교동 107-1 
한식,삼악산막국수,강원특별자치도 춘천시 삼천동 392-10 
중국식,정성루,강원특별자치도 춘천시 효자동 674-14 
한식,돈오락쪽갈비춘천점,강원특별자치도 춘천시 효자동 310-2 
한식,어화담92,강원특별자치도 춘천시 동내면 거두리 1111-5 
한식,불새닭발,강원특별자치도 춘천시 사농동 158-1 현대아파트상가 103호
한식,단골집,강원특별자치도 춘천시 후평동 599-20 
한식,황토집소머리곰탕,강원특별자치도 춘천시 동내면 학곡리 104-3 
분식,아담만두춘천석사점,강원특별자치도 춘천시 석사동 880-5 
한식,백세추어탕,강원특별자치도 춘천시 후평동 728-1 
한식,정담채,강원특별자치도 춘천시 동면 만천리 649 
한식,햇고을,강원특별자치도 춘천시 남산면 서천리 632-2 
정종/대포집/소주방,대주객,강원특별자치도 춘천시 석사동 749-3 (1층) 
호프/통닭,용두동할매쭈꾸미,강원특별자치도 춘천시 석사동 907-5 
한식,토대력남부시장점(투다리남부시장점),강원특별자치도 춘천시 효자동 684-3 
식육(숯불구이),팔도숯불구이,강원특별자치도 춘천시 온의동 539-5 
한식,팔도해장국,강원특별자치도 춘천시 온의동 514-3 
식육(숯불구이),명동명물닭갈비,강원특별자치도 춘천시 조양동 50-6 
까페,아이앤지(ING),강원특별자치도 춘천시 석사동 915-9 
한식,왕손(해물전문점),강원특별자치도 춘천시 퇴계동 1008-3 
기타,준독라운지,강원특별자치도 춘천시 효자동 653-11 
경양식,레코드랩,강원특별자치도 춘천시 퇴계동 395-26 
중국식,진미중식당,강원특별자치도 춘천시 사북면 지촌리 548-1 
한식,서면누각,강원특별자치도 춘천시 서면 현암리 841-13 
식육(숯불구이),대구참숯막창,강원특별자치도 춘천시 소양로1가 101-13 
한식,명월집,강원특별자치도 춘천시 퇴계동 1170-6 
한식,통큰장어,강원특별자치도 춘천시 퇴계동 346-4 
중국식,신촌짬뽕,강원특별자치도 춘천시 동내면 신촌리 395-5 
분식,스텔라떡볶이강원춘천퇴계온의점,강원특별자치도 춘천시 석사동 822-2 
한식,다맛골,강원특별자치도 춘천시 칠전동 495-2 
한식,육회본가우두점,강원특별자치도 춘천시 우두동 1062-4 
기타,반주,강원특별자치도 춘천시 온의동 29-3 풍물시장 
기타,심야화로우두점,강원특별자치도 춘천시 우두동 1052-31 
기타,수작카츠엔드한스델리,강원특별자치도 춘천시 조양동 144-3 
중국식,수타향,강원특별자치도 춘천시 신북읍 율문리 256-22 
한식,희정장어구이전문가,강원특별자치도 춘천시 조양동 6-5 
한식,일품양평해장국,강원특별자치도 춘천시 퇴계동 523-23 
한식,고기듬뿍국물두루치기,강원특별자치도 춘천시 효자동 618-5 
한식,낭만국시별관,강원특별자치도 춘천시 중앙로2가 42-7 
한식,망우당,강원특별자치도 춘천시 근화동 711-2 
한식,늘가원,강원특별자치도 춘천시 동내면 거두리 1108-1 
분식,주안이네왕만두,강원특별자치도 춘천시 낙원동 115-8 
한식,봉의산막국수,강원특별자치도 춘천시 후평동 717-13 외1필지 
호프/통닭,병천청년순대국(춘천남면점),강원특별자치도 춘천시 남면 한덕리 604-1 
식육(숯불구이),춘천산더덕숯불닭갈비,강원특별자치도 춘천시 중앙로2가 80 
통닭(치킨),호식이두마리치킨(후평동),강원특별자치도 춘천시 후평동 906 
기타,내가바로김밥이다,강원특별자치도 춘천시 퇴계동 916-3 
한식,대영닭갈비,강원특별자치도 춘천시 우두동 1062-9 
패스트푸드,피앤치,강원특별자치도 춘천시 동내면 신촌리 389-18 
한식,뜨락,강원특별자치도 춘천시 요선동 14-3 
기타,그랑셰프(콘도),강원특별자치도 춘천시 남산면 백양리 31-4 엘리시안 강촌 
기타,케이에프씨춘천석사,강원특별자치도 춘천시 석사동 885-1 
호프/통닭,청년다방춘천CGV점,강원특별자치도 춘천시 석사동 885-3 (넥서스프라자 107호) 
기타,이야기,강원특별자치도 춘천시 삼천동 16-9 
한식,경복궁개성손만두요리전문점,강원특별자치도 춘천시 동면 만천리 623-2 
한식,감자골옹심이,강원특별자치도 춘천시 효자동 696-7 
한식,파라다이스,강원특별자치도 춘천시 효자동 629-20 
호프/통닭,디디치킨,강원특별자치도 춘천시 후평동 811-3 
경양식,이디야커피(춘천유앤아이구름다리점),강원특별자치도 춘천시 동면 만천리 574-11 
식육(숯불구이),안골,강원특별자치도 춘천시 퇴계동 358-16 (1층) 
중국식,이비가짬뽕춘천점,강원특별자치도 춘천시 근화동 793-8 
분식,찬이네통큰왕만두,강원특별자치도 춘천시 소양로3가 183-8 
감성주점,청담,강원특별자치도 춘천시 석사동 927-8 1층 
한식,강촌골능이능이백숙,강원특별자치도 춘천시 남산면 창촌리 184-4 
기타,툇골오리,강원특별자치도 춘천시 동면 장학리 231-17 
호프/통닭,슬로우캘리 춘천점,강원특별자치도 춘천시 동내면 거두리 1058-2 
통닭(치킨),맥시칸양념통닭(퇴계점),강원특별자치도 춘천시 퇴계동 907-1 
한식,봄담은산채,강원특별자치도 춘천시 삼천동 48-11 
한식,옥산포기사식당,강원특별자치도 춘천시 사농동 271-17 
기타,스넬커피로스터스,강원특별자치도 춘천시 조양동 6-179 
기타,둘둘치킨,강원특별자치도 춘천시 퇴계동 1085 
탕류(보신용),하남각,강원특별자치도 춘천시 온의동 522-4 (1층) 
한식,륭림닭발,강원특별자치도 춘천시 석사동 915-7 (1층) 
경양식,어부야,강원특별자치도 춘천시 후평동 833-9 
한식,유정마을,강원특별자치도 춘천시 신동면 증리 869-2 
식육(숯불구이),육존심,강원특별자치도 춘천시 석사동 733-23 
중국식,미래성,강원특별자치도 춘천시 우두동 1060 (1층) 
한식,파전이랑막걸리랑,강원특별자치도 춘천시 효자동 665-1 
기타,더모먼트(The moment),강원특별자치도 춘천시 효자동 628-12 
분식,아가사식당,강원특별자치도 춘천시 운교동 170 
분식,허밍면옥,강원특별자치도 춘천시 우두동 1061-13 
중국식,교동짬뽕,강원특별자치도 춘천시 동내면 학곡리 288 
기타,온고갤러리카페,강원특별자치도 춘천시 남산면 창촌리 57-3 
한식,맥고을,강원특별자치도 춘천시 요선동 10-8 
한식,고산가,강원특별자치도 춘천시 동내면 고은리 351 
호프/통닭,지암물레방아,강원특별자치도 춘천시 사북면 지암리 438-1 
통닭(치킨),오케이치킨(봄내점),강원특별자치도 춘천시 석사동 818-11 (101호) 
기타,짱인,강원특별자치도 춘천시 효자동 767-29 
식육(숯불구이),석사돌삼겹,강원특별자치도 춘천시 석사동 697-4 (1층) 
일식,삿포로우동집,강원특별자치도 춘천시 동면 장학리 997-3 
한식,보돌미역춘천만천점,강원특별자치도 춘천시 동면 만천리 759-2 
식육(숯불구이),축제닭갈비,강원특별자치도 춘천시 동내면 거두리 1020-13 
식육(숯불구이),그린벨리바베큐,강원특별자치도 춘천시 서면 덕두원리 717-1 
한식,물암골농원펜션식당,강원특별자치도 춘천시 사북면 지암리 428-9 
기타,블루문,강원특별자치도 춘천시 석사동 740-17 
중국식,도야,강원특별자치도 춘천시 석사동 428-5 
호프/통닭,프라하,강원특별자치도 춘천시 효자동 20-13 (지하1층) 
분식,매콤달콤떡볶이,강원특별자치도 춘천시 후평동 832-4 
호프/통닭,투다리장학점,강원특별자치도 춘천시 동면 장학리 1002-1 
식육(숯불구이),호반닭갈비,강원특별자치도 춘천시 후평동 878-12 
정종/대포집/소주방,태양부 양꼬치 후평점,강원특별자치도 춘천시 후평동 700-5 
한식,초래동제육전집,강원특별자치도 춘천시 우두동 1066-9 
정종/대포집/소주방,나들목주당,강원특별자치도 춘천시 효자동 754-21 
한식,대장푸드,강원특별자치도 춘천시 운교동 179-10 
한식,골목집,강원특별자치도 춘천시 석사동 429-1 
한식,봄내구이촌,강원특별자치도 춘천시 퇴계동 885-7 1층 
한식,오솔길,강원특별자치도 춘천시 효자동 18-48 (3동) 
한식,서정가든,강원특별자치도 춘천시 동내면 학곡리 444-3 
기타,러블리숑숑,강원특별자치도 춘천시 근화동 282-12 
정종/대포집/소주방,박달박가네숯불껍데기춘천퇴계점,강원특별자치도 춘천시 퇴계동 1164 
한식,북창동순두부모다아울렛점,강원특별자치도 춘천시 온의동 601 춘천 센트럴타워 푸르지오 
한식,갯벌바지락칼국수,강원특별자치도 춘천시 석사동 832-7 
한식,사랑채,강원특별자치도 춘천시 석사동 747-5 (1층) 
식육(숯불구이),춘천고깃집,강원특별자치도 춘천시 동면 만천리 199-1 
한식,안다미로,강원특별자치도 춘천시 우두동 144-14 
식육(숯불구이),어서오소,강원특별자치도 춘천시 효자동 21-4 
한식,남춘천닭갈비,강원특별자치도 춘천시 퇴계동 876-6 
중국식,달인각,강원특별자치도 춘천시 퇴계동 799-6 
호프/통닭,강대곱창타운,강원특별자치도 춘천시 효자동 628-12 
식육(숯불구이),병우네칼국수&효자오리바베큐,강원특별자치도 춘천시 요선동 11-3 
라이브카페,리멤버,강원특별자치도 춘천시 퇴계동 1137-2 
한식,준이네도시락,강원특별자치도 춘천시 효자동 744-2 
정종/대포집/소주방,오필승닭발퇴계점,강원특별자치도 춘천시 퇴계동 79 (퇴계타운상가121호) 
한식,천하일미퇴계점,강원특별자치도 춘천시 퇴계동 902-6 
기타,꼬삔이카페,강원특별자치도 춘천시 서면 금산리 997 
한식,스타트하우스식당,강원특별자치도 춘천시 남산면 수동리 산 192 
한식,일단지 부침,강원특별자치도 춘천시 후평동 688-6 
기타,방콕66,강원특별자치도 춘천시 후평동 728-6 
한식,느티나무집,강원특별자치도 춘천시 동내면 사암리 1213-1 
한식,명동우미닭갈비별관,강원특별자치도 춘천시 온의동 65-35 
호프/통닭,화사랑,강원특별자치도 춘천시 석사동 734-11 
한식,오필승닭발석사점,강원특별자치도 춘천시 석사동 697 
한식,운교집,강원특별자치도 춘천시 운교동 167-5 
한식,대복갈매기살,강원특별자치도 춘천시 석사동 735-20 
감성주점,댕스(THANKS),강원특별자치도 춘천시 석사동 913-6 (1층) 
분식,응급실국물떡볶이춘천강원대점,강원특별자치도 춘천시 효자동 618-13 
한식,티하우스1식당,강원특별자치도 춘천시 남산면 수동리 산 192 
한식,와송칼국수,강원특별자치도 춘천시 중앙로3가 60-3 1층 
분식,삭주면가,강원특별자치도 춘천시 후평동 733-1 
식육(숯불구이),남일닭갈비,강원특별자치도 춘천시 남산면 강촌리 327-2 
라이브카페,제이(J),강원특별자치도 춘천시 후평동 798-12 
한식,해양수산부,강원특별자치도 춘천시 퇴계동 1182-6 
기타,송어회담,강원특별자치도 춘천시 동내면 거두리 982-9 
기타,휴먼시아스크린휴게실,강원특별자치도 춘천시 퇴계동 1081 (5층) 
일식,스시장,강원특별자치도 춘천시 소양로4가 104-18 
식육(숯불구이),고래의꿈,강원특별자치도 춘천시 퇴계동 946-6 1층 
일식,스시노칸도춘천명동,강원특별자치도 춘천시 조양동 136-5 (6층) 
한식,양구재래식손두부,강원특별자치도 춘천시 동면 지내리 131-1 
분식,보영이네해물칼국수(별관),"강원특별자치도 춘천시 효자동 697-1 (2동,  1층) "
중국식,주래등석사점,강원특별자치도 춘천시 석사동 696-4 
정종/대포집/소주방,장터족발포차,강원특별자치도 춘천시 소양로1가 93-5 
한식,진샘코다리춘천점,강원특별자치도 춘천시 옥천동 40-1 
한식,육대장,강원특별자치도 춘천시 퇴계동 1159 
정종/대포집/소주방,둥지호프,강원특별자치도 춘천시 후평동 683-6 
식육(숯불구이),사대부족발,강원특별자치도 춘천시 운교동 142-9 
정종/대포집/소주방,투다리학곡점,강원특별자치도 춘천시 동내면 학곡리 602 
중국식,온정,강원특별자치도 춘천시 동면 지내리 969 외1필지 
정종/대포집/소주방,왕십리조개창고춘천만천리점,강원특별자치도 춘천시 동면 만천리 301-7 
정종/대포집/소주방,금화,강원특별자치도 춘천시 동내면 거두리 982-1 
기타,생그레,강원특별자치도 춘천시 소양로1가 92-50 
한식,푸드박스,강원특별자치도 춘천시 석사동 836-5 
경양식,백년카츠남춘천점,강원특별자치도 춘천시 퇴계동 902-8 
기타,초이랑,강원특별자치도 춘천시 신북읍 천전리 115-1 
한식,양지식당,강원특별자치도 춘천시 석사동 942-3 (1층) 
기타,미가득,강원특별자치도 춘천시 우두동 1053-10 
식육(숯불구이),옛터숯불닭갈비,강원특별자치도 춘천시 남산면 강촌리 337-2 
기타,계춘,강원특별자치도 춘천시 신북읍 천전리 64-13 
식육(숯불구이),항아리닭갈비막국수,강원특별자치도 춘천시 신북읍 율문리 32-4 
한식,중앙식당,강원특별자치도 춘천시 중앙로3가 60-6 
탕류(보신용),가마솥소머리곰탕,강원특별자치도 춘천시 우두동 41-1 
기타,인더파인,강원특별자치도 춘천시 서면 오월리 229-2 
분식,멕시카나 효자점,강원특별자치도 춘천시 효자동 150-10 
호프/통닭,깐부치킨후평점,강원특별자치도 춘천시 후평동 25 
한식,강촌뭉텅찌개,강원특별자치도 춘천시 남산면 강촌리 227-56 
통닭(치킨),톡톡치킨피자,강원특별자치도 춘천시 사농동 821 뉴시티코아루상가 104호
기타,윤스꼬 맥반석숯불문어와닭갈비,강원특별자치도 춘천시 남산면 강촌리 335 
기타,라라랜드,강원특별자치도 춘천시 효자동 627-2 
식육(숯불구이),토종닭구이계륵우리집양평해장국,강원특별자치도 춘천시 남산면 광판리 409-18 
한식,옥이네콩탕,강원특별자치도 춘천시 효자동 711-11 
한식,김밥나라봄내초교점,강원특별자치도 춘천시 석사동 818-1 
라이브카페,오렌지클럽,강원특별자치도 춘천시 후평동 891-2 지하1~2층 
감성주점,디올,강원특별자치도 춘천시 석사동 907-9 
한식,역전우동0410춘천석사점,강원특별자치도 춘천시 석사동 880-3 
라이브카페,쏠라시,강원특별자치도 춘천시 석사동 832-2 
한식,오도순순대국,강원특별자치도 춘천시 석사동 890-2 (1층) 
한식,백일옥,강원특별자치도 춘천시 석사동 838-4 
일식,갓포핫토,강원특별자치도 춘천시 석사동 186-41 
기타,오븐마루춘천후평점,강원특별자치도 춘천시 후평동 801-6 
식육(숯불구이),이모네고깃집,강원특별자치도 춘천시 퇴계동 901-13 
한식,로하스테이,강원특별자치도 춘천시 서면 덕두원리 160-2 
한식,우리감자탕,강원특별자치도 춘천시 후평동 748-4 (1동1층) 
한식,소양닭갈비(출장뷔페),강원특별자치도 춘천시 온의동 329-7 
통닭(치킨),삐에로치킨,강원특별자치도 춘천시 퇴계동 983-2 퇴계(2)주공아파트 
식육(숯불구이),화양객잔,강원특별자치도 춘천시 교동 18-2 
기타,육회바른연어퇴계CGV점,강원특별자치도 춘천시 석사동 880-5 
한식,거두리밥상,강원특별자치도 춘천시 동내면 거두리 915 
식육(숯불구이),마장동고기집,강원특별자치도 춘천시 동면 월곡리 482-2 
한식,으뜸갈비,강원특별자치도 춘천시 온의동 571 
기타,돈가스와육칼,강원특별자치도 춘천시 남산면 방곡리 280-1 
호프/통닭,쭈노치킨석사점,강원특별자치도 춘천시 석사동 843-1 
한식,제주은희네해장국퇴계점,강원특별자치도 춘천시 퇴계동 1160-6 
호프/통닭,땡촌닭발,강원특별자치도 춘천시 후평동 711-29 (1층) 1동 
김밥(도시락),김밥나라퇴계점,강원특별자치도 춘천시 퇴계동 903-5 
한식,남부순대국,강원특별자치도 춘천시 효자동 547 
한식,물레방아,강원특별자치도 춘천시 신북읍 율문리 285-5 
한식,예술관,강원특별자치도 춘천시 석사동 735-6 
분식,25시김밥,강원특별자치도 춘천시 퇴계동 945 (퇴계금호타운@상가1층3호) 
한식,경강손두부,강원특별자치도 춘천시 남산면 서천리 256-2 
한식,원조춘천우미닭갈비본점,강원특별자치도 춘천시 조양동 47-8 
호프/통닭,옥탑방오봉자싸롱거두리점,강원특별자치도 춘천시 동내면 거두리 946-7 
한식,삼남매,강원특별자치도 춘천시 운교동 178-11 
경양식,라온(RAON),강원특별자치도 춘천시 동내면 거두리 1042-8 
한식,화덕생선구이청아랑,강원특별자치도 춘천시 동면 만천리 589-4 
중국식,장은짬뽕(후평점),강원특별자치도 춘천시 후평동 692-12 
한식,홍가네,강원특별자치도 춘천시 퇴계동 900-6 
기타,별하네해마루,강원특별자치도 춘천시 효자동 590-5 
정종/대포집/소주방,써나비어2013,강원특별자치도 춘천시 석사동 734-9 
분식,려블랙,강원특별자치도 춘천시 요선동 14-5 
호프/통닭,비어스팟,강원특별자치도 춘천시 퇴계동 1240 
기타,도우도우,강원특별자치도 춘천시 석사동 732-1 
기타,페이크러버스,강원특별자치도 춘천시 교동 150-6 
한식,냠냠도시락,강원특별자치도 춘천시 동면 장학리 786-15 
기타,케이크베이크(cake bake),강원특별자치도 춘천시 효자동 748-13 
기타,공식술상,강원특별자치도 춘천시 효자동 628-14 
기타,까페123,강원특별자치도 춘천시 동면 감정리 188 
호프/통닭,교촌치킨장학점,강원특별자치도 춘천시 동면 장학리 1003-1 
횟집,와와수산,강원특별자치도 춘천시 후평동 727-12 
한식,길동우동춘천팔호광장점,강원특별자치도 춘천시 운교동 181-11 
분식,꽃심이네,강원특별자치도 춘천시 퇴계동 164-3 하나로마트(퇴계점) 
정종/대포집/소주방,끌림,강원특별자치도 춘천시 퇴계동 954-1 
한식,하주골,강원특별자치도 춘천시 동면 만천리 807-4 
기타,파스따남,강원특별자치도 춘천시 석사동 778-7 
한식,양지촌,강원특별자치도 춘천시 남산면 서천리 338-14 
한식,광판순두부,강원특별자치도 춘천시 남산면 광판리 637-1 
호프/통닭,서래맥주집,"강원특별자치도 춘천시 효자동 618-14 (2동,1층) "
기타,돌다리야채곱창,강원특별자치도 춘천시 효자동 618-10 
한식,소담촌춘천점,강원특별자치도 춘천시 동면 만천리 573-4 
기타,유캔두잇춘천효자점,강원특별자치도 춘천시 효자동 696-2 
한식,평창한우,강원특별자치도 춘천시 동면 장학리 671-3 
한식,강원감자탕,강원특별자치도 춘천시 남산면 광판리 102 
한식,호치킨춘천우두점,강원특별자치도 춘천시 우두동 1065-9 
중국식,보경루,강원특별자치도 춘천시 효자동 691-14 
식육(숯불구이),히든밸리,강원특별자치도 춘천시 남산면 강촌리 642 
정종/대포집/소주방,김홍석들밥,강원특별자치도 춘천시 칠전동 637-1 
분식,팔팔뚝배기,강원특별자치도 춘천시 석사동 313-13 
한식,산골소당2호점,강원특별자치도 춘천시 후평동 529-5 
한식,짜장1번지,강원특별자치도 춘천시 후평동 748 
호프/통닭,노랑통닭석사점,강원특별자치도 춘천시 석사동 809-1 
한식,길목식당,강원특별자치도 춘천시 소양로1가 102-11 
한식,향토오리집,강원특별자치도 춘천시 남산면 강촌리 335-2 
기타,커넥트원원키친,강원특별자치도 춘천시 동면 만천리 330-21 
분식,광판팔뚝김밥김유정역점,강원특별자치도 춘천시 신동면 증리 390 
한식,항아리집,강원특별자치도 춘천시 우두동 410-27 
한식,부경감자탕,강원특별자치도 춘천시 후평동 879-2 
정종/대포집/소주방,오늘도한우 춘천거두리점,강원특별자치도 춘천시 동내면 거두리 954-15 
한식,솥뚜껑감자탕,강원특별자치도 춘천시 동내면 거두리 974-7 
통닭(치킨),통닭나라,강원특별자치도 춘천시 온의동 532 
까페,투썸플레이스 구봉산점,"강원특별자치도 춘천시 동면 장학리 139-57 1,2층 "
기타,아키친,강원특별자치도 춘천시 근화동 285-4 
한식,활어난전,강원특별자치도 춘천시 후평동 723-31 1동 
한식,후평칼국수,강원특별자치도 춘천시 후평동 742-13 
한식,실로암민물고기,강원특별자치도 춘천시 후평동 714-14 
한식,페리하우스,강원특별자치도 춘천시 우두동 1057-7 
한식,장대박,강원특별자치도 춘천시 석사동 832-5 
한식,천제육,강원특별자치도 춘천시 효자동 683-17 
분식,명가손만두김밥,강원특별자치도 춘천시 후평동 795-7 
중국식,춘천반점,강원특별자치도 춘천시 석사동 654-7 
횟집,주식회사사거리에프앤비,강원특별자치도 춘천시 효자동 654-3 
분식,떡볶이사냥춘천1호점,강원특별자치도 춘천시 후평동 677-18 
한식,서면손두부집,강원특별자치도 춘천시 서면 방동리 402 
분식,돈까스앤덮밥,강원특별자치도 춘천시 퇴계동 1093 
한식,인생건어물 춘천스무숲점,강원특별자치도 춘천시 석사동 927-4 (1층) 
통닭(치킨),페리카나팔호광장점,강원특별자치도 춘천시 효자동 653 
기타,다옥(茶屋),강원특별자치도 춘천시 석사동 639-6 
한식,교원예움강원장례식장,강원특별자치도 춘천시 동내면 거두리 516-1 (1층) 
식육(숯불구이),"준호네오리,닭숯불구이",강원특별자치도 춘천시 동면 장학리 33 
한식,춘천푸주옥(거두점),강원특별자치도 춘천시 동내면 거두리 667-5 
한식,밀밭해물칼국수,강원특별자치도 춘천시 효자동 697-2 
한식,조개마을,강원특별자치도 춘천시 동내면 거두리 946-5 
기타,이상원미술관,강원특별자치도 춘천시 사북면 지암리 587 
식육(숯불구이),착한곱한우곱창춘천2호석사점,강원특별자치도 춘천시 석사동 827-1 
호프/통닭,수옛날통닭애막골점,강원특별자치도 춘천시 석사동 728-3 
경양식,루,강원특별자치도 춘천시 동면 장학리 786-112 
식육(숯불구이),맛있는닭갈비,강원특별자치도 춘천시 동면 장학리 804-6 
기타,큭큭피자춘천점,강원특별자치도 춘천시 효자동 666-4 
한식,윤식당,강원특별자치도 춘천시 소양로2가 96-3 
한식,은하식당,강원특별자치도 춘천시 효자동 684-11 
식육(숯불구이),감돈,강원특별자치도 춘천시 동내면 거두리 948-10 
횟집,시민횟집,강원특별자치도 춘천시 석사동 639-4 
분식,대박포차,강원특별자치도 춘천시 석사동 696-7 (1층) 
한식,해안황태시래기국밥,강원특별자치도 춘천시 퇴계동 895-5 
탕류(보신용),황골우족탕,강원특별자치도 춘천시 효자동 446-61 
한식,촌집족발,강원특별자치도 춘천시 동내면 거두리 1080-3 
한식,바운스,강원특별자치도 춘천시 동내면 거두리 1022-5 
기타,블름한국다례문화원,강원특별자치도 춘천시 서면 당림리 303-1 외1필지 
기타,바른양식당,강원특별자치도 춘천시 죽림동 189 브라운5번가 2층 4동 4205호
식육(숯불구이),달래해장춘천애막골점,강원특별자치도 춘천시 석사동 749-2 1층 
경양식,올댓스테이크(강북점),강원특별자치도 춘천시 사농동 434-15 2층 
식육(숯불구이),돈보따리,강원특별자치도 춘천시 후평동 711-25 
식육(숯불구이),대풍갈비,강원특별자치도 춘천시 퇴계동 1003-2 
중국식,손짜장면을 아시나요,강원특별자치도 춘천시 동내면 고은리 566-20 
한식,춘천돌짜장전문점,강원특별자치도 춘천시 동면 만천리 871-19 
한식,청기와,강원특별자치도 춘천시 후평동 715-24 
한식,산더미미성돼지국밥춘천삼천점,강원특별자치도 춘천시 삼천동 43-2 
한식,남춘천씨씨대식당,강원특별자치도 춘천시 신동면 혈동리 산 226 외80필지 
한식,남춘천씨씨그늘집,강원특별자치도 춘천시 신동면 혈동리 산 226 외80필지 
한식,불굴의차여사감자탕,강원특별자치도 춘천시 동내면 거두리 1105-1 
호프/통닭,기영이 숯불두마리치킨 춘천소양점,강원특별자치도 춘천시 소양로1가 94-6 춘천역스마트하우스오피스텔 
한식,남춘천씨씨티하우스,강원특별자치도 춘천시 신동면 혈동리 산 226 외 80외필지 
호프/통닭,스테이(STAY),강원특별자치도 춘천시 퇴계동 954-5 
한식,2013대파집,강원특별자치도 춘천시 석사동 733-1 
통닭(치킨),치맥,강원특별자치도 춘천시 동내면 거두리 1111-7 
한식,금바위,강원특별자치도 춘천시 삼천동 156-5 
통닭(치킨),굽네치킨애막골후평점,강원특별자치도 춘천시 후평동 832-8 
일식,한배탄사람들,강원특별자치도 춘천시 죽림동 28-38 
횟집,대진항,강원특별자치도 춘천시 퇴계동 959-8 
탕류(보신용),대월흑염소탕,강원특별자치도 춘천시 우두동 1052-28 1층 
기타,정식당,강원특별자치도 춘천시 동내면 거두리 994-3 (1층) 
호프/통닭,누구나홀딱반한닭춘천한숲시티점,강원특별자치도 춘천시 퇴계동 산 35 
통닭(치킨),볶음밥도사&파스타,강원특별자치도 춘천시 석사동 654-3 (1층) 
까페,파코도노,강원특별자치도 춘천시 신동 970-1 
호프/통닭,오돌이닭발,강원특별자치도 춘천시 석사동 741-8 
탕류(보신용),옛날가마솥소머리곰탕,강원특별자치도 춘천시 신동 766-1 1층 
기타,리네,강원특별자치도 춘천시 효자동 11-2 
분식,스텔라떡볶이강원춘천강대후평점,강원특별자치도 춘천시 후평동 910 춘천일성트루엘더퍼스트아파트 
식육(숯불구이),불발탄,강원특별자치도 춘천시 퇴계동 79 춘천퇴계타운122호 
한식,강촌식당,강원특별자치도 춘천시 남산면 강촌리 227-41 
기타,카페라피스(cafe_Lapis),강원특별자치도 춘천시 석사동 756-12 
횟집,사거리횟집퇴계점,강원특별자치도 춘천시 퇴계동 890-1 
한식,남도식김치찜&김치찌개,강원특별자치도 춘천시 석사동 433-3 
횟집,춘천행복수산,강원특별자치도 춘천시 효자동 617-4 
기타,라비에벨 올드코스4T 그늘집식당,강원특별자치도 춘천시 동산면 조양리 산 199 라비에벨 컨트리클럽 
식육(숯불구이),돼지한마리(후평점),강원특별자치도 춘천시 후평동 79-2 외4필지(2층) 
기타,착한왕감자탕,강원특별자치도 춘천시 후평동 689 
뷔페식,함지박이벤트,강원특별자치도 춘천시 동내면 거두리 591-2 
기타,카파베레카(Kaffa Bereka),강원특별자치도 춘천시 석사동 740-18 
중국식,중화루,강원특별자치도 춘천시 효자동 652 
한식,본죽앤비빔밥춘천엔타점,강원특별자치도 춘천시 석사동 980 
한식,강연우동태찌개춘천점,강원특별자치도 춘천시 우두동 1110 
횟집,오리왕(王),강원특별자치도 춘천시 효자동 747-17 
식육(숯불구이),황제돼지갈비효자점,강원특별자치도 춘천시 효자동 656 (1층) 
한식,홍대포,강원특별자치도 춘천시 퇴계동 1159-6 1층 
한식,오공부대찌개,강원특별자치도 춘천시 석사동 669 
호프/통닭,유키바,강원특별자치도 춘천시 효자동 628-15 2층 
기타,미담미채,강원특별자치도 춘천시 동면 장학리 139-78 1~2층 
한식,함지,강원특별자치도 춘천시 운교동 183 동부시장현대아파트 
뷔페식,꽃길행복한그날,강원특별자치도 춘천시 동내면 거두리 1102-3 
호프/통닭,비에이치씨퇴계사거리점,강원특별자치도 춘천시 퇴계동 983-1 
식육(숯불구이),저팔계,강원특별자치도 춘천시 퇴계동 1162-4 
한식,원님밥상,강원특별자치도 춘천시 조양동 43-7 
정종/대포집/소주방,착한곱한우곱창춘천1호점,강원특별자치도 춘천시 후평동 67-78 1층 
한식,서해안생찜,강원특별자치도 춘천시 효자동 692-1 
중국식,문란한솥뚜껑,강원특별자치도 춘천시 후평동 711-24 
식육(숯불구이),오필승닭발본사직영점,강원특별자치도 춘천시 석사동 911-3 (1층) 
호프/통닭,라벨로페,강원특별자치도 춘천시 퇴계동 528-11 
한식,로데오골프,강원특별자치도 춘천시 석사동 285 춘천로데오 
경양식,힘난다버거 롯데마트춘천점,강원특별자치도 춘천시 온의동 6-25 롯데마트 
식육(숯불구이),청춘집,강원특별자치도 춘천시 효자동 628-15 
경양식,최고당돈가스(후평점),강원특별자치도 춘천시 후평동 701-8 
한식,오페라가든,강원특별자치도 춘천시 동내면 학곡리 106-8 
한식,케이제이피자스테이션,강원특별자치도 춘천시 우두동 1057-7 
기타,춘천라모스버거,강원특별자치도 춘천시 삼천동 15-1 
기타,정원달빛,강원특별자치도 춘천시 동내면 거두리 1096-1 
기타,여기빵집,강원특별자치도 춘천시 퇴계동 1080 
기타,제이비(JB),강원특별자치도 춘천시 퇴계동 1077 
호프/통닭,강정이기가막혀,강원특별자치도 춘천시 석사동 772-6 
기타,맛자랑튀김,"강원특별자치도 춘천시 운교동 183 동부시장 지하21,22,27호 "
분식,멸치국수가참맛있는집,강원특별자치도 춘천시 온의동 133-5 
기타,버치앤브레드,강원특별자치도 춘천시 동내면 학곡리 5-63 
기타,미분당춘천점,강원특별자치도 춘천시 요선동 9-3 
기타,라비에벨 올드코스15T 그늘집식당,강원특별자치도 춘천시 동산면 조양리 산 199 라비에벨 컨트리클럽 
기타,라비에벨 올드코스 스타트하우스식당,강원특별자치도 춘천시 동산면 조양리 산 199 라비에벨 컨트리클럽 
통닭(치킨),페리카나퇴계점,강원특별자치도 춘천시 퇴계동 904-8 
기타,라비에벨올드코스대식당,강원특별자치도 춘천시 동산면 조양리 산 199 라비에벨 컨트리클럽 
식육(숯불구이),담가화로구이춘천퇴계점,강원특별자치도 춘천시 퇴계동 1095 
식육(숯불구이),포대인대구막창퇴계점,강원특별자치도 춘천시 퇴계동 195-26 
식육(숯불구이),촌닭집신북점,강원특별자치도 춘천시 신북읍 용산리 829-19 
한식,북방새우,강원특별자치도 춘천시 퇴계동 1155-3 
한식,일오삼해장국,강원특별자치도 춘천시 퇴계동 956-2 
식육(숯불구이),보영이네해물칼국수후평점,강원특별자치도 춘천시 후평동 227 
중국식,홍해아,강원특별자치도 춘천시 후평동 810-7 
한식,박사로냉면,강원특별자치도 춘천시 서면 현암리 310 
기타,알린(AHLIN),강원특별자치도 춘천시 석사동 667-8 
기타,도그스테이블석사점,강원특별자치도 춘천시 석사동 172 
식육(숯불구이),춘천명물닭갈비막국수,강원특별자치도 춘천시 삼천동 37-91 
식육(숯불구이),춘자네닭갈비,강원특별자치도 춘천시 남산면 서천리 264-1 
정종/대포집/소주방,흥부전,강원특별자치도 춘천시 석사동 700-1 (1층) 
한식,퇴골오리숯불구이(만천점),강원특별자치도 춘천시 동면 만천리 637-1 
한식,나능이능이버섯백숙만천점,강원특별자치도 춘천시 동면 만천리 638-39 
분식,나폴리피자또래오래석사점,강원특별자치도 춘천시 석사동 769-17 
감성주점,쿠바,강원특별자치도 춘천시 석사동 949-4 (1층) 
식육(숯불구이),하나족발,강원특별자치도 춘천시 석사동 799-1 
호프/통닭,88켄터키파크자이점,강원특별자치도 춘천시 삼천동 44-10 
식육(숯불구이),한지붕갈비석사점,강원특별자치도 춘천시 석사동 640 
한식,실비막국수,강원특별자치도 춘천시 소양로2가 127-1 
한식,감미옥설렁탕,강원특별자치도 춘천시 효자동 744-17 1층 
중국식,대원장,강원특별자치도 춘천시 소양로4가 105-17 
한식,춘천원조1호닭갈비막국수(전남식당),강원특별자치도 춘천시 근화동 160-7 
한식,별미당,강원특별자치도 춘천시 죽림동 159-3 
한식,동원칼국수,강원특별자치도 춘천시 효자동 696-1 
일식,칠전일식,강원특별자치도 춘천시 칠전동 619-4 
기타,주주객잔,강원특별자치도 춘천시 퇴계동 1192-8 
기타,카쿠레가춘천점,강원특별자치도 춘천시 조양동 37-1 
기타,피콜로,강원특별자치도 춘천시 석사동 186-36 
정종/대포집/소주방,곡간,강원특별자치도 춘천시 퇴계동 889 (지하1층) 
정종/대포집/소주방,시선애막골,강원특별자치도 춘천시 석사동 735-16 (2층) 
경양식,비스트로마리오,강원특별자치도 춘천시 동내면 거두리 1111-12 
식육(숯불구이),수원성,"강원특별자치도 춘천시 동면 장학리 233-3 2,산35-2 "
식육(숯불구이),돈아돈아숯불구이,강원특별자치도 춘천시 온의동 29-3 
식육(숯불구이),달려라맛집,강원특별자치도 춘천시 운교동 187-9 
한식,배나무골가마솥칼국수,강원특별자치도 춘천시 퇴계동 383-3 
한식,조부자매운순대가(명동점),강원특별자치도 춘천시 조양동 61-3 
기타,만애칼국수,강원특별자치도 춘천시 소양로4가 109-5 
기타,위찜우두점,강원특별자치도 춘천시 우두동 1111-7 
식육(숯불구이),명륜진사갈비춘천효자점,강원특별자치도 춘천시 효자동 655 
기타,치킨포차,강원특별자치도 춘천시 후평동 867 대우아파트 
식육(숯불구이),동신 냉삼집,강원특별자치도 춘천시 교동 152-1 
한식,808명란,강원특별자치도 춘천시 퇴계동 98-9 
탕류(보신용),토종순대국밥,강원특별자치도 춘천시 퇴계동 1183 
정종/대포집/소주방,주원,강원특별자치도 춘천시 효자동 618-20 
한식,정가붕어찜,강원특별자치도 춘천시 동면 지내리 38-2 
한식,부산돼지국밥,강원특별자치도 춘천시 효자동 18-43 
기타,와우,강원특별자치도 춘천시 동내면 학곡리 366-3 
정종/대포집/소주방,퇴계영월집,강원특별자치도 춘천시 퇴계동 1090 
한식,유림칼국수,강원특별자치도 춘천시 신북읍 율문리 909-38 
한식,바보형제쭈꾸미춘천만천점,강원특별자치도 춘천시 동면 만천리 475-11 
식육(숯불구이),이모네불막창퇴계점,강원특별자치도 춘천시 퇴계동 946-6 (1층) 
한식,플로팅플로우,강원특별자치도 춘천시 남면 발산리 832-1 
한식,싸움의고수춘천명동점,강원특별자치도 춘천시 죽림동 189 브라운가 5동 5107호
분식,왕만두,강원특별자치도 춘천시 온의동 601 춘천 센트럴타워 푸르지오 
한식,형과아우,강원특별자치도 춘천시 석사동 748-11 
한식,옛날옛집,"강원특별자치도 춘천시 동면 만천리 638-11 ,16 "
호프/통닭,사또호프치킨,강원특별자치도 춘천시 효자동 154-9 
한식,홍천강다슬기해장국,강원특별자치도 춘천시 삼천동 37-32 
식육(숯불구이),연희네감자탕,강원특별자치도 춘천시 후평동 818-9 
한식,초심,강원특별자치도 춘천시 동내면 거두리 962-9 
한식,황가네돈까스,강원특별자치도 춘천시 석사동 662-4 
기타,오늘엔,강원특별자치도 춘천시 동내면 고은리 33-18 
한식,동부지짐이다정,강원특별자치도 춘천시 운교동 183 동부시장현대아파트 
정종/대포집/소주방,인생건어물후평점,강원특별자치도 춘천시 후평동 458-1 
정종/대포집/소주방,해바라기,강원특별자치도 춘천시 운교동 183 동부시장현대아파트 
식육(숯불구이),돈사돈,강원특별자치도 춘천시 퇴계동 1136-4 
기타,그대별처럼,강원특별자치도 춘천시 남면 가정리 887-1 
한식,대청마루,강원특별자치도 춘천시 동면 만천리 440-4 
호프/통닭,큰골집,강원특별자치도 춘천시 효자동 630-32 
기타,주식회사 글로벌콘텐츠그룹,강원특별자치도 춘천시 죽림동 189 브라운가 
한식,청년주점,"강원특별자치도 춘천시 퇴계동 1189-8,9 "
정종/대포집/소주방,달동네,강원특별자치도 춘천시 효자동 628-13 
한식,특별미기사식당,강원특별자치도 춘천시 효자동 697-21 
한식,엄마손팥칼국수,강원특별자치도 춘천시 동면 지내리 209-38 
기타,쉘터462(shelter 462),강원특별자치도 춘천시 효자동 607-14 
기타,33떡볶이,강원특별자치도 춘천시 동내면 거두리 926-4 
한식,전주명가콩나물국밥석사점,강원특별자치도 춘천시 석사동 796-8 
한식,동교리순대국춘천직영점,강원특별자치도 춘천시 동면 만천리 590-4 
경양식,잭밀러,강원특별자치도 춘천시 석사동 940-1 (1층) 
식육(숯불구이),황가네,강원특별자치도 춘천시 퇴계동 875-6 (1층) 
식육(숯불구이),마왕족발춘천우두점,강원특별자치도 춘천시 우두동 1066-4 
통닭(치킨),멕시칸치킨(호반점),"강원특별자치도 춘천시 소양로1가 98-13 14,17 "
호프/통닭,풀잎,강원특별자치도 춘천시 교동 152-7 
한식,풍류,강원특별자치도 춘천시 석사동 642-14 (1층) 
한식,정아네죽집,강원특별자치도 춘천시 온의동 29-3 풍물시장상가13동107호 
호프/통닭,맘스터치강대효자점,강원특별자치도 춘천시 효자동 632-27 
기타,양지다방,강원특별자치도 춘천시 석사동 651-13 
기타,고유,강원특별자치도 춘천시 동면 만천리 544-2 
한식,그늘집1,강원특별자치도 춘천시 남산면 서천리 121-19 제이드팰리스G.C. 
한식,그늘집2,강원특별자치도 춘천시 남산면 서천리 121-19 제이드팰리스G.C. 
정종/대포집/소주방,보금자리포차,강원특별자치도 춘천시 운교동 187-11 
기타,거두108,강원특별자치도 춘천시 동내면 거두리 1080-1 
기타,(주)유기농카페,강원특별자치도 춘천시 신북읍 지내리 664-1 
통닭(치킨),굽네치킨춘천소양점,강원특별자치도 춘천시 요선동 4-18 
식육(숯불구이),무릉화로,강원특별자치도 춘천시 효자동 367-28 윤일아파트 
분식,점순이호떡앤분식까페,강원특별자치도 춘천시 퇴계동 1018 
한식,제갈덮밥,강원특별자치도 춘천시 후평동 848-2 
한식,스타트하우스,강원특별자치도 춘천시 남산면 서천리 121-19 제이드팰리스G.C. 
정종/대포집/소주방,까투리요선점,강원특별자치도 춘천시 요선동 18-18 
한식,대식당,강원특별자치도 춘천시 남산면 서천리 121-19 제이드팰리스G.C. 
한식,무릉도,강원특별자치도 춘천시 퇴계동 1181 1층 
한식,원조신토불이,강원특별자치도 춘천시 석사동 726-5 
호프/통닭,파동,강원특별자치도 춘천시 효자동 629-13 
김밥(도시락),한솥도시락한림대앞점,강원특별자치도 춘천시 교동 158-1 
호프/통닭,보리울,강원특별자치도 춘천시 근화동 747-2 
기타,밥풀릭스춘천점,강원특별자치도 춘천시 효자동 614-14 
기타,곱분이곱창&미친김치찜후평점,강원특별자치도 춘천시 후평동 699-2 
기타,엠83대가,강원특별자치도 춘천시 근화동 752-4 
한식,큰마당막국수,강원특별자치도 춘천시 삼천동 32-1 
한식,폭포집,강원특별자치도 춘천시 서면 덕두원리 118-16 
호프/통닭,원주일미통닭,강원특별자치도 춘천시 운교동 187-9 
호프/통닭,김종용누룽지통닭(춘천점),강원특별자치도 춘천시 퇴계동 950-1 
호프/통닭,지코바후평1호점,강원특별자치도 춘천시 동면 장학리 1007-2 
한식,중원식당,강원특별자치도 춘천시 운교동 183 
한식,태양숯불갈비,강원특별자치도 춘천시 근화동 264-12 
한식,춘천산닭 산속에닭갈비,강원특별자치도 춘천시 온의동 472-2 
기타,춘천에서온편지,강원특별자치도 춘천시 소양로3가 96-6 2층 
기타,도자기카페길,강원특별자치도 춘천시 칠전동 564-12 
식육(숯불구이),(주)춘천장어마을삼천동,강원특별자치도 춘천시 삼천동 167-2 
횟집,위도횟집,강원특별자치도 춘천시 사농동 260-5 
한식,콩쥐네식탁,강원특별자치도 춘천시 석사동 830-1 
횟집,팔각정,강원특별자치도 춘천시 서면 오월리 105 
식육(숯불구이),공지천우미닭갈비,강원특별자치도 춘천시 근화동 700 
중국식,화정,강원특별자치도 춘천시 사북면 지촌리 471-3 
한식,(뉴)진수성찬,강원특별자치도 춘천시 근화동 711-3 
한식,호반식당,강원특별자치도 춘천시 소양로1가 100-60 
식육(숯불구이),남춘천명물닭갈비,강원특별자치도 춘천시 퇴계동 875-2 
통닭(치킨),수내닭꼬치,강원특별자치도 춘천시 효자동 618-20 
한식,소풍김밥,강원특별자치도 춘천시 조양동 13-5 
한식,꽃도야,강원특별자치도 춘천시 운교동 191-3 
한식,여의도기사식당,강원특별자치도 춘천시 남면 후동리 446-13 
패스트푸드,피자알볼로춘천중앙점,강원특별자치도 춘천시 교동 93-27 
식육(숯불구이),강촌스카이,강원특별자치도 춘천시 남산면 서천리 211-5 
식육(숯불구이),땡구땡구퇴계점,강원특별자치도 춘천시 퇴계동 946-5 (1층) 
일식,고우춘천점,강원특별자치도 춘천시 운교동 177 
식육(숯불구이),장원닭갈비막국수춘천본점,강원특별자치도 춘천시 퇴계동 1136-7 1층 
탕류(보신용),춘천왕감자탕(퇴계점),강원특별자치도 춘천시 퇴계동 1008-10 
한식,온돌집,강원특별자치도 춘천시 석사동 840-7 
한식,우리집,강원특별자치도 춘천시 요선동 3-7 
식육(숯불구이),새명동구우미닭갈비,강원특별자치도 춘천시 조양동 48-1 
패스트푸드,피자마루(퇴계점),강원특별자치도 춘천시 퇴계동 903-8 
한식,부녀식당,강원특별자치도 춘천시 죽림동 11-90 
식육(숯불구이),토담숯불닭갈비,강원특별자치도 춘천시 신북읍 천전리 90-12 
한식,풍물바베큐,강원특별자치도 춘천시 온의동 148-1 외29필지(상가11동76호점) 
식육(숯불구이),꽃등심삼겹살,강원특별자치도 춘천시 석사동 734-2 (1층) 
기타,카페줌,강원특별자치도 춘천시 사농동 434-14 
한식,왕릉숯불갈비,강원특별자치도 춘천시 소양로2가 176-1 
한식,어머니순대국,강원특별자치도 춘천시 운교동 183 
통닭(치킨),소양페리카나,강원특별자치도 춘천시 소양로4가 109-5 
기타,79대포춘천우두점,강원특별자치도 춘천시 우두동 1110 
기타,제육한상,강원특별자치도 춘천시 사농동 115-9 
한식,더나인식당,강원특별자치도 춘천시 남산면 백양리 108-21 
한식,석사돈사무소,강원특별자치도 춘천시 석사동 679-1 
한식,장터뚝배기,강원특별자치도 춘천시 신북읍 율문리 300-7 
한식,소양강농원콩이랑두부랑,강원특별자치도 춘천시 사농동 596-2 
중국식,초마미엔,강원특별자치도 춘천시 석사동 666-15 
호프/통닭,허수아비,강원특별자치도 춘천시 석사동 697-2 
중국식,신중화촌후평장학점,강원특별자치도 춘천시 동면 장학리 791-36 
한식,진선미생삼겹살,강원특별자치도 춘천시 온의동 65-56 
기타,빈스키친,강원특별자치도 춘천시 온의동 517-6 
한식,옥희네메밀부침,강원특별자치도 춘천시 죽림동 11-21 
식육(숯불구이),토담화로구이,강원특별자치도 춘천시 퇴계동 968-1 
식육(숯불구이),백암순대,강원특별자치도 춘천시 동내면 학곡리 306-17 
기타,장학삼겹살,강원특별자치도 춘천시 동면 장학리 998-2 
탕류(보신용),"환이네부대찌개,왕감자탕",강원특별자치도 춘천시 칠전동 216-6 
한식,세종수산,강원특별자치도 춘천시 우두동 1065-1 
한식,한남순대,강원특별자치도 춘천시 후평동 686-25 
기타,미순이네제과점,강원특별자치도 춘천시 근화동 288-7 
식육(숯불구이),선산곱창,강원특별자치도 춘천시 우두동 1061-6 
한식,풍류31,강원특별자치도 춘천시 신동면 증리 1043-132 
기타,백다시육,강원특별자치도 춘천시 신동면 증리 100-6 
분식,아빠가떡뽑는집,강원특별자치도 춘천시 소양로2가 1-64 
기타,무와다이닝,강원특별자치도 춘천시 남산면 서천리 392 무와제이드 
중국식,봉림반점,강원특별자치도 춘천시 신북읍 천전리 718-7 
기타,벤치(cafe Bench),강원특별자치도 춘천시 삼천동 158 
일식,하루일식,강원특별자치도 춘천시 석사동 809-2 
한식,속초장칼,강원특별자치도 춘천시 동내면 거두리 1042-4 
한식,옛촌,강원특별자치도 춘천시 교동 86-7 
정종/대포집/소주방,일과사랑,강원특별자치도 춘천시 교동 93-258 
분식,광판팔뚝김밥퇴계점,강원특별자치도 춘천시 퇴계동 796 
한식,온정삼계탕,강원특별자치도 춘천시 퇴계동 1137-1 
기타,명륜진사갈비춘천퇴계점,강원특별자치도 춘천시 퇴계동 523-23 
기타,봄내농원춘천퇴계동본점,강원특별자치도 춘천시 퇴계동 370-8 투다리 
식육(숯불구이),"일번가막국수,닭갈비",강원특별자치도 춘천시 신북읍 천전리 38-30 
호프/통닭,젊은어부,강원특별자치도 춘천시 퇴계동 967-1 
정종/대포집/소주방,홍가애막골점,강원특별자치도 춘천시 석사동 736-1 (1층) 
식육(숯불구이),좌방산닭갈비토종닭,강원특별자치도 춘천시 남면 발산리 191 
식육(숯불구이),강촌우미숯불닭갈비,강원특별자치도 춘천시 남산면 방곡리 396-8 2동 
일식,연이네초밥,강원특별자치도 춘천시 퇴계동 637-21 
한식,춘천소담막국수,강원특별자치도 춘천시 남산면 서천리 589-3 
한식,(주)아워홈 더플레이어스지씨(클럽하우스),강원특별자치도 춘천시 동산면 군자리 산 73-1 
분식,크루아 라다,강원특별자치도 춘천시 요선동 18-14 1층 
식육(숯불구이),꾸석지돌판한우춘천거두점,강원특별자치도 춘천시 동내면 거두리 716-19 
호프/통닭,투다리행복점,강원특별자치도 춘천시 퇴계동 1162-5 
한식,(주)아워홈더플레이어스지씨(스타트하우스),강원특별자치도 춘천시 동산면 군자리 산 73-1 
호프/통닭,더보리치킨,강원특별자치도 춘천시 요선동 13-12 
정종/대포집/소주방,육림고개서민주막,강원특별자치도 춘천시 죽림동 30-4 
기타,도우,강원특별자치도 춘천시 후평동 705-4 
분식,할랄에스키샤하르(HALAL ESKISHAHAR),강원특별자치도 춘천시 효자동 769 
한식,춘석이네,강원특별자치도 춘천시 중앙로3가 78-4 
횟집,자갈치마당,강원특별자치도 춘천시 우두동 1052-36 
호프/통닭,장작구이닭초,강원특별자치도 춘천시 퇴계동 897-8 (1층) 
식육(숯불구이),춘천제일닭갈비,강원특별자치도 춘천시 석사동 827-4 
한식,마포돼지갈비사농동,강원특별자치도 춘천시 사농동 75-13 (1층) 
통닭(치킨),마인드치킨,강원특별자치도 춘천시 남산면 창촌리 74-1 
일식,요쇼쿠춘천점,강원특별자치도 춘천시 온의동 601 춘천 센트럴타워 푸르지오 
기타,예그리나,강원특별자치도 춘천시 퇴계동 1192-7 
기타,젤리통통,강원특별자치도 춘천시 석사동 980 
경양식,아워테이스트,강원특별자치도 춘천시 옥천동 14-48 
식육(숯불구이),강산닭갈비막국수,강원특별자치도 춘천시 온의동 514-4 
한식,이모네한식,강원특별자치도 춘천시 후평동 847-7 
한식,한끼덮밥,강원특별자치도 춘천시 요선동 18-16 
한식,강촌스타밸리,강원특별자치도 춘천시 남산면 방곡리 622 
정종/대포집/소주방,투다리(굿모닝점),강원특별자치도 춘천시 퇴계동 895-4 (1층) 
식육(숯불구이),에이치케이커피로스터스,강원특별자치도 춘천시 신북읍 천전리 47-8 
호프/통닭,하늘강,강원특별자치도 춘천시 우두동 1065-1 
까페,탑플레이스(Top Place),강원특별자치도 춘천시 동면 장학리 139-54 
한식,소주고개로닭갈비,강원특별자치도 춘천시 남면 후동리 229-3 
한식,목장원,강원특별자치도 춘천시 서면 신매리 271-3 
한식,본삼계탕,강원특별자치도 춘천시 후평동 728-7 
한식,한방장수왕족발,강원특별자치도 춘천시 우두동 1061-14 
한식,문배마을장씨네,강원특별자치도 춘천시 퇴계동 475-9 
중국식,홍콩반점,강원특별자치도 춘천시 동내면 학곡리 600 
까페,카페뽀앤쏘,강원특별자치도 춘천시 후평동 752-9 (1층) 
식육(숯불구이),춘천꽃대패,강원특별자치도 춘천시 퇴계동 1153-1 
식육(숯불구이),사우진미닭갈비,강원특별자치도 춘천시 우두동 1062-11 
식육(숯불구이),홍콩치킨아빠가만드는집밥,강원특별자치도 춘천시 후평동 710-27 (1층) 
기타,설아포차,강원특별자치도 춘천시 퇴계동 897-10 
한식,위찜춘천후평점,강원특별자치도 춘천시 후평동 702-12 
한식,서윤정식,강원특별자치도 춘천시 후평동 623-4 
한식,마삼내막국수,강원특별자치도 춘천시 삼천동 417 
한식,토핑스,강원특별자치도 춘천시 효자동 617-11 
한식,조부자매운순대가(만천점),강원특별자치도 춘천시 동면 만천리 896-13 
한식,병천청년순대강원대점,강원특별자치도 춘천시 효자동 617-7 
한식,흥부곱창,강원특별자치도 춘천시 퇴계동 370-5 
통닭(치킨),닭장,강원특별자치도 춘천시 효자동 617-14 (2층) 
분식,레드빈,강원특별자치도 춘천시 후평동 891-11 
호프/통닭,"과일에반하다,프루타(춘천점)",강원특별자치도 춘천시 후평동 67-78 
기타,카페떼아뜨로(Cafe Teatro),강원특별자치도 춘천시 신동면 증리 901 
한식,옛날이야기식당,강원특별자치도 춘천시 남산면 강촌리 615 
기타,카페429-1지내리,강원특별자치도 춘천시 신북읍 지내리 429-12 
정종/대포집/소주방,위스키no.213(Whisky no.213),강원특별자치도 춘천시 퇴계동 369-9 
기타,커피밀,강원특별자치도 춘천시 효자동 20-13 
기타,엉클스게스트하우스,강원특별자치도 춘천시 남산면 서천리 681-7 
정종/대포집/소주방,도란도란,강원특별자치도 춘천시 죽림동 28-17 
통닭(치킨),페리카나치킨사우점,강원특별자치도 춘천시 사농동 89-15 
중국식,진(眞)짬뽕진(眞)자장,강원특별자치도 춘천시 효자동 326 
한식,향갈비,강원특별자치도 춘천시 동내면 거두리 1022-8 
식육(숯불구이),일품대패춘천점,강원특별자치도 춘천시 후평동 877 
한식,옛날경성순대국춘천점,강원특별자치도 춘천시 온의동 601 춘천 센트럴타워 푸르지오 
기타,더조은명가손만두퇴계점,강원특별자치도 춘천시 퇴계동 79 
까페,산토리니,강원특별자치도 춘천시 동면 장학리 144-16 
한식,우촌식당,강원특별자치도 춘천시 근화동 285-13 
호프/통닭,번짐,강원특별자치도 춘천시 퇴계동 954-2 
식육(숯불구이),해돈,강원특별자치도 춘천시 동내면 거두리 964-3 
정종/대포집/소주방,꼬두람이,강원특별자치도 춘천시 후평동 575-4 동산아파트 101호
한식,두찜 춘천우두점,강원특별자치도 춘천시 우두동 702-12 
한식,조부자매운순대가거두점,강원특별자치도 춘천시 동내면 거두리 948-14 
식육(숯불구이),고굽녀,강원특별자치도 춘천시 퇴계동 799-8 
기타,쌈빠찹쌀강정,강원특별자치도 춘천시 동내면 학곡리 606-3 
기타,청계곱창,강원특별자치도 춘천시 퇴계동 904-9 
식육(숯불구이),초설,강원특별자치도 춘천시 퇴계동 1189-7 
경양식,을찌로국물떡볶이춘천점,강원특별자치도 춘천시 석사동 316-10 
경양식,레오의숲,강원특별자치도 춘천시 서면 당림리 423-7 
기타,글렌테일,강원특별자치도 춘천시 후평동 72-1 
호프/통닭,비비큐후평점,강원특별자치도 춘천시 후평동 869-12 
기타,포레스트스크린,강원특별자치도 춘천시 동면 장학리 174-1 
기타,카페피콜라,강원특별자치도 춘천시 동면 만천리 534-5 
경양식,덕수파스타 춘천온의점,강원특별자치도 춘천시 온의동 601 춘천 센트럴타워 푸르지오 
호프/통닭,고바우통닭 춘천우두점,강원특별자치도 춘천시 우두동 702-12 
기타,오소냉삼,강원특별자치도 춘천시 퇴계동 908-9 
기타,오케이(OK)카페,강원특별자치도 춘천시 후평동 801-11 
한식,콩사랑마을,강원특별자치도 춘천시 퇴계동 1136-2 
한식,바비랑이푸드,강원특별자치도 춘천시 운교동 108-3 
기타,뮤즈앤브루,강원특별자치도 춘천시 조양동 6-35 
한식,구정막국수,강원특별자치도 춘천시 삼천동 164 
기타,모토모토,강원특별자치도 춘천시 동면 만천리 326-37 
한식,요거프레소(춘천화목원점),강원특별자치도 춘천시 사농동 217-24 
한식,승도리네곱도리탕춘천점,강원특별자치도 춘천시 석사동 743-1 (1층) 
정종/대포집/소주방,다님길,강원특별자치도 춘천시 요선동 14-10 
식육(숯불구이),외양간,강원특별자치도 춘천시 효자동 688 
중국식,탕화쿵푸,강원특별자치도 춘천시 중앙로2가 29 2층 
정종/대포집/소주방,이모네포차,강원특별자치도 춘천시 신북읍 천전리 1351 
한식,대구막창,강원특별자치도 춘천시 후평동 715-19 
한식,종점순대국,강원특별자치도 춘천시 근화동 264-12 
한식,병천순대,강원특별자치도 춘천시 후평동 855-3 (1동1층) 
한식,양평해장국,강원특별자치도 춘천시 퇴계동 1140-1 1층 
호프/통닭,백스비어춘천스무숲점,강원특별자치도 춘천시 석사동 942-4 
일식,블루핀,강원특별자치도 춘천시 교동 85-2 
한식,도토리네집,강원특별자치도 춘천시 석사동 923-3 (1층) 
한식,삼형제염소탕,강원특별자치도 춘천시 근화동 800-30 
기타,소소베이글,강원특별자치도 춘천시 온의동 539-6 
기타,카페레이크뷰,강원특별자치도 춘천시 중도동 271-8 
호프/통닭,야차,강원특별자치도 춘천시 퇴계동 1152-5 
한식,동해막국수퇴계점,강원특별자치도 춘천시 퇴계동 1162 
탕류(보신용),장안해장국,강원특별자치도 춘천시 퇴계동 1162 
식육(숯불구이),도야족발남춘천역점,강원특별자치도 춘천시 퇴계동 1191-2 
중국식,선차이,강원특별자치도 춘천시 삼천동 13-1 
기타,토리키치남춘천점,강원특별자치도 춘천시 퇴계동 1164 
한식,숨어있는고깃집,강원특별자치도 춘천시 효자동 632-11 
식육(숯불구이),춘천화람한우,강원특별자치도 춘천시 삼천동 13-1 
호프/통닭,탈선장,강원특별자치도 춘천시 석사동 742-18 
식육(숯불구이),풍물생고기,강원특별자치도 춘천시 온의동 148-1 풍물시장 
식육(숯불구이),백년족발(퇴계점),강원특별자치도 춘천시 퇴계동 916-2 현대1차아파트상가101호 
탕류(보신용),진미감자탕순대국,강원특별자치도 춘천시 칠전동 546-3 
호프/통닭,쏘마,강원특별자치도 춘천시 효자동 673-12 
기타,하나축산정육식당,강원특별자치도 춘천시 퇴계동 1189-4 
한식,참새방앗간,강원특별자치도 춘천시 석사동 667-5 
기타,그라시아,강원특별자치도 춘천시 교동 148-4 
호프/통닭,발닭발닭,강원특별자치도 춘천시 동내면 거두리 956-5 
식육(숯불구이),다락,강원특별자치도 춘천시 소양로2가 153-20 
한식,꼬꼬닭발,강원특별자치도 춘천시 퇴계동 900-11 1층 
탕류(보신용),79네수육국밥춘천온의점,강원특별자치도 춘천시 온의동 73-3 
한식,본가회냉면,강원특별자치도 춘천시 신동 980-5 
호프/통닭,학곡리옛날통닭,강원특별자치도 춘천시 동내면 학곡리 602 
분식,이모집,강원특별자치도 춘천시 온의동 148-1 외29필지(12동89호) 
분식,엄마손칼국수,강원특별자치도 춘천시 퇴계동 961-3 
식육(숯불구이),태가,강원특별자치도 춘천시 퇴계동 1189-1 
한식,훈이네식당,강원특별자치도 춘천시 퇴계동 1159-2 
한식,시골집,강원특별자치도 춘천시 서면 월송리 137-1 
기타,대만족춘천점,강원특별자치도 춘천시 석사동 736-14 
호프/통닭,비에이치씨춘천우두점,강원특별자치도 춘천시 우두동 1088 춘천우두엘에이치천년나무3단지 
한식,오필승닭발장학점,강원특별자치도 춘천시 동면 장학리 998-3 
한식,신의주찹쌀순대본사직영춘천점,강원특별자치도 춘천시 온의동 513-5 
분식,냉면사낭꾼,강원특별자치도 춘천시 석사동 651-17 (1층) 
기타,온의동베이커리,강원특별자치도 춘천시 온의동 517-1 
분식,클라로,강원특별자치도 춘천시 교동 93-193 
한식,백채김치찌개춘천후평점,강원특별자치도 춘천시 후평동 427 현대2차아파트 
한식,원용식당,강원특별자치도 춘천시 동면 상걸리 289-2 
한식,올미닭갈비,강원특별자치도 춘천시 신동 5-7 
식육(숯불구이),낙원동숯불닭갈비,강원특별자치도 춘천시 낙원동 78-6 
탕류(보신용),황가네염소탕집,강원특별자치도 춘천시 중앙로3가 74-4 
횟집,또또와수산,강원특별자치도 춘천시 퇴계동 890-7 
식육(숯불구이),가마솥순대국거두점,강원특별자치도 춘천시 동내면 거두리 1075-1 
한식,대추나무막국수,강원특별자치도 춘천시 동면 감정리 530 
한식,옥골막국수,강원특별자치도 춘천시 동면 지내리 67-1 
한식,밸브,강원특별자치도 춘천시 석사동 848-10 
기타,이디야춘천애막골점,강원특별자치도 춘천시 석사동 729-1 (1층) 
한식,옥산포코다리,강원특별자치도 춘천시 사농동 274-29 
한식,출렁다리,강원특별자치도 춘천시 남산면 강촌리 491-1 
분식,카페테리아틴토이,강원특별자치도 춘천시 서면 현암리 371-1 
식육(숯불구이),빨강머리이모닭갈비,강원특별자치도 춘천시 조양동 51-16 
분식,큐슈울트라아멘춘천명동점,강원특별자치도 춘천시 조양동 144-3 
한식,먹고가,강원특별자치도 춘천시 동내면 고은리 566-112 
식육(숯불구이),대룡산닭갈비막국수,강원특별자치도 춘천시 동내면 신촌리 338 
기타,원더버거,강원특별자치도 춘천시 남산면 백양리 29-1 엘리시안 강촌 
기타,일박이일명물돈갈비,강원특별자치도 춘천시 남산면 창촌리 268-1 
기타,더바른정국밥,강원특별자치도 춘천시 후평동 893 동아아파트 
경양식,단하비,강원특별자치도 춘천시 효자동 628-9 
한식,세월교푸줏간,강원특별자치도 춘천시 동면 월곡리 439 
한식,춘천의달,강원특별자치도 춘천시 요선동 7-12 
한식,나능이능이버섯백숙춘천점,"강원특별자치도 춘천시 퇴계동 1137-3 1층,좌측 "
탕류(보신용),운수대통뼈다귀탕,강원특별자치도 춘천시 동내면 거두리 958-2 
호프/통닭,노랑통닭 엘리시안강촌점,강원특별자치도 춘천시 남산면 백양리 29-1 1층 
식육(숯불구이),춘천장어빌리지,강원특별자치도 춘천시 신북읍 율문리 437-1 외1필지(437-3) 
한식,소양손두부,강원특별자치도 춘천시 소양로1가 101-5 외1필지 
정종/대포집/소주방,거두포차,강원특별자치도 춘천시 동내면 거두리 958-4 
기타,홍콩반점0410 춘천거두리점,강원특별자치도 춘천시 동내면 거두리 1075-1 
호프/통닭,비에이치씨치킨춘천거두점,강원특별자치도 춘천시 동내면 거두리 1090-1 
기타,어구어,강원특별자치도 춘천시 소양로2가 176-5 
일식,야키토리무명,강원특별자치도 춘천시 교동 162-1 
정종/대포집/소주방,순이네불쭈꾸미/닭볶음탕,강원특별자치도 춘천시 퇴계동 1159-5 
한식,진미가솥밭,강원특별자치도 춘천시 후평동 730-6 
한식,닭발어때,강원특별자치도 춘천시 후평동 801-9 
한식,간이역후평대박역점,강원특별자치도 춘천시 후평동 67-54 
까페,놀이카페조인,강원특별자치도 춘천시 효자동 314 
기타,데이빗하우스,강원특별자치도 춘천시 석사동 904-1 
기타,베어크리크춘천 클럽하우스대식당,강원특별자치도 춘천시 신동면 혈동리 산 49-1 
기타,자갈치브라더스춘천후평점,강원특별자치도 춘천시 후평동 43 우미린뉴시티 
호프/통닭,후라이드참잘하는집,강원특별자치도 춘천시 퇴계동 964-3 
식육(숯불구이),장터왕족발보쌈,강원특별자치도 춘천시 사농동 99-38 
한식,보안감자탕앤호세야,강원특별자치도 춘천시 후평동 458-1 
뷔페식,스카이컨벤션웨딩(주),강원특별자치도 춘천시 동면 장학리 684 외3 필지 
한식,권바우푸드시스템,강원특별자치도 춘천시 퇴계동 491-10 
기타,멋갤러리카페,강원특별자치도 춘천시 효자동 707-12 
식육(숯불구이),후동리닭갈비,강원특별자치도 춘천시 남면 후동리 산 96-3 
기타,베어크리크춘천 스타트하우스,강원특별자치도 춘천시 신동면 혈동리 산 49-1 
중국식,회빈장,강원특별자치도 춘천시 퇴계동 952-1 
기타,그라시아브런치카페,강원특별자치도 춘천시 우두동 1110 
호프/통닭,bhc춘천학곡점,강원특별자치도 춘천시 동내면 학곡리 306-8 
기타,플레이스103(은하수카페),강원특별자치도 춘천시 중앙로2가 116 다7 
한식,복순이아구찜,강원특별자치도 춘천시 동면 장학리 1001-2 
기타,해방,강원특별자치도 춘천시 퇴계동 884-2 
기타,수제버거락벅,강원특별자치도 춘천시 석사동 848-3 
식육(숯불구이),춘천함가네닭갈비,강원특별자치도 춘천시 온의동 65-33 
한식,준독(Joon Dog Training Center),강원특별자치도 춘천시 서면 안보리 196-1 (1리) 
호프/통닭,꼬방꼬방,강원특별자치도 춘천시 퇴계동 79 
일식,스시요,강원특별자치도 춘천시 죽림동 6-18 
정종/대포집/소주방,젠가,강원특별자치도 춘천시 우두동 1052-18 
한식,산까치가든,강원특별자치도 춘천시 서면 오월리 229-2 (2리) 
한식,신포리산채나물,강원특별자치도 춘천시 사북면 신포리 470-6 
정종/대포집/소주방,유케야강원대점,강원특별자치도 춘천시 효자동 618-13 
기타,단판,강원특별자치도 춘천시 효자동 629-3 
식육(숯불구이),(주)풍년,강원특별자치도 춘천시 중앙로3가 23-69 
한식,낙지(樂地),강원특별자치도 춘천시 우두동 1061-10 
탕류(보신용),화로불,"강원특별자치도 춘천시 효자동 18-68 (1층,3동) "
기타,촌닭두마리,"강원특별자치도 춘천시 효자동 618 (1층,3동) "
까페,작은갤러리,강원특별자치도 춘천시 동내면 학곡리 293-5 
분식,너랑나랑,강원특별자치도 춘천시 중앙로3가 60-3 
호프/통닭,일팔일구오,강원특별자치도 춘천시 사북면 고성리 195 
식육(숯불구이),좋은흑염소,강원특별자치도 춘천시 퇴계동 1144 
한식,반주,"강원특별자치도 춘천시 퇴계동 968-12 ,11 "
한식,친친,강원특별자치도 춘천시 중앙로2가 15-1 
식육(숯불구이),마장동,강원특별자치도 춘천시 근화동 706-7 
식육(숯불구이),사우나한돼지,강원특별자치도 춘천시 퇴계동 1181-3 
까페,청년팝업레스토랑미생,강원특별자치도 춘천시 석사동 774-4 
한식,옛날막국수,강원특별자치도 춘천시 죽림동 28-29 
한식,섬마을생선구이전문,강원특별자치도 춘천시 후평동 831-6 
탕류(보신용),약선흑염소춘천점,강원특별자치도 춘천시 동내면 학곡리 260-1 
한식,모녀밥상,강원특별자치도 춘천시 효자동 691-10 
일식,와다라멘춘천점,강원특별자치도 춘천시 퇴계동 908-1 
한식,퇴계막국수,강원특별자치도 춘천시 퇴계동 593-17 
한식,다윤네집,강원특별자치도 춘천시 서면 안보리 182-26 
기타,프랭크버거춘천강원대점,강원특별자치도 춘천시 효자동 628-10 
한식,미미즈(mimi's),강원특별자치도 춘천시 후평동 43-7 
식육(숯불구이),원조마늘통닭집,강원특별자치도 춘천시 낙원동 28-1 
식육(숯불구이),춘천사랑닭갈비,강원특별자치도 춘천시 낙원동 16-1 
한식,큰집닭갈비막국수,강원특별자치도 춘천시 퇴계동 780-2 
식육(숯불구이),장터왕족발,강원특별자치도 춘천시 퇴계동 380-7 1층 
한식,동강막국수,강원특별자치도 춘천시 사북면 오탄리 566-2 
기타,봄내뒤뚜루,강원특별자치도 춘천시 후평동 510-24 
호프/통닭,주안상춘천본점,강원특별자치도 춘천시 석사동 911-10 
중국식,천하짬뽕,강원특별자치도 춘천시 퇴계동 471-7 
식육(숯불구이),일미곱창,강원특별자치도 춘천시 퇴계동 156-11 
한식,장모집,강원특별자치도 춘천시 동내면 학곡리 366-7 
한식,원조새술막막국수,강원특별자치도 춘천시 동산면 원창리 882-1 
한식,횡성기사식당,강원특별자치도 춘천시 동내면 학곡리 604 
일식,스시원춘천온의점,강원특별자치도 춘천시 온의동 6-40 
기타,버니하우스,강원특별자치도 춘천시 후평동 67-60 
기타,해물도,강원특별자치도 춘천시 석사동 958-1 
한식,노상치킨앤포차,강원특별자치도 춘천시 후평동 854-4 
한식,가평펜션남이섬리조트비버네민박집,강원특별자치도 춘천시 남산면 방하리 207-4 
식육(숯불구이),고기로53,강원특별자치도 춘천시 근화동 291-13 
중국식,남춘천중국집,강원특별자치도 춘천시 퇴계동 366-10 
한식,오서방숯불갈비,강원특별자치도 춘천시 후평동 714-11 
호프/통닭,계미,강원특별자치도 춘천시 효자동 618-21 
한식,따봉한우곱창,강원특별자치도 춘천시 퇴계동 1166-11 
기타,카페알로하,강원특별자치도 춘천시 서면 서상리 129 
기타,프롬마인드(FROMMIND),강원특별자치도 춘천시 효자동 771-9 
기타,페리토(perrito),강원특별자치도 춘천시 동내면 거두리 301-1 
식육(숯불구이),일미닭갈비,강원특별자치도 춘천시 퇴계동 874-5 
식육(숯불구이),생생삼겹살,강원특별자치도 춘천시 퇴계동 885-6 
식육(숯불구이),장학순대,강원특별자치도 춘천시 동면 장학리 998-6 
식육(숯불구이),정석화로구이,강원특별자치도 춘천시 동면 장학리 1004-5 
한식,다옴,강원특별자치도 춘천시 석사동 682-1 석사신우아파트 
패스트푸드,맘스터치장학만천점,강원특별자치도 춘천시 동면 장학리 802-1 
기타,쪼바,강원특별자치도 춘천시 동내면 거두리 950-2 
식육(숯불구이),남춘천왕소금구이,강원특별자치도 춘천시 퇴계동 1167-4 
한식,오필승닭발퇴계주공1차점,강원특별자치도 춘천시 퇴계동 956-10 
식육(숯불구이),우성닭갈비,강원특별자치도 춘천시 퇴계동 1137-5 
정종/대포집/소주방,장터마당,강원특별자치도 춘천시 퇴계동 968-9 (1층) 
한식,춘천본가닭갈비,강원특별자치도 춘천시 조양동 144-1 
경양식,돈까스와 뼈다귀,강원특별자치도 춘천시 우두동 37-1 
까페,카페플로리안,강원특별자치도 춘천시 후평동 831-1 
기타,올라,강원특별자치도 춘천시 죽림동 4-12 
기타,츄러스아저씨,강원특별자치도 춘천시 조양동 51-1 
분식,정성카츠춘천퇴계점,강원특별자치도 춘천시 퇴계동 1090 
기타,단우물카페,강원특별자치도 춘천시 신북읍 산천리 320-2 
기타,도나커피,강원특별자치도 춘천시 칠전동 639-7 
한식,춘천장칼국수,강원특별자치도 춘천시 신동면 정족리 606 
한식,인생아구찜춘천점,강원특별자치도 춘천시 후평동 910 춘천일성트루엘더퍼스트아파트 
횟집,홍어랑,강원특별자치도 춘천시 우두동 742-1 두미르마을 
분식,유부라동,강원특별자치도 춘천시 효자동 631-14 
기타,몬나니젤라또,강원특별자치도 춘천시 석사동 885-3 
뷔페식,메리키친,강원특별자치도 춘천시 동면 월곡리 364 
한식,미가쭈꾸미앤삼겹살,강원특별자치도 춘천시 우두동 1117-3 
한식,돌집식당,강원특별자치도 춘천시 남면 한덕리 612-2 
한식,브루조아,강원특별자치도 춘천시 남산면 강촌리 509-3 
한식,밸리,강원특별자치도 춘천시 동산면 군자리 산 27 49필지 
기타,그래그래피자떡볶이춘천점,강원특별자치도 춘천시 효자동 749-16 
한식,육림고개올챙이국수,강원특별자치도 춘천시 약사동 2-30 
기타,아람푸드,강원특별자치도 춘천시 칠전동 588-5 
일식,스시욱,강원특별자치도 춘천시 석사동 880-4 
한식,춘양화로본점,강원특별자치도 춘천시 석사동 186-44 
기타,웨어커피,강원특별자치도 춘천시 조양동 6-50 
기타,몰트앤뮤직,강원특별자치도 춘천시 퇴계동 631-3 
한식,유천냉면우두점,강원특별자치도 춘천시 사농동 60-5 
한식,마방,강원특별자치도 춘천시 옥천동 42-8 
분식,만원푸드,강원특별자치도 춘천시 소양로1가 93-13 
한식,홍두깨해물칼국수,강원특별자치도 춘천시 동면 만천리 638-32 
정종/대포집/소주방,그때그집,강원특별자치도 춘천시 퇴계동 1008-2 
기타,공지천제빵소,강원특별자치도 춘천시 삼천동 13-8 
분식,그늘집,강원특별자치도 춘천시 동면 장학리 674-1 
기타,그라운댕,강원특별자치도 춘천시 동면 월곡리 549 
기타,아써르티(ASSORTY),강원특별자치도 춘천시 효자동 632-14 
식육(숯불구이),기와집,강원특별자치도 춘천시 후평동 715-15 
기타,그루잠,강원특별자치도 춘천시 서면 덕두원리 134-13 
한식,세무서구내식당,강원특별자치도 춘천시 중앙로3가 33 
한식,(주)케이알산업춘천(하)휴게소한식봇,강원특별자치도 춘천시 동내면 사암리 123-2 외5필지(A동) 
한식,육쌈냉면(춘천명동점),강원특별자치도 춘천시 조양동 51-1 
한식,순대박사,강원특별자치도 춘천시 근화동 741-2 
한식,본관남부막국수,"강원특별자치도 춘천시 약사동 150 1,2층 "
한식,강남해장국,강원특별자치도 춘천시 근화동 722-4 
호프/통닭,작업반장,강원특별자치도 춘천시 동내면 거두리 948-8 
"외국음식전문점(인도,태국등)",포랑춘천점,강원특별자치도 춘천시 효자동 619-2 
한식,강촌만남의광장,강원특별자치도 춘천시 남산면 강촌리 251-2 새마을금고강촌지점 
한식,유일관,강원특별자치도 춘천시 조양동 24-7 
정종/대포집/소주방,까투리 강대점,강원특별자치도 춘천시 효자동 301-14 
한식,반찬가게,강원특별자치도 춘천시 칠전동 588-7 
한식,여주집,강원특별자치도 춘천시 중앙로3가 60 
한식,미가락,강원특별자치도 춘천시 교동 157-13 
경양식,아름다운식당(춘천시니어클럽),강원특별자치도 춘천시 석사동 756-14 
한식,의료법인 호반의료재단 춘천호반병원장례식장,강원특별자치도 춘천시 삼천동 789-1 외2필지(지하1층) 
중국식,가화,강원특별자치도 춘천시 삼천동 300-3 
한식,40년조면장장칼국수석사점,강원특별자치도 춘천시 석사동 848-4 
정종/대포집/소주방,한림포차,강원특별자치도 춘천시 후평동 857 
정종/대포집/소주방,로얄소주방,강원특별자치도 춘천시 운교동 188-3 
기타,카페다올,강원특별자치도 춘천시 퇴계동 905-7 
한식,두향칠전점,강원특별자치도 춘천시 칠전동 99-3 
한식,조부자매운순대가후평점,강원특별자치도 춘천시 후평동 78-2 
분식,남부닭갈비,강원특별자치도 춘천시 효자동 685-14 
기타,컵앤캔,강원특별자치도 춘천시 석사동 429-5 
식육(숯불구이),경강오리구이후평점,강원특별자치도 춘천시 후평동 689-5 
한식,장수숯불갈비,강원특별자치도 춘천시 온의동 73-22 (1층) 
김밥(도시락),온의김밥나라,"강원특별자치도 춘천시 온의동 148-4 (1층,가운데) "
정종/대포집/소주방,이모집,강원특별자치도 춘천시 후평동 683-22 
기타,더 쉘터,강원특별자치도 춘천시 동산면 군자리 1020 
호프/통닭,바보형제쭈꾸미효자점,강원특별자치도 춘천시 효자동 658 
식육(숯불구이),명가곱창,강원특별자치도 춘천시 퇴계동 901-2 
분식,그날의우리,강원특별자치도 춘천시 퇴계동 1191-2 
한식,춘천정통닭갈비,강원특별자치도 춘천시 남면 발산리 94-2 
경양식,배고파,강원특별자치도 춘천시 교동 137-2 
기타,카페래빗가든(Cafe rabbit garden),강원특별자치도 춘천시 후평동 79-10 
기타,파쎄스위트,강원특별자치도 춘천시 삼천동 47-23 
한식,4단지닭갈비,강원특별자치도 춘천시 후평동 801-11 
한식,할매삼계탕,강원특별자치도 춘천시 퇴계동 산 815-2 
한식,봄이네,강원특별자치도 춘천시 신북읍 유포리 1167-29 
호프/통닭,굽네치킨CGV점,강원특별자치도 춘천시 퇴계동 1025-2 퇴계7단지주공아파트 
호프/통닭,푸라닭춘천후평점,강원특별자치도 춘천시 후평동 702-7 
한식,롯데자율식당,강원특별자치도 춘천시 약사동 160-8 
기타,카페로떤느,강원특별자치도 춘천시 동내면 사암리 463 
식육(숯불구이),광창,강원특별자치도 춘천시 퇴계동 395-84 
한식,호수별닭갈비,강원특별자치도 춘천시 근화동 532-8 
한식,대경식당,강원특별자치도 춘천시 효자동 686-2 
호프/통닭,누구나홀딱반한닭석사점,"강원특별자치도 춘천시 석사동 888-3 (화인프라자 106호,107호) "
기타,꿀꿀이수육국밥,강원특별자치도 춘천시 후평동 689-13 
정종/대포집/소주방,황금포차,강원특별자치도 춘천시 후평동 742-13 
기타,프렌즈스크린사농동점,강원특별자치도 춘천시 사농동 365 
라이브카페,은하수7080,강원특별자치도 춘천시 석사동 642-7 
기타,지앤씨골프삼천동스크린,강원특별자치도 춘천시 삼천동 152-1 
기타,모민(momin),강원특별자치도 춘천시 죽림동 107 
호프/통닭,모두모여라,강원특별자치도 춘천시 동내면 거두리 1138 호반베르디움에코 
기타,코이코히,강원특별자치도 춘천시 석사동 747-4 
일식,별식당춘천거두점,강원특별자치도 춘천시 동내면 거두리 1090-1 
한식,복순이아구찜퇴계점,강원특별자치도 춘천시 퇴계동 395-15 
한식,대진식당,강원특별자치도 춘천시 삼천동 37-46 
한식,멍석갈비,강원특별자치도 춘천시 온의동 518 (1층) 
한식,두촌가마솥밥엔쭈꾸미춘천점,강원특별자치도 춘천시 온의동 511 이마트 
분식,거두분식,강원특별자치도 춘천시 동내면 거두리 956-4 
기타,오더히어버거,강원특별자치도 춘천시 효자동 367-28 윤일아파트 
기타,타프로스터스,강원특별자치도 춘천시 조양동 6-290 
기타,춘맥,강원특별자치도 춘천시 후평동 67-36 
일식,춘천초밥,강원특별자치도 춘천시 퇴계동 111-25 
한식,주식회사,강원특별자치도 춘천시 퇴계동 904-1 
정종/대포집/소주방,호수,강원특별자치도 춘천시 동면 만천리 57 
한식,모두숲,강원특별자치도 춘천시 신동면 증리 938-2 
정종/대포집/소주방,연탄불고기,강원특별자치도 춘천시 석사동 709-6 
탕류(보신용),고기굽는마을,강원특별자치도 춘천시 후평동 891-13 
감성주점,갤러리,강원특별자치도 춘천시 후평동 869 
한식,오야,강원특별자치도 춘천시 교동 149-12 
기타,에이셉피자춘천점,강원특별자치도 춘천시 중앙로2가 40-2 
식육(숯불구이),숯불닭갈비나라,강원특별자치도 춘천시 우두동 1061-2 (1층) 
기타,도손도손,강원특별자치도 춘천시 동내면 거두리 1111-10 
호프/통닭,쭈노치킨,강원특별자치도 춘천시 퇴계동 904-7 
기타,투다리퇴계타운점,강원특별자치도 춘천시 퇴계동 79 
중국식,옥산반점,"강원특별자치도 춘천시 사농동 255,257-4 "
한식,구곡휴게소,강원특별자치도 춘천시 남산면 강촌리 432-7 
기타,아보카도,강원특별자치도 춘천시 약사동 150-31 
기타,미미카츠,강원특별자치도 춘천시 효자동 164-10 
일식,찰랑찰랑,강원특별자치도 춘천시 조양동 47-9 
뷔페식,주현출장부페,강원특별자치도 춘천시 석사동 646 (1층) 
중국식,황궁쟁반짜장우두점,강원특별자치도 춘천시 우두동 280-5 
탕류(보신용),금자네해장국,강원특별자치도 춘천시 운교동 182-3 
기타,레일로드,강원특별자치도 춘천시 사북면 고탄리 472-1 
한식,이가네추어탕,강원특별자치도 춘천시 동내면 학곡리 321-8 
호프/통닭,솔바람,강원특별자치도 춘천시 북산면 오항리 106-3 
한식,복돼지숯불갈비,강원특별자치도 춘천시 후평동 702-9 1층 
한식,대구네동태탕,강원특별자치도 춘천시 우두동 532-1 
한식,동명막국수닭갈비,강원특별자치도 춘천시 사농동 217-242 
한식,시골밥집,강원특별자치도 춘천시 후평동 690 
기타,메가펍,강원특별자치도 춘천시 퇴계동 1137-3 
한식,한방카페궁,강원특별자치도 춘천시 동면 장학리 139-157 
한식,전이야기,강원특별자치도 춘천시 후평동 293 
식육(숯불구이),토담숯불닭갈비(신관),강원특별자치도 춘천시 신북읍 천전리 90-13 외1필지 90-19 
탕류(보신용),인생고기,강원특별자치도 춘천시 퇴계동 1008-6 
한식,정가네소내장탕,강원특별자치도 춘천시 후평동 833-9 
김밥(도시락),한솥도시락한림성심대점,강원특별자치도 춘천시 동면 장학리 789-77 
호프/통닭,도원,강원특별자치도 춘천시 남산면 서천리 298-21 
한식,황소돌곱창구이,강원특별자치도 춘천시 석사동 749-1 
식육(숯불구이),만천고깃간,강원특별자치도 춘천시 후평동 734-1 (1동1층) 
기타,문배힐하우스,강원특별자치도 춘천시 남산면 강촌리 454 
기타,쌈육정,강원특별자치도 춘천시 석사동 644 
한식,234산장가든,강원특별자치도 춘천시 남산면 서천리 234 
호프/통닭,달몽,강원특별자치도 춘천시 석사동 644-1 
한식,손칼국수,강원특별자치도 춘천시 효자동 753-18 
통닭(치킨),멕시칸치킨후평3분점,강원특별자치도 춘천시 후평동 689-11 
한식,삼천동식당,강원특별자치도 춘천시 송암동 83 
분식,엄마손분식,"강원특별자치도 춘천시 퇴계동 917 한성,한진아파트 "
정종/대포집/소주방,은하수길포차,강원특별자치도 춘천시 후평동 838-6 
기타,엘타코호초,강원특별자치도 춘천시 후평동 740-11 
식육(숯불구이),고기촌,강원특별자치도 춘천시 석사동 644-6 
한식,다미,강원특별자치도 춘천시 옥천동 16-9 
횟집,사거리횟집후평점,강원특별자치도 춘천시 후평동 910 춘천일성트루엘더퍼스트아파트 103호
식육(숯불구이),육담,강원특별자치도 춘천시 퇴계동 418-6 
기타,정가네오골계선생,강원특별자치도 춘천시 퇴계동 651-1 
중국식,함흥집,강원특별자치도 춘천시 온의동 65-54 (1층) 
식육(숯불구이),오필승닭발팔호광장점,강원특별자치도 춘천시 운교동 136-1 
한식,해물마루,강원특별자치도 춘천시 퇴계동 874-4 
정종/대포집/소주방,도원뚝배기짬뽕본점,강원특별자치도 춘천시 석사동 750-12 (1층) 
식육(숯불구이),닭먹으러다시오리,강원특별자치도 춘천시 서면 덕두원리 291-6 
정종/대포집/소주방,유토피아,강원특별자치도 춘천시 퇴계동 956-16 (1층) 
감성주점,마이웨이,강원특별자치도 춘천시 후평동 683 
한식,성심로11-1,강원특별자치도 춘천시 교동 156-6 
식육(숯불구이),재궁골토종닭,강원특별자치도 춘천시 동면 장학리 84 
한식,란(RAN),강원특별자치도 춘천시 동면 만천리 528-6 
기타,토마토도시락춘천한림대점,"강원특별자치도 춘천시 교동 152-3 152-2,152-8(1층) "
한식,한우참맛갈비,강원특별자치도 춘천시 후평동 751-12 
까페,안,강원특별자치도 춘천시 효자동 622-4 
분식,가리미김밥석사세경점,강원특별자치도 춘천시 효자동 300-24 
분식,청춘꼬마김밥앤떡볶이본점,강원특별자치도 춘천시 석사동 880-1 
기타,팔봉스넥,강원특별자치도 춘천시 운교동 188-10 
탕류(보신용),풍물영양탕,강원특별자치도 춘천시 온의동 29-3 풍물시장 
탕류(보신용),광치해장국,강원특별자치도 춘천시 소양로3가 175-1 
한식,진이식당,강원특별자치도 춘천시 온의동 148-1 풍물시장 
식육(숯불구이),화로상회 남춘천역점,강원특별자치도 춘천시 퇴계동 1190-1 
호프/통닭,메이,강원특별자치도 춘천시 석사동 904-3 (6층) 
한식,돈,강원특별자치도 춘천시 우두동 1053-5 
한식,전주식당,"강원특별자치도 춘천시 운교동 183 동부시장상가 11,12,23,24호 "
분식,도스마스한림대점,강원특별자치도 춘천시 교동 156-5 
한식,한라풍천장어,강원특별자치도 춘천시 사농동 434-13 
탕류(보신용),신촌리소머리곰탕,강원특별자치도 춘천시 동내면 신촌리 389-6 
한식,사거리순대국,강원특별자치도 춘천시 사농동 217-257 
기타,데이앤나이트식당,강원특별자치도 춘천시 효자동 626-25 
한식,함흥냉면옥퇴계점,강원특별자치도 춘천시 퇴계동 1141 
기타,맑음때때로비,강원특별자치도 춘천시 석사동 766-6 1층 
한식,장독마을,강원특별자치도 춘천시 동면 감정리 447-2 
한식,원할머니보쌈족발춘천후평점,강원특별자치도 춘천시 후평동 67-54 우측호
기타,속초회냉면,강원특별자치도 춘천시 동내면 거두리 1131-5 
분식,청년분식춘천점,강원특별자치도 춘천시 석사동 663-7 
일식,풍류장,강원특별자치도 춘천시 퇴계동 1152 
한식,가락재정상쉼터,강원특별자치도 춘천시 동면 상걸리 산 53-3 
한식,산골쉼터,강원특별자치도 춘천시 동면 상걸리 134-1 
한식,춘식,강원특별자치도 춘천시 석사동 736-10 
통닭(치킨),호식이두마리치킨퇴계점,"강원특별자치도 춘천시 퇴계동 945 퇴계금호타운상가(지층20,21,22호1/2) "
식육(숯불구이),육림보쌈숯불구이후평점,강원특별자치도 춘천시 후평동 842-2 
식육(숯불구이),송암골막국수닭갈비,강원특별자치도 춘천시 송암동 750-1 (1층) 
분식,춘천소문난수제만두,강원특별자치도 춘천시 퇴계동 902-7 
한식,유민이네부대찌개육개장,강원특별자치도 춘천시 동내면 학곡리 279-14 
식육(숯불구이),큰지붕닭갈비,강원특별자치도 춘천시 신북읍 천전리 92-1 
일식,야키니쿠찬,강원특별자치도 춘천시 낙원동 62-4 
식육(숯불구이),육식사관학교 춘천석사점,강원특별자치도 춘천시 석사동 694-2 석사근로복지아파트 
식육(숯불구이),일품대패일품장어,강원특별자치도 춘천시 퇴계동 369-13 
한식,만천막국수,강원특별자치도 춘천시 동면 만천리 792-2 
한식,춘천호,강원특별자치도 춘천시 사북면 고탄리 545 
호프/통닭,치킨마에스트로본점,강원특별자치도 춘천시 후평동 692-10 
분식,떡의작품남춘천점,강원특별자치도 춘천시 퇴계동 451-3 
한식,담은등갈비,강원특별자치도 춘천시 신동면 정족리 632-11 
호프/통닭,누구나홀딱반한닭 춘천온의점,강원특별자치도 춘천시 온의동 73-20 
식육(숯불구이),착한복돼지,강원특별자치도 춘천시 석사동 740-6 
한식,장가네더덕밥,강원특별자치도 춘천시 동면 장학리 754-1 
한식,팔뚝갈비학곡점,강원특별자치도 춘천시 동내면 학곡리 279-1 (1층) 
통닭(치킨),프랑킨숯불양념구이치킨,강원특별자치도 춘천시 석사동 707-7 
횟집,육회왕자연어공주춘천1호점,강원특별자치도 춘천시 석사동 736-17 
한식,호수마을,강원특별자치도 춘천시 사북면 원평리 373-1 
한식,춘천냉면,강원특별자치도 춘천시 동내면 학곡리 306-9 
분식,영아미가,강원특별자치도 춘천시 우두동 1105 
한식,용화산막국수,강원특별자치도 춘천시 사북면 고탄리 109-6 
한식,한식당,강원특별자치도 춘천시 동면 만천리 816-14 
정종/대포집/소주방,민지네포장마차,강원특별자치도 춘천시 퇴계동 1183-2 
한식,골목전집,강원특별자치도 춘천시 요선동 18-3 
한식,공원삼겹살,강원특별자치도 춘천시 동내면 거두리 982-8 
정종/대포집/소주방,뽀글이집밥,강원특별자치도 춘천시 후평동 809 후평주공4단지아파트 
분식,마코토맨,강원특별자치도 춘천시 퇴계동 1082 
한식,황토숯불닭갈비,강원특별자치도 춘천시 근화동 710-12 
한식,소란,강원특별자치도 춘천시 효자동 619-13 
분식,733,강원특별자치도 춘천시 신북읍 천전리 1352 
식육(숯불구이),대박푸줏간,강원특별자치도 춘천시 퇴계동 370-25 
중국식,진시황제,강원특별자치도 춘천시 후평동 701-8 
한식,착한밥상,강원특별자치도 춘천시 퇴계동 864 
한식,이모네한식,강원특별자치도 춘천시 석사동 654-6 
식육(숯불구이),본탄,강원특별자치도 춘천시 석사동 749-4 
한식,성심식당,강원특별자치도 춘천시 낙원동 60-2 
식육(숯불구이),청향오리,강원특별자치도 춘천시 신북읍 용산리 829-4 
뷔페식,저스트다이닝,강원특별자치도 춘천시 근화동 727 
횟집,싱싱횟집,강원특별자치도 춘천시 삼천동 32-9 
기타,부산산꼼장어,강원특별자치도 춘천시 석사동 735-11 
중국식,영화루,강원특별자치도 춘천시 온의동 508 (1층) 
한식,레드닥스(RED닥's),강원특별자치도 춘천시 소양로2가 133-19 
한식,김밥박사,강원특별자치도 춘천시 후평동 807-8 
한식,황토숯불닭갈비,강원특별자치도 춘천시 후평동 801-12 
식육(숯불구이),수정족발,강원특별자치도 춘천시 온의동 29-3 풍물시장10동56호 
호프/통닭,투다리효자3점,강원특별자치도 춘천시 효자동 612-3 
식육(숯불구이),큰이모소막창,강원특별자치도 춘천시 후평동 684-7 
호프/통닭,덤앤더머,강원특별자치도 춘천시 근화동 286-20 
한식,또바기,강원특별자치도 춘천시 퇴계동 1149-5 
한식,이사부,강원특별자치도 춘천시 후평동 421-1 
"외국음식전문점(인도,태국등)",태국시푸켓동,강원특별자치도 춘천시 효자동 754-4 
탕류(보신용),원조춘천왕감자탕,강원특별자치도 춘천시 동면 만천리 638-36 
식육(숯불구이),오거리곱창,강원특별자치도 춘천시 후평동 298-6 
한식,고향마차,"강원특별자치도 춘천시 효자동 700-1 ,2 "
한식,낙원뼈다귀전골,강원특별자치도 춘천시 낙원동 30-8 
기타,다래전마당,강원특별자치도 춘천시 퇴계동 7-23 외5필지 
중국식,진미루,강원특별자치도 춘천시 동내면 학곡리 306-33 
식육(숯불구이),산애그린,강원특별자치도 춘천시 석사동 116-3 
분식,우리동네,강원특별자치도 춘천시 온의동 29-3 
분식,고모네장터,강원특별자치도 춘천시 낙원동 30-8 
탕류(보신용),장수순대국,강원특별자치도 춘천시 요선동 10-4 
호프/통닭,학곡리순대,강원특별자치도 춘천시 동내면 학곡리 319-15 
기타,프랭크버거춘천퇴계점,강원특별자치도 춘천시 퇴계동 445 
한식,한식밥상,강원특별자치도 춘천시 석사동 666-9 
한식,화산해물찜,강원특별자치도 춘천시 온의동 84-14 
통닭(치킨),대박치킨,강원특별자치도 춘천시 온의동 45-2 외23필지 상가4동 141 
호프/통닭,요선통닭,강원특별자치도 춘천시 요선동 11-8 
식육(숯불구이),심야,강원특별자치도 춘천시 석사동 750-2 
횟집,해녀심청,강원특별자치도 춘천시 우두동 1110 
김밥(도시락),마케집춘천점,강원특별자치도 춘천시 퇴계동 1183-5 
기타,각광,강원특별자치도 춘천시 후평동 70-3 
기타,순대집,강원특별자치도 춘천시 중앙로2가 43-10 
기타,카페소소한,강원특별자치도 춘천시 북산면 청평리 산 186-8 
한식,사랑말길100,강원특별자치도 춘천시 신북읍 율문리 472-1 
기타,까몬 춘천점,강원특별자치도 춘천시 중앙로1가 63 
한식,맛드림도시락(춘천시니어클럽),강원특별자치도 춘천시 후평동 854-8 
기타,가로술길,강원특별자치도 춘천시 후평동 905 춘천더샵아파트 
기타,락코피아,강원특별자치도 춘천시 소양로1가 106-11 
기타,참좋은자리,강원특별자치도 춘천시 후평동 847-8 
중국식,신짬뽕,강원특별자치도 춘천시 후평동 686 
한식,거두리닭갈비,강원특별자치도 춘천시 동내면 거두리 1055-3 
기타,브릭스피자,강원특별자치도 춘천시 효자동 633-11 
분식,달떡볶이퇴계점,강원특별자치도 춘천시 퇴계동 423-6 
호프/통닭,딱실내포장마차,강원특별자치도 춘천시 후평동 430-21 
경양식,페스토,강원특별자치도 춘천시 동내면 거두리 1055-4 
기타,꽃담은,강원특별자치도 춘천시 퇴계동 1137-6 
한식,엄니밥상,강원특별자치도 춘천시 죽림동 32 제일백화점 
기타,올데이브런치,강원특별자치도 춘천시 동면 만천리 437-1 
한식,신의주찹쌀순대,강원특별자치도 춘천시 요선동 18-13 
한식,모리막국수,강원특별자치도 춘천시 신동면 팔미리 76 
패스트푸드,맛도리,강원특별자치도 춘천시 교동 136-13 
기타,정육식당우두길,강원특별자치도 춘천시 우두동 1113-6 
기타,오늘도맑음,강원특별자치도 춘천시 신동면 정족리 568 
한식,솥담순두부춘천만천점,강원특별자치도 춘천시 동면 만천리 607 
기타,프랭크버거우두택지점,강원특별자치도 춘천시 우두동 1118-1 
한식,친구집,강원특별자치도 춘천시 후평동 842-14 
식육(숯불구이),강촌찐해물칼국수,강원특별자치도 춘천시 남산면 강촌리 323-1 
한식,육대장근화점,강원특별자치도 춘천시 근화동 732-2 
한식,은희네웰빙튀김집,강원특별자치도 춘천시 후평동 690-1 
식육(숯불구이),은주식당,강원특별자치도 춘천시 효자동 658-1 
정종/대포집/소주방,타프로스터스,강원특별자치도 춘천시 효자동 625-10 
한식,셰프앤파티(chef & party),강원특별자치도 춘천시 동면 장학리 639-1 
기타,신북커피,강원특별자치도 춘천시 신북읍 천전리 672-5 
중국식,호담,강원특별자치도 춘천시 효자동 643-8 
한식,남춘천명가,강원특별자치도 춘천시 퇴계동 628-3 
기타,풍류365,강원특별자치도 춘천시 온의동 148-1 외29필지(풍물시장) 11동 73호
한식,온유정,강원특별자치도 춘천시 삼천동 13-3 
기타,마하싯다커리,강원특별자치도 춘천시 죽림동 189 
호프/통닭,한식카야한야,강원특별자치도 춘천시 후평동 701-12 
한식,아지트,강원특별자치도 춘천시 후평동 684-12 
한식,호손만두,강원특별자치도 춘천시 후평동 687-23 
"외국음식전문점(인도,태국등)",하노이별퇴계점,강원특별자치도 춘천시 석사동 880-1 107호
호프/통닭,남부옛날통닭,강원특별자치도 춘천시 효자동 547 
중국식,특미원,강원특별자치도 춘천시 효자동 626 
일식,닝교초식당(후평점),강원특별자치도 춘천시 후평동 701-8 
정종/대포집/소주방,영월집,강원특별자치도 춘천시 우두동 1097-5 
식육(숯불구이),큰집한우,강원특별자치도 춘천시 운교동 188-4 
분식,가람스넥,강원특별자치도 춘천시 교동 93-155 
한식,나눔아뜰리에(Nanum Atelier),강원특별자치도 춘천시 신북읍 천전리 90-2 
기타,춘천막국수체험박물관,강원특별자치도 춘천시 신북읍 산천리 342-1 
횟집,뼈가네순대,강원특별자치도 춘천시 석사동 917-6 
한식,샘토명물닭갈비본점,강원특별자치도 춘천시 우두동 1018-4 
탕류(보신용),삼천포돼지국밥,강원특별자치도 춘천시 신북읍 율문리 318-8 
기타,골프존파크퇴계이안점,강원특별자치도 춘천시 퇴계동 418-5 
한식,풍물나들이,강원특별자치도 춘천시 온의동 148-1 풍물시장 
한식,딱조아92막창,강원특별자치도 춘천시 동면 장학리 859 
호프/통닭,올리,강원특별자치도 춘천시 효자동 629-20 (지하) 
탕류(보신용),청진동감자탕,강원특별자치도 춘천시 근화동 706-3 
한식,도원갈비,강원특별자치도 춘천시 동면 장학리 220-7 
한식,풍물옹심이,강원특별자치도 춘천시 효자동 686-3 
중국식,북경반점,강원특별자치도 춘천시 후평동 717-16 
한식,뭉텅찌개,강원특별자치도 춘천시 온의동 148-1 외29필지 춘천풍물상가 12동 95호
한식,대복소갈비살,강원특별자치도 춘천시 운교동 182 
중국식,대박탕수육,강원특별자치도 춘천시 효자동 751-18 
한식,올레흑돈,강원특별자치도 춘천시 퇴계동 1077 
분식,봉실스넥,강원특별자치도 춘천시 효자동 631-13 
한식,명지식당,강원특별자치도 춘천시 신북읍 율문리 318-43 
한식,고래밥상,강원특별자치도 춘천시 신북읍 율문리 264-69 
횟집,다도해횟집,강원특별자치도 춘천시 퇴계동 876-3 
분식,이타리아떡볶이,강원특별자치도 춘천시 효자동 769 
정종/대포집/소주방,북한강쭈꾸미,강원특별자치도 춘천시 석사동 749-12 
한식,대룡산가든,강원특별자치도 춘천시 동내면 고은리 35-12 
경양식,수제돈가스,강원특별자치도 춘천시 죽림동 12-1 
까페,비치클레따,강원특별자치도 춘천시 근화동 793-8 
통닭(치킨),bbq춘천장학지구점,강원특별자치도 춘천시 동면 장학리 996-4 
까페,정원달빛,강원특별자치도 춘천시 효자동 630-8 
한식,올훼의땅,강원특별자치도 춘천시 옥천동 39-5 (1층) 
한식,모해식당,강원특별자치도 춘천시 사농동 434-15 
기타,오얏나무주막,강원특별자치도 춘천시 퇴계동 1003-6 
중국식,신만리장성,강원특별자치도 춘천시 운교동 168-12 
한식,원순두부,강원특별자치도 춘천시 요선동 15-22 
정종/대포집/소주방,에이에스피,강원특별자치도 춘천시 효자동 657-12 
호프/통닭,닭발친구,강원특별자치도 춘천시 퇴계동 959-9 
한식,246한식선,강원특별자치도 춘천시 후평동 891-2 농협후평지소 
호프/통닭,수옛날통닭,강원특별자치도 춘천시 퇴계동 1094 
분식,오백국수,강원특별자치도 춘천시 퇴계동 365-2 
한식,춘천닭갈비웅쓰남춘천역점,강원특별자치도 춘천시 퇴계동 968-3 
기타,향리원마라탕춘천우두점,강원특별자치도 춘천시 우두동 1118-1 
한식,춘천맛집 종로1973,강원특별자치도 춘천시 동내면 거두리 966-1 
식육(숯불구이),훈짬뽕,강원특별자치도 춘천시 퇴계동 1144-8 
정종/대포집/소주방,밥이랑술이랑,강원특별자치도 춘천시 퇴계동 905-8 
식육(숯불구이),대구참숯막창,강원특별자치도 춘천시 후평동 883-10 
한식,한뚝수육국밥,강원특별자치도 춘천시 퇴계동 1168 
호프/통닭,깐부치킨춘천온의롯데캐슬점,강원특별자치도 춘천시 온의동 590 
분식,수작,강원특별자치도 춘천시 동내면 거두리 1127-6 
기타,청년다방춘천온의점,강원특별자치도 춘천시 온의동 587-5 춘천강남하이엔드 
한식,주식회사통나무집숯불닭갈비,강원특별자치도 춘천시 신북읍 천전리 97-5 
기타,로티보이춘천점,강원특별자치도 춘천시 동면 장학리 1002-5 
한식,소양강맛집곤드레나물밥,강원특별자치도 춘천시 신북읍 율문리 48-8 
호프/통닭,투다리거두부영점,강원특별자치도 춘천시 동내면 거두리 956-3 
식육(숯불구이),춘천일품양무한리필,강원특별자치도 춘천시 석사동 911-4 
전통찻집,해가빛,강원특별자치도 춘천시 동면 장학리 737-1 
기타,라데나골프클럽(Nature),강원특별자치도 춘천시 신동면 정족리 1007-1 
기타,라데나골프클럽(Garden),강원특별자치도 춘천시 신동면 정족리 1007-1 
한식,정가네,강원특별자치도 춘천시 근화동 283-5 
횟집,방월리전점,강원특별자치도 춘천시 석사동 640-2 
기타,태리로제춘천강원대점,강원특별자치도 춘천시 효자동 632-27 
기타,꺄호(carreau),강원특별자치도 춘천시 석사동 767-1 
한식,풍천숯불갈비,강원특별자치도 춘천시 동내면 거두리 952-8 
식육(숯불구이),퇴계풍물생고기양푼이동태탕,강원특별자치도 춘천시 퇴계동 896-10 
기타,역전솥뚜껑삼겹살,강원특별자치도 춘천시 퇴계동 1170-2 
중국식,복성원,강원특별자치도 춘천시 효자동 641-3 
경양식,이디오피아집(벳),강원특별자치도 춘천시 근화동 371-3 
식육(숯불구이),스푼더구이락,강원특별자치도 춘천시 효자동 180-10 
한식,(주)호반월드,강원특별자치도 춘천시 효자동 317 336-2 
패스트푸드,피자알볼로,강원특별자치도 춘천시 석사동 640-6 (1층) 
한식,로맨스호프,강원특별자치도 춘천시 효자동 661-16 
식육(숯불구이),춘천민물장어,강원특별자치도 춘천시 동내면 거두리 827-4 
기타,그랑블루(바다향기칼국수),강원특별자치도 춘천시 동내면 사암리 148-3 
까페,열한시십구분(11:19),강원특별자치도 춘천시 동내면 거두리 960-4 
식육(숯불구이),착한돼지춘천명동점,"강원특별자치도 춘천시 죽림동 189 브라운상가 6201, 6202호 "
한식,밥한끼,강원특별자치도 춘천시 후평동 856-1 
분식,국수나무춘천후평점,강원특별자치도 춘천시 후평동 457 
호프/통닭,보리와마루,강원특별자치도 춘천시 동면 장학리 998-7 1층 
한식,우물집,강원특별자치도 춘천시 남산면 창촌리 46-8 
한식,일흥불고기,강원특별자치도 춘천시 요선동 14-13 
한식,어촌,강원특별자치도 춘천시 요선동 8-44 
까페,레스토랑라운지,강원특별자치도 춘천시 효자동 628-17 
한식,한양왕족발보쌈,강원특별자치도 춘천시 석사동 832-4 (1층) 
한식,무공해식당,강원특별자치도 춘천시 남면 가정리 875-4 
한식,짱이닭최고닭,강원특별자치도 춘천시 온의동 517-5 
한식,도쿄밥상본점,강원특별자치도 춘천시 후평동 847-1 
감성주점,연꽃(lotus),강원특별자치도 춘천시 석사동 913-10 1층 
한식,왕가,강원특별자치도 춘천시 석사동 667-2 
식육(숯불구이),장안돌구이,강원특별자치도 춘천시 석사동 663-2 (1층) 
한식,영구네식당,강원특별자치도 춘천시 석사동 111-8 
한식,본가호반닭갈비 · 막국수,강원특별자치도 춘천시 동내면 거두리 948-1 
중국식,현대반점,"강원특별자치도 춘천시 소양로2가 1 외134필지 현대아파트 상가 B-07,08호 "
한식,곽만근갈비탕,강원특별자치도 춘천시 석사동 890-2 (1층) 
한식,강촌이모네,강원특별자치도 춘천시 남산면 강촌리 328-2 
한식,김영자원조나주곰탕춘천점,강원특별자치도 춘천시 조양동 6-270 
한식,전주한방콩나물해장국후평점,강원특별자치도 춘천시 후평동 801-2 
식육(숯불구이),춘천이동갈비,강원특별자치도 춘천시 퇴계동 893-1 
식육(숯불구이),태림갈비,강원특별자치도 춘천시 신북읍 율문리 444 
한식,오늘산책,강원특별자치도 춘천시 교동 113-47 
호프/통닭,투썸플레이스한림대점,강원특별자치도 춘천시 교동 156-2 외1필지 
호프/통닭,오꼬만(후평점),강원특별자치도 춘천시 후평동 701-6 
기타,공감,강원특별자치도 춘천시 운교동 181-5 
한식,멍텅구리,강원특별자치도 춘천시 요선동 5-13 
식육(숯불구이),경강오리구이,강원특별자치도 춘천시 남산면 서천리 28-4 
기타,88포장마차,강원특별자치도 춘천시 우두동 1098 
기타,101번지남산돈까스이마트춘천점,강원특별자치도 춘천시 온의동 511 이마트 
기타,레이아웃,강원특별자치도 춘천시 소양로4가 115-7 
기타,청사초롱,강원특별자치도 춘천시 효자동 684-11 
한식,바비앤드밥,강원특별자치도 춘천시 석사동 663 
식육(숯불구이),참한고깃집,강원특별자치도 춘천시 석사동 662-4 
한식,장군닭갈비,강원특별자치도 춘천시 퇴계동 912-1 
한식,원주토정추어탕,강원특별자치도 춘천시 신동면 정족리 684-1 
기타,연경손만두,강원특별자치도 춘천시 퇴계동 912-9 
한식,강원돈,강원특별자치도 춘천시 온의동 533-10 
한식,민희네감자탕,강원특별자치도 춘천시 온의동 73-24 
기타,위시,강원특별자치도 춘천시 후평동 710-17 
정종/대포집/소주방,달빛주막,강원특별자치도 춘천시 퇴계동 903-2 
한식,상록회관춘천점,강원특별자치도 춘천시 동내면 거두리 958-1 
기타,콘스델리춘천시청점,강원특별자치도 춘천시 중앙로1가 90-1 
분식,소풍꼬마김밥,강원특별자치도 춘천시 운교동 142-9 
기타,대청마루거두점,강원특별자치도 춘천시 동내면 거두리 933-3 
중국식,하나로반점,강원특별자치도 춘천시 퇴계동 79 
분식,가고파닭발,강원특별자치도 춘천시 후평동 715-28 1층 
통닭(치킨),영구네통닭,강원특별자치도 춘천시 후평동 229-14 
호프/통닭,닭발마녀,강원특별자치도 춘천시 동내면 거두리 1004-3 
한식,땡촌닭발(근화온의점),강원특별자치도 춘천시 근화동 291-14 
기타,풀사이드,강원특별자치도 춘천시 남산면 창촌리 434-222 
기타,페티엉 P'etillant,강원특별자치도 춘천시 온의동 588-4 
식육(숯불구이),춘천왕갈비,강원특별자치도 춘천시 퇴계동 188-1 1층 
한식,참나무숯불닭갈비,강원특별자치도 춘천시 신북읍 천전리 64-4 
한식,향토진미닭갈비,강원특별자치도 춘천시 후평동 869-3 
기타,후평고깃집,강원특별자치도 춘천시 후평동 847 
식육(숯불구이),돈장군,강원특별자치도 춘천시 우두동 1063-5 
기타,보디,강원특별자치도 춘천시 효자동 126-172 
한식,구마족발한림대점,강원특별자치도 춘천시 교동 156-23 
한식,삼락,강원특별자치도 춘천시 석사동 639-5 
한식,한울타리,강원특별자치도 춘천시 근화동 709-14 
"외국음식전문점(인도,태국등)",위안바오(YUAN BAO),강원특별자치도 춘천시 죽림동 6-20 
기타,삼태기,강원특별자치도 춘천시 근화동 709-14 
기타,흥주푸드,강원특별자치도 춘천시 동면 장학리 997-5 
한식,부산아지매 생선구이,강원특별자치도 춘천시 퇴계동 493-11 
기타,역전할머니맥주춘천애막골점,강원특별자치도 춘천시 석사동 735-15 
까페,블레스(Bless),강원특별자치도 춘천시 동내면 거두리 1121-4 (1층) 
기타,효자곳간,"강원특별자치도 춘천시 효자동 756-1 (2동,1층) "
기타,리프(leaf),강원특별자치도 춘천시 효자동 755-16 
한식,소양강,강원특별자치도 춘천시 남산면 광판리 427-3 
한식,미반,강원특별자치도 춘천시 우두동 702-1 
호프/통닭,바른치킨춘천석사점,강원특별자치도 춘천시 석사동 888-1 (스타플러스빌딩101호) 
식육(숯불구이),춘천뒷고기,강원특별자치도 춘천시 퇴계동 1189 
기타,왕빈자삼파전,강원특별자치도 춘천시 석사동 736-11 
기타,강촌또오리,강원특별자치도 춘천시 남산면 강촌리 409 
기타,호주에서온스시,강원특별자치도 춘천시 석사동 495-9 
중국식,일홍,강원특별자치도 춘천시 남면 후동리 401 
기타,일단지시장돈까스,강원특별자치도 춘천시 후평동 688-6 
한식,복땡이솥뚜껑삼겹살,강원특별자치도 춘천시 우두동 1061-16 
분식,후평 김밥나라,강원특별자치도 춘천시 후평동 794-7 
통닭(치킨),교촌치킨후평사거리점,강원특별자치도 춘천시 후평동 683-12 
식육(숯불구이),삼삼구이,강원특별자치도 춘천시 석사동 909-5 (1층) 
중국식,황금교동짬뽕,강원특별자치도 춘천시 온의동 511 이마트 
식육(숯불구이),배나무집툇골오리,강원특별자치도 춘천시 온의동 261 
기타,카페캐빈,강원특별자치도 춘천시 남면 후동리 367-2 
한식,홍가네,강원특별자치도 춘천시 후평동 681-19 
호프/통닭,바른치킨춘천온의롯데캐슬점,강원특별자치도 춘천시 온의동 590 
횟집,부부횟집,강원특별자치도 춘천시 퇴계동 1140 
식육(숯불구이),백년회관서서갈비퇴계점,강원특별자치도 춘천시 퇴계동 388-4 
식육(숯불구이),삼천동숯불갈비,강원특별자치도 춘천시 삼천동 37-33 
한식,춘천명가호반닭갈비본점,강원특별자치도 춘천시 동내면 거두리 948-5 
분식,슈퍼크리스피춘천석사점,강원특별자치도 춘천시 석사동 880-3 종로타워 101호
식육(숯불구이),백년족발보쌈,강원특별자치도 춘천시 후평동 891-8 
식육(숯불구이),제주안방갈비석사점,강원특별자치도 춘천시 석사동 706-14 
한식,자매식당,강원특별자치도 춘천시 소양로2가 172-1 신동아아파트 
탕류(보신용),강촌어부네매운탕,강원특별자치도 춘천시 남산면 창촌리 174-1 
호프/통닭,오케이치킨온의점,강원특별자치도 춘천시 온의동 590 
정종/대포집/소주방,육회왕자연어공주온의점,강원특별자치도 춘천시 온의동 172-11 
한식,가우숲딜리버리,강원특별자치도 춘천시 조양동 47-9 
식육(숯불구이),먹새통,강원특별자치도 춘천시 석사동 917-5 
정종/대포집/소주방,노랑강정후평점,강원특별자치도 춘천시 후평동 794-2 
기타,화양연화커피,강원특별자치도 춘천시 석사동 666-12 
통닭(치킨),후평2동페리카나,강원특별자치도 춘천시 후평동 481-1 주공6단지아파트 
한식,대왕감자탕,강원특별자치도 춘천시 후평동 725-19 
식육(숯불구이),즐거운하루숯불생고기,강원특별자치도 춘천시 석사동 34-6 
한식,풍경닭갈비,강원특별자치도 춘천시 온의동 536-6 
한식,강남참숯불구이,강원특별자치도 춘천시 칠전동 556-9 
식육(숯불구이),마왕족발퇴계점,강원특별자치도 춘천시 퇴계동 529-10 
식육(숯불구이),인생동태탕,강원특별자치도 춘천시 퇴계동 1001-3 
식육(숯불구이),하누마루,강원특별자치도 춘천시 동내면 학곡리 306-17 
식육(숯불구이),고바우숯불갈비,강원특별자치도 춘천시 퇴계동 152-24 
호프/통닭,처갓집양념치킨강대점,강원특별자치도 춘천시 효자동 608-17 
횟집,활어회포차,강원특별자치도 춘천시 효자동 626-17 
경양식,엄마손식당,강원특별자치도 춘천시 교동 152-1 (지하1층) 
까페,월든(Walden),강원특별자치도 춘천시 동면 장학리 68-1 
식육(숯불구이),오부자닭갈비막국수,강원특별자치도 춘천시 온의동 327-1 
분식,쌀러뷰,강원특별자치도 춘천시 옥천동 14-33 
호프/통닭,자담치킨거두봄내점,강원특별자치도 춘천시 동내면 거두리 931-1 
한식,발래골식당,강원특별자치도 춘천시 남산면 강촌리 586 (2리) 
한식,문배마을이씨네집,강원특별자치도 춘천시 남산면 강촌리 450 
한식,주작,강원특별자치도 춘천시 후평동 245-46 (1동1층) 
탕류(보신용),촌닭곰탕,강원특별자치도 춘천시 동내면 학곡리 602 
통닭(치킨),육회야문연어춘천점,강원특별자치도 춘천시 효자동 618-4 
뷔페식,더클래식,강원특별자치도 춘천시 동내면 거두리 929-3 
식육(숯불구이),장수닭갈비,강원특별자치도 춘천시 온의동 548-16 (1층) 
한식,문배마을촌집,강원특별자치도 춘천시 남산면 강촌리 447 
한식,만미정,"강원특별자치도 춘천시 요선동 7-8 외1필지(1층,2층) "
기타,어라운드마켓,강원특별자치도 춘천시 조양동 60-9 
한식,손수해물칼국수,강원특별자치도 춘천시 온의동 524-3 
기타,춘천숯불닭갈비,강원특별자치도 춘천시 중앙로2가 66-1 
경양식,러스틱컴포트본점,강원특별자치도 춘천시 석사동 726-12 
한식,남도갈비탕,강원특별자치도 춘천시 근화동 562-5 
한식,장호더그릴,강원특별자치도 춘천시 신북읍 천전리 100-25 
기타,부스부스,강원특별자치도 춘천시 석사동 921-1 
호프/통닭,투다리공대점,강원특별자치도 춘천시 효자동 178-60 
한식,가림,강원특별자치도 춘천시 남산면 방곡리 396-8 
한식,육해공직판장강원대점,강원특별자치도 춘천시 효자동 18-47 
기타,백리옥,강원특별자치도 춘천시 남산면 광판리 126-9 
한식,김선달,강원특별자치도 춘천시 퇴계동 906-7 
한식,송학가든,강원특별자치도 춘천시 북산면 청평리 산 186 
기타,숲소리담은차,강원특별자치도 춘천시 퇴계동 901-3 
기타,폭풍장어,강원특별자치도 춘천시 동내면 거두리 497-13 
기타,주식회사소울로스터리,강원특별자치도 춘천시 동면 지내리 689-23 
기타,디어라운더,강원특별자치도 춘천시 사농동 219-185 
통닭(치킨),굽네치킨 춘천효자점,강원특별자치도 춘천시 효자동 608-21 
식육(숯불구이),호돈,강원특별자치도 춘천시 퇴계동 1136-6 
식육(숯불구이),798삼천동고깃집,강원특별자치도 춘천시 삼천동 33-4 
한식,고은가든,강원특별자치도 춘천시 동내면 고은리 300-2 
식육(숯불구이),고기혁명춘천점,강원특별자치도 춘천시 효자동 707-20 
한식,오적회관춘천퇴계점,강원특별자치도 춘천시 퇴계동 산 19-11 
기타,정스커피로스터스,강원특별자치도 춘천시 후평동 883-8 우측 
식육(숯불구이),퇴계일번지닭갈비퇴계점,강원특별자치도 춘천시 퇴계동 1153 
식육(숯불구이),주식회사육설모춘천점,강원특별자치도 춘천시 온의동 513-5 
한식,아구듬뿍&알곤마니우두점,강원특별자치도 춘천시 우두동 1062-14 
한식,닭갈비짱,강원특별자치도 춘천시 석사동 919-3 
한식,삼오촌두부,강원특별자치도 춘천시 남산면 창촌리 419-1 
한식,대박조은날포차,강원특별자치도 춘천시 퇴계동 886-1 
기타,메가박스남춘천점,강원특별자치도 춘천시 온의동 587-8 외 1필지 
분식,바탕골분식,강원특별자치도 춘천시 요선동 14-4 
정종/대포집/소주방,애막골고깃집,강원특별자치도 춘천시 석사동 737-12 
식육(숯불구이),배떡춘천점,강원특별자치도 춘천시 효자동 327 (2동 1층) 
한식,소반애,강원특별자치도 춘천시 동면 장학리 260-1 
기타,브릭스트릿카페(Brick Street Cafe),강원특별자치도 춘천시 중도동 603 
한식,서면순대국,강원특별자치도 춘천시 서면 금산리 985-2 
기타,라르고,강원특별자치도 춘천시 퇴계동 905-6 
호프/통닭,조선땡초옛날통닭,강원특별자치도 춘천시 석사동 291-10 1층 
한식,천하풍천민물장어,강원특별자치도 춘천시 퇴계동 346-9 
한식,금화왕돈까스 춘천만천점,강원특별자치도 춘천시 동면 만천리 763-2 
식육(숯불구이),상호네숯불닭갈비돼지갈비,강원특별자치도 춘천시 동내면 거두리 682-5 
기타,네모커피(Nemo coffee),강원특별자치도 춘천시 효자동 753-8 
까페,꽃피는하루,강원특별자치도 춘천시 칠전동 628-1 
기타,무사피르(MUSAFIR),강원특별자치도 춘천시 효자동 333-48 
기타,정족리동치미카페도씨,강원특별자치도 춘천시 신동면 정족리 667-1 
한식,착한낙지춘천점,강원특별자치도 춘천시 퇴계동 462-6 
기타,오심오,강원특별자치도 춘천시 신동면 증리 1043-127 
탕류(보신용),팔호냉삼집본점,강원특별자치도 춘천시 효자동 647 
식육(숯불구이),꼬꼬메이플가든,강원특별자치도 춘천시 동내면 고은리 500-1 
기타,나비드,강원특별자치도 춘천시 남면 박암리 192 
분식,엄마의손길,강원특별자치도 춘천시 효자동 279-9 
중국식,만리향,강원특별자치도 춘천시 죽림동 11-77 
기타,뽁밥,강원특별자치도 춘천시 중앙로3가 66-14 
기타,가평솥뚜껑닭볶음탕춘천점,강원특별자치도 춘천시 우두동 855 
식육(숯불구이),돼지바,강원특별자치도 춘천시 동내면 거두리 1044-2 
기타,경안,강원특별자치도 춘천시 죽림동 32 제일백화점 
김밥(도시락),김밥나라만천점,강원특별자치도 춘천시 후평동 297 (1층) 
중국식,중화요리죽향,"강원특별자치도 춘천시 효자동 183-6 (2동, 1층) "
분식,간식대장,강원특별자치도 춘천시 퇴계동 1031-4 뜨란채아파트상가동 
한식,숟가락과젓가락,강원특별자치도 춘천시 신동면 증리 938-2 
중국식,연,강원특별자치도 춘천시 동내면 거두리 1058-3 
기타,셰프의연어,강원특별자치도 춘천시 효자동 617-9 
식육(숯불구이),치킨플러스춘천후평만천점,강원특별자치도 춘천시 후평동 116-3 
한식,모란집,강원특별자치도 춘천시 후평동 797-2 
한식,제주돈통,강원특별자치도 춘천시 석사동 919-4 (1층) 
일식,성심로11,강원특별자치도 춘천시 교동 156-5 
까페,마이카페(My cafe),강원특별자치도 춘천시 동내면 거두리 1113-1 
호프/통닭,천호,강원특별자치도 춘천시 후평동 855-11 
정종/대포집/소주방,팔도,강원특별자치도 춘천시 후평동 429-20 
분식,본가김밥,강원특별자치도 춘천시 교동 136-13 
기타,선주가남춘천역점,강원특별자치도 춘천시 퇴계동 1191 
한식,장학리굽자네,강원특별자치도 춘천시 동면 장학리 998 
기타,일미에프앤비,강원특별자치도 춘천시 요선동 11-22 
한식,홍가,강원특별자치도 춘천시 죽림동 11-54 
기타,자가제빵선명희피자춘천효자점,강원특별자치도 춘천시 효자동 627-6 
한식,전주장작불곰탕춘천1호점,강원특별자치도 춘천시 신북읍 용산리 257-11 
한식,진진칼국수,강원특별자치도 춘천시 동내면 거두리 1090-3 
한식,너울숲,강원특별자치도 춘천시 운교동 183 동부시장현대아파트 
한식,콩새알,강원특별자치도 춘천시 운교동 182 
라이브카페,7080앤조이,강원특별자치도 춘천시 퇴계동 875-1 (지하) 
식육(숯불구이),미도숯불갈비,"강원특별자치도 춘천시 효자동 665-6 (1층,2동) "
한식,만천다슬기해장국,강원특별자치도 춘천시 후평동 739-3 
기타,밀앤커피,강원특별자치도 춘천시 온의동 587-3 
분식,봄테이블(춘천점),강원특별자치도 춘천시 효자동 700-5 
호프/통닭,엄마네,강원특별자치도 춘천시 후평동 486-10 
호프/통닭,노랑통닭남춘천점,강원특별자치도 춘천시 퇴계동 1160-4 
정종/대포집/소주방,오필승닭발퇴계2호점,강원특별자치도 춘천시 퇴계동 426-23 (1층) 
한식,설악추어탕,강원특별자치도 춘천시 석사동 778-8 (1층) 
라이브카페,물레방아라이브7080,강원특별자치도 춘천시 후평동 711 
호프/통닭,곱창이야기,강원특별자치도 춘천시 석사동 734-11 
정종/대포집/소주방,정통집(애막골점),강원특별자치도 춘천시 석사동 735-18 (1층) 
한식,향리원 마라탕,강원특별자치도 춘천시 교동 157-17 
한식,오닭발,강원특별자치도 춘천시 온의동 45-2 풍물시장 
식육(숯불구이),춘천명물닭갈비,강원특별자치도 춘천시 삼천동 37-85 
기타,핵밥춘천명동점,강원특별자치도 춘천시 죽림동 189 브라운가 
기타,불스커피로스터스,강원특별자치도 춘천시 우두동 1114-8 
한식,해안막국수,강원특별자치도 춘천시 효자동 623-19 
분식,배떡춘천명동점,강원특별자치도 춘천시 죽림동 189 브라운가 
한식,엄마손감자탕,강원특별자치도 춘천시 퇴계동 1153-3 
한식,명동산골닭갈비,강원특별자치도 춘천시 조양동 131-3 
한식,도도리감자국,강원특별자치도 춘천시 동면 장학리 1001-1 
식육(숯불구이),우리정육식당,강원특별자치도 춘천시 석사동 750-1 
호프/통닭,노랑통닭우두점,강원특별자치도 춘천시 우두동 1087 춘천우두 EG the1 2차 
기타,밍구네해물포차,강원특별자치도 춘천시 퇴계동 637-21 
한식,더만찬,강원특별자치도 춘천시 석사동 818-10 
기타,온이,강원특별자치도 춘천시 온의동 152-26 152-23 
기타,감자밭카페,"강원특별자치도 춘천시 신북읍 천전리 90-1,37 "
한식,진미닭갈비본점,강원특별자치도 춘천시 효자동 174-59 
정종/대포집/소주방,품애,강원특별자치도 춘천시 석사동 736-18 
한식,대박이네막창춘천1호점,강원특별자치도 춘천시 후평동 72-1 
기타,파인트리,강원특별자치도 춘천시 근화동 734 
호프/통닭,퇴계맥주,강원특별자치도 춘천시 퇴계동 152-26 
한식,시루,강원특별자치도 춘천시 신동면 증리 871-1 
경양식,마드레(Madre),강원특별자치도 춘천시 동내면 거두리 1022-4 
한식,메주와장독,강원특별자치도 춘천시 후평동 855-6 
한식,오사카데스춘천근화점,강원특별자치도 춘천시 근화동 291-16 
기타,크레이지빙수춘천당충전핫플점,강원특별자치도 춘천시 퇴계동 344-23 
기타,인생건어물맥주춘천퇴계점,강원특별자치도 춘천시 퇴계동 183-1 
식육(숯불구이),목구멍춘천점,강원특별자치도 춘천시 석사동 917-3 
식육(숯불구이),이걸굽네,강원특별자치도 춘천시 석사동 736-6 
한식,낙원잔치국수,강원특별자치도 춘천시 중앙로2가 94-2 
기타,소램360양식당,강원특별자치도 춘천시 동면 만천리 259-30 
분식,나들김밥,강원특별자치도 춘천시 석사동 115-10 
한식,엔젤보트장,강원특별자치도 춘천시 근화동 702 
한식,이디오피아보트장,강원특별자치도 춘천시 근화동 704-1 
분식,닝교초식당,강원특별자치도 춘천시 조양동 147-4 
기타,더로컬,강원특별자치도 춘천시 근화동 534-8 
까페,봉의산가는길,강원특별자치도 춘천시 소양로1가 90-10 
식육(숯불구이),명동숯불닭갈비,강원특별자치도 춘천시 조양동 51-16 
한식,아침못오리,"강원특별자치도 춘천시 신북읍 유포리 279-2 ,280-5(1리) "
횟집,풍물수산,"강원특별자치도 춘천시 온의동 29-3 10동 67,68호"
기타,까페마루,강원특별자치도 춘천시 동면 장학리 538-5 
기타,아사도(ASADO),강원특별자치도 춘천시 근화동 788-8 
기타,쌩김치찜,강원특별자치도 춘천시 효자동 17-9 
기타,고연본점,강원특별자치도 춘천시 우두동 1065 
기타,춘천냉삼회관,강원특별자치도 춘천시 퇴계동 903-1 
한식,안가네밥집,강원특별자치도 춘천시 퇴계동 343-23 
기타,자매칼국수,강원특별자치도 춘천시 효자동 154-22 
기타,비욘드,강원특별자치도 춘천시 석사동 729-1 
중국식,프라미스,강원특별자치도 춘천시 후평동 741-12 
라이브카페,써니7080,강원특별자치도 춘천시 석사동 651-12 
뷔페식,벨라스테이호텔뷔페,강원특별자치도 춘천시 후평동 729-2 
한식,언니야아구찜,강원특별자치도 춘천시 후평동 796-4 
경양식,키친2571(KITCHEN 2571),강원특별자치도 춘천시 근화동 154-7 
한식,정족리손두부집,강원특별자치도 춘천시 신동면 정족리 609-2 
한식,내고향풍천장어,강원특별자치도 춘천시 남면 후동리 470 
한식,계근상춘천점,강원특별자치도 춘천시 석사동 291-15 
기타,케이푸드(K- 푸드),강원특별자치도 춘천시 효자동 315-4 
일식,돈카미거두점,강원특별자치도 춘천시 동내면 거두리 716-15 
한식,메뉴없는밥집,강원특별자치도 춘천시 남산면 창촌리 73-5 
호프/통닭,1KG탕수육,강원특별자치도 춘천시 효자동 17-9 
한식,대박식당,강원특별자치도 춘천시 소양로1가 102-12 
한식,회향,강원특별자치도 춘천시 후평동 802-5 
김밥(도시락),한솥도시락,강원특별자치도 춘천시 효자동 633-15 
기타,시민커피,강원특별자치도 춘천시 석사동 116-32 
한식,굴봉산식당,강원특별자치도 춘천시 남산면 백양리 512-9 
기타,바이트앤다이브,강원특별자치도 춘천시 남산면 창촌리 434-1 
경양식,상린,강원특별자치도 춘천시 교동 146-12 
경양식,돈카돈까장학점,강원특별자치도 춘천시 동면 장학리 220-7 
한식,김포식당,강원특별자치도 춘천시 사농동 99-17 
분식,올블루,강원특별자치도 춘천시 후평동 807-12 
통닭(치킨),번개치킨,강원특별자치도 춘천시 석사동 639-2 10통2반 
분식,국수나무춘천우두점,강원특별자치도 춘천시 우두동 1052-29 
호프/통닭,삐오옛날통닭,강원특별자치도 춘천시 퇴계동 894-2 
식육(숯불구이),정원본가직영점,강원특별자치도 춘천시 퇴계동 1182-3 
호프/통닭,또래오래춘천사북점,강원특별자치도 춘천시 사북면 지촌리 536-12 
호프/통닭,파파야,강원특별자치도 춘천시 효자동 629-20 
식육(숯불구이),팔도제일닭갈비엔스물넷마카롱,강원특별자치도 춘천시 온의동 548-14 
한식,구명동닭갈비,강원특별자치도 춘천시 온의동 547-1 
기타,미소만족,강원특별자치도 춘천시 석사동 840-14 
호프/통닭,지코바치킨근화점,강원특별자치도 춘천시 근화동 279-22 신성미소지움아파트 
일식,스무바다,강원특별자치도 춘천시 석사동 928-2 
한식,박대감,강원특별자치도 춘천시 석사동 909-10 (1층) 
분식,우리집도시락,강원특별자치도 춘천시 동면 만천리 815-2 
경양식,딤섬하오,강원특별자치도 춘천시 동내면 거두리 1058-1 
기타,로컬가치연구소 호미,강원특별자치도 춘천시 서면 서상리 1053-1 
식육(숯불구이),삼대닭갈비,강원특별자치도 춘천시 퇴계동 365-4 
한식,군자타운,강원특별자치도 춘천시 동산면 군자리 502 외7필지  춘천안식원 
한식,리버팰리스,강원특별자치도 춘천시 남산면 방하리 366-1 
한식,맷돌손두부,강원특별자치도 춘천시 동내면 거두리 1085-1 1층 
탕류(보신용),도담도담,강원특별자치도 춘천시 퇴계동 968-4 
식육(숯불구이),진교동춘천점,강원특별자치도 춘천시 퇴계동 968-7 
기타,수향흑염소장학점,강원특별자치도 춘천시 동면 장학리 1007-4 
기타,부어치킨우두점,강원특별자치도 춘천시 우두동 1095 
일식,와라쿠라멘애막골점,강원특별자치도 춘천시 석사동 740-3 
한식,강촌힐스,"강원특별자치도 춘천시 서면 안보리 641-9 (1층,2층) "
한식,숲,강원특별자치도 춘천시 북산면 청평리 667-4 외 1필지 1층 
일식,오오모리,강원특별자치도 춘천시 효자동 464-6 
기타,블래터,강원특별자치도 춘천시 동내면 고은리 134-2 
한식,서영이네맛집,강원특별자치도 춘천시 옥천동 39-21 
복어취급,청명복집,강원특별자치도 춘천시 동면 만천리 400-6 
한식,숙이네해물칼국수,강원특별자치도 춘천시 후평동 704-10 (1동1층) 
호프/통닭,퇴계보디가드,강원특별자치도 춘천시 퇴계동 888-1 
한식,미가쭈꾸미퇴계점,강원특별자치도 춘천시 퇴계동 904-8 
기타,성수커피,강원특별자치도 춘천시 낙원동 78-5 
기타,르규옹,강원특별자치도 춘천시 퇴계동 152-5 
식육(숯불구이),도담족발,강원특별자치도 춘천시 퇴계동 907-2 
한식,광장칼국수보쌈,강원특별자치도 춘천시 효자동 301-14 (2동) 
분식,다미김밥,강원특별자치도 춘천시 퇴계동 914-6 
기타,오늘은삼겹살,강원특별자치도 춘천시 퇴계동 152-5 
기타,육회만드는사람들,강원특별자치도 춘천시 석사동 706-13 
분식,옛날손장칼국수,강원특별자치도 춘천시 사농동 281-14 
분식,동부튀김,강원특별자치도 춘천시 운교동 183 동부시장지하23호 
라이브카페,하모니,강원특별자치도 춘천시 후평동 878-13 
중국식,황산차이나,강원특별자치도 춘천시 석사동 677 
호프/통닭,킴스더블린,강원특별자치도 춘천시 삼천동 152-1 
기타,오월고기집,강원특별자치도 춘천시 퇴계동 961-4 
기타,카페유나브라이튼춘천점(Caffe Youna Brighton),강원특별자치도 춘천시 효자동 767-3 
횟집,춘천회센타,강원특별자치도 춘천시 동면 장학리 997-1 
경양식,그락스,강원특별자치도 춘천시 동면 만천리 655-3 
한식,수라죽석사점,강원특별자치도 춘천시 석사동 796-3 
라이브카페,콘서트7080,강원특별자치도 춘천시 퇴계동 902-7 
식육(숯불구이),유명한맛돼지,강원특별자치도 춘천시 석사동 888-5 
한식,함바집,강원특별자치도 춘천시 동내면 신촌리 583-7 
탕류(보신용),남원본가맛추어탕,강원특별자치도 춘천시 사농동 76-7 
한식,퇴계자연석돌구이,강원특별자치도 춘천시 퇴계동 875-1 
중국식,하림각,강원특별자치도 춘천시 신북읍 율문리 318-31 
한식,이조바지락칼국수,강원특별자치도 춘천시 조양동 47-4 
패스트푸드,오구쌀피자후평점,강원특별자치도 춘천시 후평동 693-4 
한식,장수뚝배기장수감자탕,강원특별자치도 춘천시 후평동 700-2 
한식,오부장치킨,강원특별자치도 춘천시 후평동 701-6 
한식,와돈왕뚜껑생삼겹,강원특별자치도 춘천시 우두동 1061-7 (2층) 
경양식,샹츠마라,"강원특별자치도 춘천시 조양동 51-13 2층,3층 "
식육(숯불구이),약사천가든,강원특별자치도 춘천시 약사동 26-10 
한식,2린닭갈비,강원특별자치도 춘천시 후평동 67-65 
패스트푸드,라쿤피자,강원특별자치도 춘천시 후평동 854-5 
한식,후평1번지닭갈비,강원특별자치도 춘천시 후평동 25 
기타,해산해물찜,강원특별자치도 춘천시 후평동 716-3 
기타,제주일품순대국,강원특별자치도 춘천시 우두동 1066-21 
식육(숯불구이),한옥갈비,"강원특별자치도 춘천시 죽림동 11-13 32-37,44-1 "
통닭(치킨),오늘통닭,강원특별자치도 춘천시 퇴계동 917 한진한성아파트상가 (104호~105호) 
기타,딘,강원특별자치도 춘천시 신동면 증리 산 13-1 
경양식,피제리아제이파파,강원특별자치도 춘천시 삼천동 25-5 
한식,구봉농원,강원특별자치도 춘천시 동면 만천리 329 
기타,육회본가후평점,강원특별자치도 춘천시 후평동 801-5 
횟집,소문난횟집,강원특별자치도 춘천시 서면 덕두원리 43-1 
한식,큰집장대박,강원특별자치도 춘천시 퇴계동 1144-6 
식육(숯불구이),후평왕족발,강원특별자치도 춘천시 후평동 686-9 
중국식,장한반점,강원특별자치도 춘천시 근화동 287-1 
한식,장군이네밥집,강원특별자치도 춘천시 우두동 1052-22 (1층) 
중국식,강짬뽕,강원특별자치도 춘천시 후평동 703-5 
냉면집,이서냉면,강원특별자치도 춘천시 석사동 771-10 
정종/대포집/소주방,금순이네,강원특별자치도 춘천시 요선동 9-17 
한식,죽림빈대떡,강원특별자치도 춘천시 죽림동 32-24 
호프/통닭,매니아,강원특별자치도 춘천시 근화동 264-28 
정종/대포집/소주방,보민집,강원특별자치도 춘천시 우두동 152-14 
횟집,숙성회마트,강원특별자치도 춘천시 퇴계동 530-5 
정종/대포집/소주방,꽃술래,강원특별자치도 춘천시 효자동 682-12 
식육(숯불구이),만객루양꼬치,강원특별자치도 춘천시 퇴계동 1003-4 
일식,그래도스시,강원특별자치도 춘천시 후평동 855-2 
한식,하늘마루,강원특별자치도 춘천시 요선동 18-4 
식육(숯불구이),정재우고깃집,강원특별자치도 춘천시 후평동 429-18 
일식,해미연풍우가,강원특별자치도 춘천시 석사동 878-3 
호프/통닭,짱구네숫불닭발,강원특별자치도 춘천시 소양로1가 95-4 
한식,조부자매운순대가,강원특별자치도 춘천시 소양로1가 59-16 
한식,송주불냉면(운교점),강원특별자치도 춘천시 운교동 206-5 
호프/통닭,인생건어물(춘천7호점),강원특별자치도 춘천시 우두동 1117-3 
분식,국수나무한숲시티점,강원특별자치도 춘천시 퇴계동 1240 e편한세상 춘천 한숲시티 
기타,광장먹거리,강원특별자치도 춘천시 운교동 206-7 
한식,진선미돌솥비빔밥,강원특별자치도 춘천시 온의동 601 춘천 센트럴타워 푸르지오 
기타,아주르봄(ajourBom),강원특별자치도 춘천시 근화동 572-4 
횟집,청춘활어조개구이,강원특별자치도 춘천시 퇴계동 1183-3 
중국식,유동짬뽕,강원특별자치도 춘천시 온의동 544-5 
분식,명랑회관춘천점,강원특별자치도 춘천시 삼천동 13-1 
기타,오늘춘천,강원특별자치도 춘천시 조양동 71-1 
한식,어방어점,강원특별자치도 춘천시 퇴계동 1153-2 
식육(숯불구이),곱창수월래,강원특별자치도 춘천시 퇴계동 900-12 
기타,쌈촌CGV석사점,강원특별자치도 춘천시 석사동 880-3 202호
기타,소근소근사랑방,강원특별자치도 춘천시 소양로2가 179-28 
한식,거두리진코다리찜,강원특별자치도 춘천시 동내면 거두리 966-2 
한식,봄내찬,강원특별자치도 춘천시 동내면 거두리 990-8 
한식,양지사골곰탕,강원특별자치도 춘천시 퇴계동 1100 
호프/통닭,60계강원춘천후평점,강원특별자치도 춘천시 후평동 67-55 
기타,한가족숯불닭갈비,강원특별자치도 춘천시 신동면 증리 864 
기타,설악막국수춘천닭갈비강촌점,강원특별자치도 춘천시 남면 발산리 92-10 
통닭(치킨),동명카츠춘천우두점,강원특별자치도 춘천시 우두동 707-35 
한식,새서울해장국,강원특별자치도 춘천시 효자동 20-13 
식육(숯불구이),큰손숯불구이,강원특별자치도 춘천시 퇴계동 1153-2 
한식,옛날순대국,강원특별자치도 춘천시 근화동 796-7 외 1필지 
탕류(보신용),양평신내서울해장국,강원특별자치도 춘천시 석사동 777-6 (1층) 
한식,퇴계인,강원특별자치도 춘천시 퇴계동 1192-5 
분식,홍대김밥,강원특별자치도 춘천시 후평동 854-2 
한식,장호막국수.닭갈비,강원특별자치도 춘천시 신북읍 천전리 99-15 
기타,일공공샤브앤드편백찜춘천점,강원특별자치도 춘천시 석사동 980 
한식,돼지놀이터,강원특별자치도 춘천시 서면 신매리 123 
식육(숯불구이),하남돼지집춘천퇴계점,강원특별자치도 춘천시 퇴계동 182 
호프/통닭,더(The)711,강원특별자치도 춘천시 근화동 711 
한식,솔내음닭갈비,강원특별자치도 춘천시 우두동 1062-5 
한식,명가막국수,강원특별자치도 춘천시 신북읍 천전리 39-5 
한식,예송두부마을,강원특별자치도 춘천시 남산면 서천리 579-1 
기타,믹스테이블리저브(MIX TABLE RESERVE),강원특별자치도 춘천시 온의동 130-11 
한식,엄마집밥,강원특별자치도 춘천시 효자동 604-8 
기타,샐러바웃샐러드앤드포케후평점,강원특별자치도 춘천시 후평동 703-4 
기타,장원식당,강원특별자치도 춘천시 우두동 1112-7 
한식,봄봄주먹밥(춘천시니어클럽),강원특별자치도 춘천시 효자동 767-21 
기타,에딧플레이버,강원특별자치도 춘천시 퇴계동 1192-1 
통닭(치킨),맘스터치(석사점),강원특별자치도 춘천시 석사동 495-14 외1필지 
호프/통닭,근무중이상무닭쳐,강원특별자치도 춘천시 석사동 735-14 (1층) 
분식,춘천돈까스,강원특별자치도 춘천시 후평동 692-12 
식육(숯불구이),구이가(강원대점),강원특별자치도 춘천시 효자동 629-5 
분식,두찜 춘천강원대점,"강원특별자치도 춘천시 효자동 627-9 (3동,1층) "
정종/대포집/소주방,달빛아래주점,강원특별자치도 춘천시 후평동 857 동보빌리지 
분식,중앙분식,강원특별자치도 춘천시 낙원동 118-7 
일식,온의교집,강원특별자치도 춘천시 온의동 590 온의 롯데캐슬 스카이클래스 
식육(숯불구이),백년족발석사씨지브이점,강원특별자치도 춘천시 퇴계동 98-1 
탕류(보신용),양평해장국,강원특별자치도 춘천시 남산면 방곡리 285-3 
한식,카페모락,강원특별자치도 춘천시 효자동 618-18 
식육(숯불구이),정호닭갈비,강원특별자치도 춘천시 남산면 백양리 429-5 
식육(숯불구이),문가네한우곱창,강원특별자치도 춘천시 퇴계동 347-10 
기타,카페리베,강원특별자치도 춘천시 효자동 618-8 
한식,애막골동치미막국수,강원특별자치도 춘천시 동면 만천리 530-41 
한식,퓨전안동찜닭,강원특별자치도 춘천시 효자동 617-11 
정종/대포집/소주방,낭만포차여기어때,강원특별자치도 춘천시 석사동 737-5 
기타,주)춘천시민장례식장,강원특별자치도 춘천시 사농동 737-2 강원도새마을회관 
한식,찌개공방,강원특별자치도 춘천시 석사동 663-6 
한식,쌍용막국수곰탕,강원특별자치도 춘천시 소양로3가 163-2 (1층) 
식육(숯불구이),3939,강원특별자치도 춘천시 석사동 725-10 
호프/통닭,로얄치킨호프본점,강원특별자치도 춘천시 석사동 736-3 
한식,브라더한정식도시락춘천효자점,강원특별자치도 춘천시 효자동 819 일성아파트 
한식,정족리밥집,강원특별자치도 춘천시 퇴계동 1080 
기타,준희얼큰이족탕,강원특별자치도 춘천시 후평동 801-1 
기타,핀든하우스,강원특별자치도 춘천시 운교동 134-9 
식육(숯불구이),춘유록,강원특별자치도 춘천시 신북읍 천전리 89-4 
한식,엄니식당,강원특별자치도 춘천시 퇴계동 72-6 (지하) 
한식,춘향,강원특별자치도 춘천시 효자동 629-5 (1층) 
통닭(치킨),또래오래치킨강촌점,강원특별자치도 춘천시 남산면 강촌리 198-18 1층 
한식,왕터,강원특별자치도 춘천시 남면 박암리 9-3 
기타,클릭,강원특별자치도 춘천시 남산면 서천리 656 
경양식,이디야춘천고은점,강원특별자치도 춘천시 동내면 사암리 148-3 
한식,더(The)송어,강원특별자치도 춘천시 퇴계동 1181-1 
한식,오공복이남춘천점,강원특별자치도 춘천시 온의동 587-8 
호프/통닭,자담치킨 춘천온의공지천점,강원특별자치도 춘천시 퇴계동 1161-3 
호프/통닭,팔팔반점,강원특별자치도 춘천시 신북읍 산천리 349-1 
한식,국밥백서춘천강대점,강원특별자치도 춘천시 효자동 315-8 
기타,유유네,강원특별자치도 춘천시 후평동 710-3 
경양식,모모,강원특별자치도 춘천시 석사동 708-6 
경양식,아롬,강원특별자치도 춘천시 석사동 654-11 
한식,뽁당볶음밥춘천점,강원특별자치도 춘천시 운교동 206 
분식,훌랄라참숯치킨(춘천효자점),강원특별자치도 춘천시 효자동 750-9 
한식,애식주,강원특별자치도 춘천시 동면 만천리 744 
정종/대포집/소주방,캐슬바,강원특별자치도 춘천시 석사동 915-5 
기타,현대메밀,강원특별자치도 춘천시 퇴계동 619-12 
기타,스크린그늘집,강원특별자치도 춘천시 칠전동 527-1 
한식,샤브올데이춘천점,강원특별자치도 춘천시 퇴계동 1188 
한식,호텔앤화담,강원특별자치도 춘천시 효자동 651 
한식,요리의발견,강원특별자치도 춘천시 석사동 644-7 
한식,만천리가보자토종순대국밥,강원특별자치도 춘천시 후평동 745-9 
한식,밥구정로데오 춘천효자점,강원특별자치도 춘천시 효자동 150-10 
한식,길상이네밥상,강원특별자치도 춘천시 신동면 증리 938-2 
식육(숯불구이),비비큐우두점,강원특별자치도 춘천시 우두동 1118-1 
기타,온반,강원특별자치도 춘천시 효자동 540-2 
일식,쇼카츠,강원특별자치도 춘천시 온의동 601 춘천 센트럴타워 푸르지오 
식육(숯불구이),춘천견우성한우,강원특별자치도 춘천시 동내면 거두리 966-4 
한식,그곳에가면,강원특별자치도 춘천시 동내면 거두리 929-3 
기타,만두야,강원특별자치도 춘천시 퇴계동 451-3 
한식,헬로우푸드,강원특별자치도 춘천시 요선동 7-11 
기타,웅치킨호프,강원특별자치도 춘천시 퇴계동 641-5 
분식,돈카춘춘천점,강원특별자치도 춘천시 효자동 643-9 
식육(숯불구이),쉐프박스,강원특별자치도 춘천시 석사동 946-5 
기타,홍게대게직판장,강원특별자치도 춘천시 효자동 320-10 
한식,청년피자춘천후평점,강원특별자치도 춘천시 후평동 687 
기타,곱창수월래,강원특별자치도 춘천시 우두동 1110 
한식,또순네,강원특별자치도 춘천시 우두동 1066-11 
호프/통닭,커피톡(coffee-talk),강원특별자치도 춘천시 석사동 750-10 
한식,원조남부막국수,강원특별자치도 춘천시 효자동 590-6 
식육(숯불구이),진양원양꼬치,강원특별자치도 춘천시 석사동 736-13 
기타,꽃이다,강원특별자치도 춘천시 효자동 114-7 
한식,결,강원특별자치도 춘천시 후평동 801-10 
한식,한양식,강원특별자치도 춘천시 중앙로1가 90-2 
호프/통닭,찌웅이네숯불두마리치킨,강원특별자치도 춘천시 효자동 823 효자코아루웰라움 
한식,숲속외양간,강원특별자치도 춘천시 동내면 거두리 1058-2 
기타,헬로베이크샵,강원특별자치도 춘천시 조양동 6-113 
김밥(도시락),본도시락춘천장학점,강원특별자치도 춘천시 동면 장학리 1007-7 
기타,하이덕,강원특별자치도 춘천시 온의동 148-1 풍물시장 
한식,봄내닭갈비막국수,강원특별자치도 춘천시 사농동 568 
한식,스무숲동해곰치,강원특별자치도 춘천시 석사동 909-8 (1층) 
식육(숯불구이),춘천상회,강원특별자치도 춘천시 후평동 67-77 세경아파트 
정종/대포집/소주방,강남포차,강원특별자치도 춘천시 온의동 533-4 
기타,금선식당,강원특별자치도 춘천시 죽림동 11-19 
호프/통닭,처갓집양념치킨춘천소양점,강원특별자치도 춘천시 소양로1가 95-12 
기타,고향생고기춘천점,강원특별자치도 춘천시 효자동 769 
정종/대포집/소주방,달빛주막,강원특별자치도 춘천시 석사동 724-8 
중국식,천하제일뼈짬뽕,강원특별자치도 춘천시 석사동 640-1 
한식,휴더테이블,강원특별자치도 춘천시 요선동 14-17 
호프/통닭,자기전,강원특별자치도 춘천시 효자동 176-12 
기타,칠전옛날통닭,강원특별자치도 춘천시 칠전동 624-8 
기타,커피통,강원특별자치도 춘천시 우두동 1056-4 
기타,호천당춘천퇴계점,강원특별자치도 춘천시 퇴계동 968-8 
식육(숯불구이),돼지먹자,강원특별자치도 춘천시 동내면 거두리 962-7 
기타,빌리비,강원특별자치도 춘천시 조양동 43-5 
기타,티라미수1호점,강원특별자치도 춘천시 소양로2가 146-3 
기타,타코페퍼,강원특별자치도 춘천시 석사동 769-2 
기타,경서재,강원특별자치도 춘천시 약사동 18-1 
한식,한전앞집,강원특별자치도 춘천시 후평동 728-8 
호프/통닭,맘스터치춘천메가박스점,강원특별자치도 춘천시 온의동 587-8 
기타,우두동가보자토종순대국밥,강원특별자치도 춘천시 우두동 444-8 
한식,팔호광장자율식당,강원특별자치도 춘천시 운교동 142-7 
한식,포랑(PHORANG),강원특별자치도 춘천시 동내면 학곡리 417 
한식,(주)한우기업,"강원특별자치도 춘천시 효자동 192-1 외 48필지(2동, 4층) "
정종/대포집/소주방,뉴야마도라,강원특별자치도 춘천시 효자동 628-13 (2층) 
호프/통닭,주전부리,강원특별자치도 춘천시 후평동 529-5 에리트아파트 
기타,분식집에하숙하는붕어빵,강원특별자치도 춘천시 교동 136-7 
정종/대포집/소주방,월담강원대점,강원특별자치도 춘천시 효자동 628-16 
호프/통닭,소양댐치킨,강원특별자치도 춘천시 신북읍 천전리 212-43 1층 
식육(숯불구이),심야화로스무숲점,강원특별자치도 춘천시 석사동 917-7 
식육(숯불구이),우리갈매기살,강원특별자치도 춘천시 후평동 858-5 
한식,친신마라탕춘천점,강원특별자치도 춘천시 효자동 614-5 
일식,백돈춘천점,강원특별자치도 춘천시 퇴계동 1080 
중국식,흥주선비국밥,강원특별자치도 춘천시 동면 만천리 617-2 
기타,블랑제리331,강원특별자치도 춘천시 석사동 764-2 
기타,달리는커피춘천석사점,강원특별자치도 춘천시 석사동 769-2 
식육(숯불구이),길모퉁이포차,강원특별자치도 춘천시 후평동 704-7 
식육(숯불구이),미고토국물닭발,강원특별자치도 춘천시 효자동 648-2 
정종/대포집/소주방,후평주막,강원특별자치도 춘천시 후평동 869-13 
한식,씨씨알비어,강원특별자치도 춘천시 동내면 거두리 954-10 
일식,사거리횟집,강원특별자치도 춘천시 온의동 65-44 
식육(숯불구이),지리산청정흑돼지,강원특별자치도 춘천시 퇴계동 1003-1 
분식,인생건어물맥주춘천한숲시티점,강원특별자치도 춘천시 퇴계동 529-10 
분식,김밥나라애막골점,강원특별자치도 춘천시 석사동 727-5 진흥@상가 106호 
통닭(치킨),맘스터치우두점,강원특별자치도 춘천시 우두동 1052-14 
한식,동방가든,강원특별자치도 춘천시 남면 박암리 503-1 
탕류(보신용),중앙녹각삼계탕,강원특별자치도 춘천시 중앙로2가 77-1 
한식,고우국밥,강원특별자치도 춘천시 효자동 302-30 
식육(숯불구이),사창리순대국,강원특별자치도 춘천시 효자동 620 
식육(숯불구이),88제육춘천점,강원특별자치도 춘천시 후평동 856-1 
한식,한림통닭,강원특별자치도 춘천시 후평동 846-1 
한식,민가생삼겹,강원특별자치도 춘천시 온의동 173 
호프/통닭,타박네,강원특별자치도 춘천시 후평동 854-4 1동 
통닭(치킨),비비큐치킨온의점,강원특별자치도 춘천시 온의동 73-5 
한식,원앙닭갈비,강원특별자치도 춘천시 석사동 696-5 
통닭(치킨),치킨퐁거두점,강원특별자치도 춘천시 동내면 거두리 936 초록지붕아파트상가 나동 101호
정종/대포집/소주방,투다리춘천만천점,강원특별자치도 춘천시 동면 만천리 587-3 
한식,춘천집,강원특별자치도 춘천시 석사동 635-7 
한식,팔구푸드,강원특별자치도 춘천시 효자동 756 
정종/대포집/소주방,오늘도한잔,강원특별자치도 춘천시 조양동 6-60 
호프/통닭,가일닭강정&치킨,강원특별자치도 춘천시 석사동 700 
기타,카페96,강원특별자치도 춘천시 석사동 292-6 
기타,주류상회비춘천점,강원특별자치도 춘천시 온의동 601 춘천 센트럴타워 푸르지오 
기타,돼지꿈,강원특별자치도 춘천시 우두동 1053-3 
기타,화돈가든,강원특별자치도 춘천시 퇴계동 1137-4 
분식,동문,강원특별자치도 춘천시 남산면 방하리 198-7 (밥플렉스 1층) 
호프/통닭,수옛날통닭,강원특별자치도 춘천시 퇴계동 451-3 
한식,문어랑,강원특별자치도 춘천시 석사동 737-9 (1층) 
한식,양구함흥손냉면,강원특별자치도 춘천시 석사동 921-4 (1층) 
한식,춘광식당,강원특별자치도 춘천시 운교동 183 동부시장88호 
한식,흥부왕족발,강원특별자치도 춘천시 후평동 742-26 
한식,용수골흙두부,강원특별자치도 춘천시 효자동 153-1 
식육(숯불구이),소양강닭갈비막국수,강원특별자치도 춘천시 소양로1가 101-2 
중국식,장원중화요리,강원특별자치도 춘천시 칠전동 548-1 
한식,금돼지,강원특별자치도 춘천시 서면 금산리 985 
식육(숯불구이),박대감(우두점),강원특별자치도 춘천시 우두동 1056-5 
한식,정근봉콩나물국밥,강원특별자치도 춘천시 서면 당림리 306 (1리) 
식육(숯불구이),주먹생고기,강원특별자치도 춘천시 근화동 711 
식육(숯불구이),다릿목닭갈비,강원특별자치도 춘천시 소양로1가 100-19 
한식,송암빙상장구내매점및식당(outskate),"강원특별자치도 춘천시 송암동 700-3 외9필지(695-3,700-1.2.3.4.5.6,701-1,703-1.2) "
호프/통닭,문라이트,강원특별자치도 춘천시 석사동 728-6 (1층) 
한식,한점,강원특별자치도 춘천시 퇴계동 947-1 (1층) 
탕류(보신용),충남삼계탕박물관점,강원특별자치도 춘천시 석사동 764-12 
한식,장할매국밥,강원특별자치도 춘천시 효자동 632-9 (1층) 
한식,은혜칼국수,강원특별자치도 춘천시 삼천동 24-17 
한식,남문,강원특별자치도 춘천시 남산면 방하리 198 
한식,래금힐파크,강원특별자치도 춘천시 사북면 고탄리 890 
기타,개미다실,강원특별자치도 춘천시 근화동 709-3 
기타,봄내포장마차,강원특별자치도 춘천시 퇴계동 1163-2 
기타,바우네나주곰탕춘천퇴계점,강원특별자치도 춘천시 퇴계동 1191-1 
한식,하루키를읽으면술집에,강원특별자치도 춘천시 석사동 909-3 
한식,오시드래요,강원특별자치도 춘천시 효자동 320-12 
식육(숯불구이),신세계닭갈비,강원특별자치도 춘천시 근화동 744-7 
한식,은쿡,강원특별자치도 춘천시 석사동 651-10 
식육(숯불구이),애막골무한대패,강원특별자치도 춘천시 석사동 740-5 
한식,춘천칠전닭갈비,강원특별자치도 춘천시 칠전동 217 
식육(숯불구이),청솔한우,강원특별자치도 춘천시 석사동 740-1 (1층) 
중국식,갓생맥주춘천후평점,강원특별자치도 춘천시 후평동 702-7 
기타,대관령만두,강원특별자치도 춘천시 운교동 187-2 
경양식,갤러리카페아가,강원특별자치도 춘천시 서면 당림리 285-2 
한식,가정식당,강원특별자치도 춘천시 석사동 111-9 
호프/통닭,썬호프,강원특별자치도 춘천시 효자동 710-14 
라이브카페,퍼플,강원특별자치도 춘천시 석사동 923-1 (1층) 
한식,젠틀맨,강원특별자치도 춘천시 퇴계동 897-9 1층 
탕류(보신용),효자골식당,강원특별자치도 춘천시 석사동 836-6 
한식,콩사랑마을,강원특별자치도 춘천시 동내면 거두리 1113-3 
탕류(보신용),황태마을,강원특별자치도 춘천시 온의동 172-6 
중국식,명운반점,강원특별자치도 춘천시 효자동 632-8 (3동지하1~1층) 
한식,호호식당,강원특별자치도 춘천시 석사동 890-2 
한식,모녀식당,"강원특별자치도 춘천시 죽림동 32 ,11-2,11-4,11-7,11-8 "
분식,김밥나라운교점,강원특별자치도 춘천시 운교동 168 
한식,동도통영굴밥,"강원특별자치도 춘천시 근화동 712-1 (1층, 좌측) "
기타,소셜하우스,강원특별자치도 춘천시 효자동 758-12 
한식,거두뒷고기,강원특별자치도 춘천시 동내면 거두리 917-4 좌측 
기타,정성카츠춘천효자점,강원특별자치도 춘천시 효자동 627-5 
한식,마당육전막국수,강원특별자치도 춘천시 남산면 서천리 470-2 
기타,명륜진사갈비후평점,강원특별자치도 춘천시 후평동 891-10 
기타,그랑그릴,강원특별자치도 춘천시 남산면 백양리 31-4 
기타,보샬레,강원특별자치도 춘천시 남산면 백양리 29-1 엘리시안 강촌 
기타,으뜸갈비랑붕어네치킨&대단한요거트춘천온의점,"강원특별자치도 춘천시 온의동 45-2 풍물시장 5동 4,5호"
기타,불난집,강원특별자치도 춘천시 효자동 317 
한식,강촌사골칼국수,강원특별자치도 춘천시 남산면 강촌리 227-54 
한식,갯벌의진주,강원특별자치도 춘천시 퇴계동 1018 
한식,계절국수,강원특별자치도 춘천시 후평동 691-2 
식육(숯불구이),공지천왕갈비,강원특별자치도 춘천시 퇴계동 1163-1 
한식,옛골밥집,강원특별자치도 춘천시 남산면 창촌리 197-7 
식육(숯불구이),피그램,강원특별자치도 춘천시 석사동 736-12 
분식,별난만두&봉평막국수,강원특별자치도 춘천시 효자동 633-13 
분식,황금돼지분식,강원특별자치도 춘천시 석사동 677 
"외국음식전문점(인도,태국등)",히말라야인도요리,강원특별자치도 춘천시 중앙로2가 115 
한식,안나수제비,강원특별자치도 춘천시 온의동 541-5 
기타,오이소,강원특별자치도 춘천시 남산면 서천리 34-9 
기타,브라보스크린골프춘천만천점그늘집,강원특별자치도 춘천시 동면 만천리 485 
기타,공간모음,강원특별자치도 춘천시 후평동 869-1 우측 
기타,호미앤멜로우,강원특별자치도 춘천시 퇴계동 475-8 
경양식,카페주오,강원특별자치도 춘천시 우두동 1066-13 
식육(숯불구이),고기야,강원특별자치도 춘천시 온의동 65-42 
라이브카페,해피송,강원특별자치도 춘천시 후평동 710-30 
기타,버터하우스,강원특별자치도 춘천시 석사동 834-1 
일식,다이닝원 춘천점,강원특별자치도 춘천시 효자동 692-1 
한식,향원식당,강원특별자치도 춘천시 효자동 302-57 
한식,신닭발,강원특별자치도 춘천시 효자동 631-5 
한식,빙수의집,강원특별자치도 춘천시 효자동 632-15 
한식,봄래원(봄이오는정원),강원특별자치도 춘천시 옥천동 21 외1필지 
한식,"한삼실업(양평해장국,전주생태탕)",강원특별자치도 춘천시 동산면 군자리 1010 
호프/통닭,원타코,강원특별자치도 춘천시 효자동 618-13 
탕류(보신용),농장의집(영양탕),강원특별자치도 춘천시 동면 만천리 529-8 
횟집,동춘횟집,강원특별자치도 춘천시 서면 오월리 97-63 (1리 1반) 
횟집,서울횟집,강원특별자치도 춘천시 서면 오월리 96-29 
분식,팔호스넥,강원특별자치도 춘천시 효자동 641-3 
횟집,일미횟집,강원특별자치도 춘천시 서면 오월리 96-26 
횟집,춘천횟집,강원특별자치도 춘천시 서면 오월리 96-1 /2 
기타,항아리,강원특별자치도 춘천시 서면 신매리 168-3 
식육(숯불구이),대파솥뚜껑삼겹살,강원특별자치도 춘천시 후평동 43-6 
식육(숯불구이),수한우정육식당,강원특별자치도 춘천시 우두동 1105-3 
기타,대파촌춘천석사상회점,강원특별자치도 춘천시 석사동 909-9 
한식,옹기종기,강원특별자치도 춘천시 남산면 강촌리 227-51 
한식,별장,강원특별자치도 춘천시 서면 오월리 97-53 
한식,팔미농원,강원특별자치도 춘천시 신동면 팔미리 674 
중국식,북경관,강원특별자치도 춘천시 근화동 710-37 
한식,석사소머리국밥전문점,강원특별자치도 춘천시 석사동 702-5 
한식,육림보쌈,강원특별자치도 춘천시 효자동 666-18 
분식,내고향한식부페,강원특별자치도 춘천시 죽림동 32 외4필지(제일종합시장 지하층 3B/L 1호~4호) 
한식,페리카나(국사봉점),강원특별자치도 춘천시 퇴계동 478 
정종/대포집/소주방,북산집,"강원특별자치도 춘천시 온의동 148-1 외29필지(상가11동74호, 75호점) "
한식,왕언니,강원특별자치도 춘천시 온의동 29-3 풍물시장 
기타,쭈꾸미638,강원특별자치도 춘천시 동내면 학곡리 5-28 
한식,다정다맛,강원특별자치도 춘천시 삼천동 37-47 
기타,불란서홍차,강원특별자치도 춘천시 효자동 614-2 
한식,교촌치킨석사점,강원특별자치도 춘천시 석사동 741-4 
기타,존버당,강원특별자치도 춘천시 교동 158-21 
한식,황금코다리춘천삼천점,강원특별자치도 춘천시 삼천동 152-1 
한식,백계옥,강원특별자치도 춘천시 온의동 517-8 
호프/통닭,산모롱이,강원특별자치도 춘천시 후평동 239-6 
경양식,쟈스민,강원특별자치도 춘천시 퇴계동 1138-4 
한식,충남식당,강원특별자치도 춘천시 효자동 330-10 
한식,돈스간스,강원특별자치도 춘천시 우두동 1061 3통
탕류(보신용),이현푸드,강원특별자치도 춘천시 석사동 651-11 
김밥(도시락),오늘김밥,강원특별자치도 춘천시 효자동 305-5 
한식,함채,강원특별자치도 춘천시 퇴계동 1018 
한식,양반청국장막국수,강원특별자치도 춘천시 신북읍 천전리 261-1 
경양식,풍기,강원특별자치도 춘천시 후평동 296-9 
한식,지호한방삼계탕춘천점,강원특별자치도 춘천시 동내면 거두리 982-10 
경양식,베이스먼트(Basement),강원특별자치도 춘천시 석사동 736-20 
한식,해말조개칼국수,강원특별자치도 춘천시 동면 장학리 80-5 
기타,까페외솔길,강원특별자치도 춘천시 동내면 거두리 1003-3 
한식,한식식당,강원특별자치도 춘천시 소양로4가 115-10 
식육(숯불구이),한양고깃집춘천후평점,강원특별자치도 춘천시 후평동 701-12 
한식,마포돼지갈비,강원특별자치도 춘천시 퇴계동 944 한주아파트상가 101~105호 
한식,약수터붕어찜,강원특별자치도 춘천시 송암동 702-1 
한식,홍콩반점0410강원대점,강원특별자치도 춘천시 효자동 628-5 
기타,춘천통큰포차,강원특별자치도 춘천시 퇴계동 1001-5 
호프/통닭,아궁이,강원특별자치도 춘천시 근화동 286-7 
한식,서윤식당,강원특별자치도 춘천시 후평동 684-4 
기타,러스틱문(rusticmoon),강원특별자치도 춘천시 남면 발산리 229-1 
식육(숯불구이),진보닭갈비막국수,강원특별자치도 춘천시 퇴계동 627-4 
한식,느린마을양조장 남춘천역점,강원특별자치도 춘천시 퇴계동 1135 
정종/대포집/소주방,속초동명항생선구이,강원특별자치도 춘천시 석사동 644-2 
한식,정일품손두부청국장,강원특별자치도 춘천시 퇴계동 618-4 1층 
탕류(보신용),백암왕순대(춘천1호점),강원특별자치도 춘천시 동내면 거두리 962-1 
한식,신세대닭갈비,강원특별자치도 춘천시 후평동 853-6 
호프/통닭,물안개식당,강원특별자치도 춘천시 효자동 683-12 
호프/통닭,할머니순대국,강원특별자치도 춘천시 교동 4-20 
분식,신혜분식,강원특별자치도 춘천시 근화동 719-8 
한식,춘천왕감자탕,강원특별자치도 춘천시 우두동 1061-15 
경양식,식당브아,강원특별자치도 춘천시 석사동 740-16 (1층) 
한식,마적산손만두,강원특별자치도 춘천시 신북읍 천전리 224-3 
기타,오브에스프레소바&레브케이크,강원특별자치도 춘천시 석사동 766-8 
중국식,다복향마라탕,강원특별자치도 춘천시 효자동 632-27 
기타,어트러스,강원특별자치도 춘천시 우두동 442-26 
식육(숯불구이),우미관,강원특별자치도 춘천시 온의동 15-1 
"외국음식전문점(인도,태국등)",탕화쿵푸마라탕강원대점,강원특별자치도 춘천시 효자동 631-14 
식육(숯불구이),대왕닭갈비,강원특별자치도 춘천시 후평동 853-5 
정종/대포집/소주방,무한도전,강원특별자치도 춘천시 후평동 734-1 
일식,은은,강원특별자치도 춘천시 약사동 81-5 
분식,바우옹심이메밀칼국수,강원특별자치도 춘천시 우두동 1057-4 
식육(숯불구이),우돈가,강원특별자치도 춘천시 동내면 학곡리 614 
한식,춘천소바,강원특별자치도 춘천시 퇴계동 1181 
한식,가평애향식당,강원특별자치도 춘천시 칠전동 556-2 
중국식,만리장성,강원특별자치도 춘천시 신북읍 율문리 552-1 
한식,유포리막국수,강원특별자치도 춘천시 신북읍 유포리 62-2 
기타,데이빗,강원특별자치도 춘천시 퇴계동 1166-6 
식육(숯불구이),유정명물닭갈비막국수,강원특별자치도 춘천시 신동면 증리 390 
식육(숯불구이),귀품찬곽만근숯불갈비(춘천점),강원특별자치도 춘천시 동내면 거두리 912-3 
호프/통닭,하이바춘천퇴계점,강원특별자치도 춘천시 퇴계동 1153-3 1층 
까페,카페124,강원특별자치도 춘천시 남산면 강촌리 340-3 1층 
한식,대구아구찜,강원특별자치도 춘천시 후평동 683-14 
식육(숯불구이),해우숯불갈비,강원특별자치도 춘천시 후평동 70-3 
중국식,도원뚝배기짬뽕,강원특별자치도 춘천시 조양동 47-3 
라이브카페,별이빛나는밤에,강원특별자치도 춘천시 온의동 65-56 
한식,땡촌닭발애막골점,강원특별자치도 춘천시 석사동 735-5 
기타,카페메이트,강원특별자치도 춘천시 우두동 167-4 
한식,옥산포메기매운탕,강원특별자치도 춘천시 사농동 271-19 
식육(숯불구이),통나무집닭갈비,강원특별자치도 춘천시 신북읍 천전리 38-26 
식육(숯불구이),농가,강원특별자치도 춘천시 신북읍 천전리 672-22 
한식,형제잔치이벤트,강원특별자치도 춘천시 퇴계동 913-6 
식육(숯불구이),도담삼겹,강원특별자치도 춘천시 동면 장학리 1008 
탕류(보신용),무봉리토종순대국(춘천신북점),강원특별자치도 춘천시 신북읍 율문리 318-3 
한식,쉬리영양해물칼국수춘천점,강원특별자치도 춘천시 요선동 133-2 
한식,진탱푸드,강원특별자치도 춘천시 효자동 603-7 
식육(숯불구이),남춘천자매닭갈비,강원특별자치도 춘천시 퇴계동 1086 
기타,닭발연구소춘천점,강원특별자치도 춘천시 효자동 667-10 
정종/대포집/소주방,투다리낙원점,강원특별자치도 춘천시 중앙로2가 100 
한식,홍익돈까스,강원특별자치도 춘천시 석사동 843-3 
식육(숯불구이),화평장,강원특별자치도 춘천시 후평동 458-1 
한식,금병산통나무집,강원특별자치도 춘천시 동내면 학곡리 620-4 
한식,가마솥순대국,강원특별자치도 춘천시 퇴계동 1152-6 
분식,덕성식당,강원특별자치도 춘천시 효자동 301-14 
한식,주식회사통나무집철판닭갈비,강원특별자치도 춘천시 신북읍 천전리 97-1 
한식,배터매운탕온의점,강원특별자치도 춘천시 온의동 516 
기타,카페슬로울리,강원특별자치도 춘천시 후평동 159-10 
한식,국민순대국춘천점,강원특별자치도 춘천시 효자동 303-34 
식육(숯불구이),묵은지한상,강원특별자치도 춘천시 효자동 305-26 
식육(숯불구이),아재쭈꾸미,강원특별자치도 춘천시 석사동 742-11 
한식,골목집,강원특별자치도 춘천시 소양로1가 105-25 
기타,위위하우스,강원특별자치도 춘천시 동면 만천리 858-5 
정종/대포집/소주방,구주춘천퇴계점,강원특별자치도 춘천시 퇴계동 1137-3 
한식,오리날다,강원특별자치도 춘천시 서면 안보리 701-1 (1층) 
기타,버터볼커피,강원특별자치도 춘천시 퇴계동 1149-7 
한식,토브랜드,강원특별자치도 춘천시 남산면 방하리 45-5 
한식,청춘실내포차,강원특별자치도 춘천시 후평동 721-18 
통닭(치킨),남춘천포차,"강원특별자치도 춘천시 퇴계동 642-4 7,8,643-5 "
패스트푸드,아시안피자석사퇴계점,강원특별자치도 춘천시 온의동 531-3 
분식,1단지김밥,강원특별자치도 춘천시 후평동 691-3 
한식,주당백서,강원특별자치도 춘천시 후평동 72 
분식,퍼줌,강원특별자치도 춘천시 온의동 519-7 
한식,강원푸드,강원특별자치도 춘천시 동내면 거두리 958-16 
한식,큰길낙지볶음,강원특별자치도 춘천시 후평동 558-1 
경양식,카츠도,강원특별자치도 춘천시 조양동 48-2 
한식,아재네구이,강원특별자치도 춘천시 퇴계동 889-2 
식육(숯불구이),거두호갈비,강원특별자치도 춘천시 동내면 거두리 960-1 
식육(숯불구이),행복한왕족발보쌈,강원특별자치도 춘천시 우두동 1061-11 
기타,세실리아,강원특별자치도 춘천시 석사동 771-4 
호프/통닭,홍어와탁주,강원특별자치도 춘천시 석사동 707-4 (1층) 
한식,신촌리김치찌개,강원특별자치도 춘천시 동내면 신촌리 333-3 
기타,시나브로,강원특별자치도 춘천시 후평동 736 
분식,주식회사영애푸드,강원특별자치도 춘천시 온의동 509 
통닭(치킨),비에이치씨치킨강대점,강원특별자치도 춘천시 효자동 320-2 
한식,두부랑동태랑,강원특별자치도 춘천시 동산면 군자리 703-1 
기타,메타라운지,강원특별자치도 춘천시 남산면 방하리 197-1 번지 외 1필지 
한식,포항집,강원특별자치도 춘천시 퇴계동 952-3 
기타,이차로,강원특별자치도 춘천시 신북읍 천전리 212-63 
식육(숯불구이),태평소,강원특별자치도 춘천시 퇴계동 140 
기타,일월육일춘천공지천점,강원특별자치도 춘천시 삼천동 13-1 
호프/통닭,구도로통닭 춘천스무숲점,강원특별자치도 춘천시 석사동 927-2 
중국식,봉평고향막국수춘천점,강원특별자치도 춘천시 동면 장학리 648-3 
한식,태원식당,강원특별자치도 춘천시 칠전동 626-5 
경양식,아워아워(OUR HOUR),강원특별자치도 춘천시 퇴계동 968-9 
기타,오아케이크,강원특별자치도 춘천시 소양로3가 49-2 
기타,한여름밤,강원특별자치도 춘천시 남산면 창촌리 86-3 
식육(숯불구이),명성닭갈비,강원특별자치도 춘천시 퇴계동 1008-4 (1층) 
까페,륭도객잔,강원특별자치도 춘천시 근화동 371-3 
식육(숯불구이),춘천양념화로구이,강원특별자치도 춘천시 후평동 725-9 1층 
식육(숯불구이),W펜션강촌숯불닭갈비,강원특별자치도 춘천시 남산면 방곡리 400 외3필지(1층) 
분식,원,강원특별자치도 춘천시 운교동 184-4 
정종/대포집/소주방,보고싶다친구야!,강원특별자치도 춘천시 후평동 807-15 
한식,마내,강원특별자치도 춘천시 칠전동 22 
탕류(보신용),한신흑염소,강원특별자치도 춘천시 후평동 24-11 
중국식,이차돌(신사우점),강원특별자치도 춘천시 우두동 711-1 
식육(숯불구이),오리맘,강원특별자치도 춘천시 퇴계동 1182-2 
한식,먹보정식,강원특별자치도 춘천시 석사동 774-2 
기타,레이지타임,강원특별자치도 춘천시 퇴계동 873-5 
기타,완미족발,강원특별자치도 춘천시 후평동 804-12 
식육(숯불구이),쏘스삼겹살,강원특별자치도 춘천시 퇴계동 956-7 
기타,육칠이 춘천점,강원특별자치도 춘천시 효자동 616-8 
한식,소울,강원특별자치도 춘천시 후평동 871-3 
한식,두끼떡볶이춘천명동점,강원특별자치도 춘천시 중앙로2가 28 
탕류(보신용),바다해물찜감자탕,강원특별자치도 춘천시 석사동 743-17 
정종/대포집/소주방,계혁명춘천점,강원특별자치도 춘천시 석사동 735-17 
한식,솔막국수,강원특별자치도 춘천시 석사동 648-16 
식육(숯불구이),원닭갈비,강원특별자치도 춘천시 동내면 거두리 667-24 
기타,본죽&비빔밥 춘천석사에버빌점,강원특별자치도 춘천시 석사동 880-1 (로얄프라자103호) 
한식,춘천세종호텔,강원특별자치도 춘천시 봉의동 15-3 
라이브카페,애플,강원특별자치도 춘천시 후평동 796-9 
정종/대포집/소주방,몽짬뽕,강원특별자치도 춘천시 퇴계동 1065 
일식,라온스시,강원특별자치도 춘천시 석사동 736-11 
경양식,스카이라인라운지(Skyline lounge),강원특별자치도 춘천시 중도동 603 
한식,최고의밥상,강원특별자치도 춘천시 소양로3가 8-3 
정종/대포집/소주방,더술(The Sul),강원특별자치도 춘천시 석사동 818-12 
식육(숯불구이),팔팔수산,강원특별자치도 춘천시 퇴계동 86-2 (1층) 
한식,함지박,강원특별자치도 춘천시 후평동 732-5 
정종/대포집/소주방,느린거북이영어책방,강원특별자치도 춘천시 후평동 67-51 
한식,두찜춘천후평점,강원특별자치도 춘천시 후평동 847-6 
한식,그린닭갈비,강원특별자치도 춘천시 효자동 17-8 
한식,만석식당(강원대점),강원특별자치도 춘천시 효자동 629-15 
호프/통닭,땡구땡구,강원특별자치도 춘천시 후평동 716-4 
기타,엠에스티(MST),강원특별자치도 춘천시 효자동 18-60 
식육(숯불구이),춘천댐촌닭집퇴계남매점,강원특별자치도 춘천시 퇴계동 680-2 1층 
기타,상미,강원특별자치도 춘천시 죽림동 159-3 지하1층 
식육(숯불구이),청담물갈비춘천퇴계점,강원특별자치도 춘천시 퇴계동 395-5 1층 
한식,화가마순대국,강원특별자치도 춘천시 퇴계동 1001-4 
기타,베스트프렌즈,강원특별자치도 춘천시 퇴계동 1017 
식육(숯불구이),춘천원조숯불닭갈비,강원특별자치도 춘천시 퇴계동 1152-1 
한식,진아하우스,강원특별자치도 춘천시 소양로3가 183 
한식,속초식당,"강원특별자치도 춘천시 요선동 8-58 8-55,8-57,8-60 "
한식,올레동태탕,강원특별자치도 춘천시 석사동 915-2 
중국식,춘천짬뽕가게,강원특별자치도 춘천시 석사동 909-4 
라이브카페,써니힐(SunnyHill),강원특별자치도 춘천시 퇴계동 907 
정종/대포집/소주방,투다리포스코점,강원특별자치도 춘천시 후평동 691-10 
한식,은아상사,강원특별자치도 춘천시 근화동 793-5 
기타,뚱땡이버거,강원특별자치도 춘천시 중앙로1가 91 다78 
기타,과일사탕1015,강원특별자치도 춘천시 퇴계동 1017 
경양식,브릭스페밀리레스토랑(Bricks family restaurant),강원특별자치도 춘천시 중도동 603 
기타,나들목1989강원대점,강원특별자치도 춘천시 효자동 629-18 
식육(숯불구이),숯불구이돼지나루,강원특별자치도 춘천시 동내면 거두리 962-10 
한식,한씨네집,강원특별자치도 춘천시 남산면 강촌리 486 
식육(숯불구이),동물농장,강원특별자치도 춘천시 퇴계동 946-8 
한식,부일정,강원특별자치도 춘천시 사농동 281-2 
한식,청평미가,강원특별자치도 춘천시 석사동 669-13 1층 
통닭(치킨),맘스터치한림대점,강원특별자치도 춘천시 교동 157-26 
한식,홍어짱,강원특별자치도 춘천시 퇴계동 895-3 (1층) 
한식,덮담춘천점,강원특별자치도 춘천시 퇴계동 910 
한식,쉼바위식당,강원특별자치도 춘천시 남산면 산수리 348 1층 
호프/통닭,감투봉,강원특별자치도 춘천시 남산면 산수리 346 
호프/통닭,강빛노을,강원특별자치도 춘천시 서면 안보리 162-1 
한식,보리뜰,강원특별자치도 춘천시 후평동 852-1 
일식,마루참치,강원특별자치도 춘천시 퇴계동 901-8 (1층) 
분식,마타네식당,"강원특별자치도 춘천시 효자동 631-2 (지하1층,3동) "
한식,산여울,강원특별자치도 춘천시 우두동 1052-26 
한식,대관령토종순대국,강원특별자치도 춘천시 신동면 팔미리 244-1 
한식,곰실보리밥집,강원특별자치도 춘천시 동내면 고은리 520-2 
호프/통닭,김삿갓,강원특별자치도 춘천시 남산면 강촌리 234-8 
한식,가마솥순대국(애막골점),강원특별자치도 춘천시 석사동 737-11 
한식,나 온,강원특별자치도 춘천시 칠전동 558-7 
기타,배달5삼겹푸드,강원특별자치도 춘천시 석사동 698-7 
기타,커피니남춘천역점,강원특별자치도 춘천시 퇴계동 1192-3 
분식,보영이네해물칼국수직영점,강원특별자치도 춘천시 동면 만천리 575-8 
기타,바다수퍼해물천하조개구이찜춘천점,강원특별자치도 춘천시 삼천동 13-2 
중국식,돌담집짬뽕,강원특별자치도 춘천시 후평동 72-2 
한식,가우숲,강원특별자치도 춘천시 우두동 381-6 
분식,33떡볶이후평점,강원특별자치도 춘천시 후평동 457-5 
분식,심가당,강원특별자치도 춘천시 효자동 743 
라이브카페,묘한라이브펍,강원특별자치도 춘천시 퇴계동 1079 
한식,쉐프푸드시스템,강원특별자치도 춘천시 석사동 654-19 
한식,푸드요리연구소,강원특별자치도 춘천시 석사동 654-19 
한식,훈이네김치찜,강원특별자치도 춘천시 퇴계동 1166-7 
한식,새들의천국,강원특별자치도 춘천시 서면 서상리 856 
한식,둥이반점,강원특별자치도 춘천시 동내면 사암리 1250-1 
탕류(보신용),칠전돼지내장국밥,강원특별자치도 춘천시 칠전동 588-7 
식육(숯불구이),숙성고기육칠이춘천퇴계점,강원특별자치도 춘천시 석사동 907-2 
한식,풍년삼겹살,강원특별자치도 춘천시 후평동 725-20 
한식,소양강양어장,"강원특별자치도 춘천시 동면 지내리 2-30 ,2-31 "
분식,박스푸드,강원특별자치도 춘천시 운교동 179-25 
한식,부산아지매국밥 춘천석사점,강원특별자치도 춘천시 석사동 651-21 
한식,강촌IC식당,강원특별자치도 춘천시 남면 후동리 430-1 1동 
기타,맛보리,강원특별자치도 춘천시 퇴계동 1169-2 
기타,빅스타피자춘천우두,강원특별자치도 춘천시 우두동 1115 
호프/통닭,사계,강원특별자치도 춘천시 후평동 891-12 
호프/통닭,림스치킨(만천점),강원특별자치도 춘천시 후평동 750-2 
기타,미성카츠,강원특별자치도 춘천시 교동 16-27 
한식,쉼어묵그리고한잔술,강원특별자치도 춘천시 요선동 14-12 
식육(숯불구이),인생역전,"강원특별자치도 춘천시 온의동 45-2 풍물시장 10동 57,58호"
호프/통닭,내린천,강원특별자치도 춘천시 석사동 640-8 
분식,봄내치킨앤떡볶이,강원특별자치도 춘천시 석사동 820-1 (퇴계주공3차@상가103호) 
호프/통닭,간이역(부영점),강원특별자치도 춘천시 동내면 거두리 956-4 
분식,김밥나라(우두점),강원특별자치도 춘천시 우두동 1052-34 
한식,어쩌다농부,강원특별자치도 춘천시 죽림동 28-5 1층 
기타,남춘천호반닭갈비,강원특별자치도 춘천시 퇴계동 875-3 
정종/대포집/소주방,진영베트남쌀국수(JIN YOUNG),강원특별자치도 춘천시 효자동 626-9 
한식,포대인대구막창,강원특별자치도 춘천시 후평동 801-3 
한식,황토주막,강원특별자치도 춘천시 효자동 180-10 외1필지.1층 
분식,신전떡볶이춘천명동점,강원특별자치도 춘천시 조양동 37-26 
호프/통닭,다인,강원특별자치도 춘천시 후평동 854-7 
한식,참불쭈(참살이불쭈꾸미),강원특별자치도 춘천시 동면 만천리 435 
기타,든든,강원특별자치도 춘천시 석사동 740-19 
분식,백일칼국수춘천본점,강원특별자치도 춘천시 퇴계동 1173 
통닭(치킨),돈치킨우두점,강원특별자치도 춘천시 우두동 1060-11 
라이브카페,7080라이브클럽,강원특별자치도 춘천시 후평동 855-2 
식육(숯불구이),금병산숯불철판닭갈비,강원특별자치도 춘천시 신동면 증리 390-1 
기타,메가엠지씨커피춘천봄내초점,강원특별자치도 춘천시 석사동 818-1 
기타,와사비,강원특별자치도 춘천시 석사동 764-8 
한식,정식당,강원특별자치도 춘천시 칠전동 543-1 
탕류(보신용),우두골기사식당,강원특별자치도 춘천시 동내면 학곡리 279-9 
정종/대포집/소주방,이자카야시선,강원특별자치도 춘천시 석사동 735-16 
기타,대박이네막창거두리점,강원특별자치도 춘천시 동내면 거두리 1090-2 
통닭(치킨),모꼬지,강원특별자치도 춘천시 석사동 648-1 
식육(숯불구이),119닭갈비,강원특별자치도 춘천시 퇴계동 946-4 
한식,우일토종닭,강원특별자치도 춘천시 동산면 원창리 724-1 
한식,재왕무한리필양꼬치훠궈,강원특별자치도 춘천시 석사동 728-5 
한식,우촌칡냉면,강원특별자치도 춘천시 퇴계동 366-27 
한식,가마골소머리곰탕,강원특별자치도 춘천시 동내면 학곡리 271-11 
한식,모친식당,강원특별자치도 춘천시 죽림동 11-164 
한식,풍천장어숯불구이,강원특별자치도 춘천시 후평동 709-6 
기타,이삭토스트강원대점,강원특별자치도 춘천시 효자동 618-9 
까페,어스17(Earth17),강원특별자치도 춘천시 신북읍 천전리 36-2 
한식,보글보글하우스,강원특별자치도 춘천시 옥천동 37-10 
한식,청춘화로무한리필,강원특별자치도 춘천시 석사동 942-5 (1층) 
한식,삼악산닭갈비,강원특별자치도 춘천시 서면 안보리 90-1 
정종/대포집/소주방,뽀미네힙(hip)포차,강원특별자치도 춘천시 요선동 7-10 
식육(숯불구이),거두냉삼집,강원특별자치도 춘천시 동내면 거두리 982-2 (1층) 
식육(숯불구이),진족,강원특별자치도 춘천시 동내면 거두리 958-7 
식육(숯불구이),명동우미닭갈비,강원특별자치도 춘천시 온의동 65-34 
한식,명품흑염소,강원특별자치도 춘천시 동면 장학리 478 
기타,도그도그,강원특별자치도 춘천시 우두동 1094-1 
한식,본죽엔비빔밥춘천우두택지점,강원특별자치도 춘천시 우두동 1094-1 
한식,언니네토스트,강원특별자치도 춘천시 후평동 245-11 
기타,폴라리스,강원특별자치도 춘천시 조양동 5-48 
한식,구이본색,강원특별자치도 춘천시 동내면 거두리 854-1 
호프/통닭,가마치통닭만천점,강원특별자치도 춘천시 동면 만천리 575-8 
중국식,미노루,강원특별자치도 춘천시 동내면 거두리 933-6 
식육(숯불구이),청강어탕손수제비,"강원특별자치도 춘천시 신북읍 천전리 64-5 ,64-12 "
정종/대포집/소주방,팔팔포장마차,"강원특별자치도 춘천시 효자동 625-10 (3동,  2층) "
식육(숯불구이),원조숯불닭불고기집,강원특별자치도 춘천시 중앙로2가 66-2 
통닭(치킨),썬더치킨만천점,강원특별자치도 춘천시 동면 만천리 575-3 
분식,김밥이선생,강원특별자치도 춘천시 효자동 315-4 
한식,마왕족발후평점,강원특별자치도 춘천시 후평동 67-10 
식육(숯불구이),또보기목장,강원특별자치도 춘천시 석사동 830-3 (1층) 
분식,우리할매떡볶이춘천점,강원특별자치도 춘천시 효자동 627-12 
한식,열매,강원특별자치도 춘천시 석사동 640-10 
식육(숯불구이),학곡사거리막국수닭갈비,강원특별자치도 춘천시 동내면 학곡리 345-2 
한식,춘천왕감자탕,강원특별자치도 춘천시 동내면 거두리 954-13 
한식,비노,강원특별자치도 춘천시 석사동 734-18 (1층) 
중국식,화산마라탕,강원특별자치도 춘천시 교동 157-15 
기타,세이(Say),강원특별자치도 춘천시 석사동 309-8 
기타,강촌해장국,강원특별자치도 춘천시 남산면 강촌리 243-1 
기타,미돈,강원특별자치도 춘천시 퇴계동 902-8 
기타,생삼겹구루요선점,강원특별자치도 춘천시 요선동 145 
통닭(치킨),CHO O.K치킨(후평점),강원특별자치도 춘천시 후평동 687-17 
일식,오월학교,강원특별자치도 춘천시 서면 오월리 286-2 
기타,둥베이양꼬치왕냉면,강원특별자치도 춘천시 온의동 151-9 
탕류(보신용),둥지흑염소,강원특별자치도 춘천시 퇴계동 895-6 
한식,봄봄,강원특별자치도 춘천시 신동면 증리 537-2 
한식,도지골등나무집,강원특별자치도 춘천시 신북읍 천전리 39-9 
한식,풀내음,"강원특별자치도 춘천시 온의동 45-2 13동 102, 103호 "
감성주점,킹(King),강원특별자치도 춘천시 석사동 915-3 
한식,어화담,강원특별자치도 춘천시 동내면 거두리 1020-7 
한식,주문진게먹고회먹고,강원특별자치도 춘천시 석사동 949-1 
경양식,한림광장,강원특별자치도 춘천시 교동 157-16 1층 
호프/통닭,치맥한잔,강원특별자치도 춘천시 교동 112-14 1층 
한식,상호네돼지갈비닭갈비,강원특별자치도 춘천시 퇴계동 1189-5 
한식,와플칸 한림대점,강원특별자치도 춘천시 교동 15-3 
식육(숯불구이),태산갈비,강원특별자치도 춘천시 퇴계동 1003-3 1층 
한식,남춘천오색찬란숯불닭갈비,강원특별자치도 춘천시 퇴계동 946-7 
한식,학곡다슬기장칼국수,강원특별자치도 춘천시 퇴계동 663 (14블럭1롯트) 
식육(숯불구이),토속밥상,강원특별자치도 춘천시 남산면 창촌리 75-35 
중국식,상하이,강원특별자치도 춘천시 동면 장학리 998-1 
정종/대포집/소주방,옛날전집,강원특별자치도 춘천시 후평동 838-8 
중국식,드래곤웍스(Dragonwoks),강원특별자치도 춘천시 효자동 614-11 
기타,책방달방,강원특별자치도 춘천시 교동 93-95 
기타,더니어,강원특별자치도 춘천시 후평동 752-1 
한식,온정닭갈비,강원특별자치도 춘천시 석사동 913-1 
한식,신남큰집,강원특별자치도 춘천시 온의동 601 춘천 센트럴타워 푸르지오 
탕류(보신용),거진명품코다리네,강원특별자치도 춘천시 퇴계동 956-5 
중국식,하오하오,강원특별자치도 춘천시 석사동 809-1 
중국식,도원뚝배기짬뽕퇴계점,강원특별자치도 춘천시 퇴계동 472-2 
한식,정족리동치미막국수,강원특별자치도 춘천시 신동면 정족리 667-1 
식육(숯불구이),탯골자연화로오리,강원특별자치도 춘천시 서면 서상리 591 
호프/통닭,투다리(뜨란채점),강원특별자치도 춘천시 석사동 911-6 (1층) 
식육(숯불구이),숯구촌,강원특별자치도 춘천시 동면 만천리 575-8 
분식,육회왕자연어공주장학점,강원특별자치도 춘천시 동면 장학리 996-5 
한식,정선달,강원특별자치도 춘천시 퇴계동 1189-2 
분식,남춘천꼬마김밥,강원특별자치도 춘천시 온의동 533-4 
한식,로드힐스쉼터,강원특별자치도 춘천시 동산면 군자리 산 245 
기타,만천식당,강원특별자치도 춘천시 동면 만천리 575-3 
호프/통닭,용천옛날통닭퇴계점,강원특별자치도 춘천시 퇴계동 187-4 중앙하이츠빌딩 (101호) 
한식,놀부뚝배기,강원특별자치도 춘천시 신북읍 율문리 909-27 
기타,두리기갈매기살,강원특별자치도 춘천시 석사동 919-10 
한식,마음이머무는곳,"강원특별자치도 춘천시 효자동 684-11 남부시장지하1층 24,25호"
기타,코이부,강원특별자치도 춘천시 효자동 626-11 
기타,크래프트한스춘천시청점,강원특별자치도 춘천시 중앙로1가 63 
한식,신흥왕족발,강원특별자치도 춘천시 후평동 869-14 
한식,장인족발608,강원특별자치도 춘천시 퇴계동 1094 
한식,춘천길낙지,강원특별자치도 춘천시 퇴계동 1189 
한식,제천황기명태(춘천점),강원특별자치도 춘천시 퇴계동 1008-5 1층 
분식,하마집,강원특별자치도 춘천시 후평동 709-20 
한식,로드힐스스타트2,강원특별자치도 춘천시 동산면 군자리 산 245 
식육(숯불구이),예맥촌,강원특별자치도 춘천시 후평동 807-5 1층 
한식,대감족발꼬꼬닭발,강원특별자치도 춘천시 석사동 771-3 (1층) 
한식,행복한두부,강원특별자치도 춘천시 효자동 651-6 
통닭(치킨),처갓집양념치킨부안점,강원특별자치도 춘천시 후평동 43-7 
한식,약사불고기,강원특별자치도 춘천시 퇴계동 956-12 
일식,스시마니아,강원특별자치도 춘천시 퇴계동 423-6 
한식,오월애만두전골,강원특별자치도 춘천시 후평동 817-1 
일식,스시요혼,강원특별자치도 춘천시 죽림동 189 
기타,로드힐스스타트1,강원특별자치도 춘천시 동산면 군자리 산 245 
분식,우람식당,강원특별자치도 춘천시 효자동 683-16 
기타,033다이닝(Dining),강원특별자치도 춘천시 요선동 11-22 
한식,쥐눈이콩나물밥2호점,강원특별자치도 춘천시 온의동 526-2 
분식,송가네김밥국시,강원특별자치도 춘천시 칠전동 529-2 
경양식,블랙스테이크춘천점,강원특별자치도 춘천시 칠전동 558-6 
분식,어반벨리(Urban Belly),강원특별자치도 춘천시 효자동 626-2 
한식,베이스캠프,강원특별자치도 춘천시 근화동 702 
정종/대포집/소주방,봄봄막걸리카페,강원특별자치도 춘천시 요선동 10-2 
기타,빈체로(Vincero),강원특별자치도 춘천시 석사동 765-6 
한식,온스트릿,강원특별자치도 춘천시 퇴계동 1116 
경양식,어라운드키친,강원특별자치도 춘천시 동면 만천리 871-56 
식육(숯불구이),구이터숯불갈비,강원특별자치도 춘천시 동내면 거두리 954-7 
한식,소양댐산채바우,강원특별자치도 춘천시 신북읍 천전리 10-3 
정종/대포집/소주방,거두리그집,강원특별자치도 춘천시 동내면 거두리 1111-2 
기타,예원참숯닭갈비,강원특별자치도 춘천시 온의동 419 (1층) 
한식,맛있는날,강원특별자치도 춘천시 석사동 742-12 
호프/통닭,옛날통닭(운교점),강원특별자치도 춘천시 운교동 136-1 
식육(숯불구이),만천리 한우마을 밥집,강원특별자치도 춘천시 후평동 558-1 
기타,오돼지국밥,강원특별자치도 춘천시 효자동 667 
기타,지나오다,강원특별자치도 춘천시 효자동 333-4 
기타,피플스클럽,강원특별자치도 춘천시 석사동 742-10 
식육(숯불구이),오필승닭발남춘천점,강원특별자치도 춘천시 퇴계동 1077 
까페,커피레시피,강원특별자치도 춘천시 동내면 거두리 1098-1 
호프/통닭,자담치킨약사명동점,강원특별자치도 춘천시 근화동 286-11 
까페,예부룩,강원특별자치도 춘천시 석사동 495-9 
한식,한어울,강원특별자치도 춘천시 옥천동 38-2 
한식,꿀벌식당,강원특별자치도 춘천시 운교동 183 
통닭(치킨),페리카나(터미널점),강원특별자치도 춘천시 근화동 709-20 
한식,별당막국수,강원특별자치도 춘천시 약사동 151-7 
한식,누구나홀딱반한닭춘천후평점,강원특별자치도 춘천시 후평동 457-4 
호프/통닭,동내맥주,강원특별자치도 춘천시 동내면 거두리 958-4 
식육(숯불구이),이송금할머니의춘천중앙닭갈비,강원특별자치도 춘천시 조양동 146-1 
중국식,대화관명동점,강원특별자치도 춘천시 조양동 144-4 
호프/통닭,벤처하우스,강원특별자치도 춘천시 요선동 13-5 
호프/통닭,어라운드치킨(요선점),강원특별자치도 춘천시 요선동 10-6 
식육(숯불구이),곱돌생삼겹살,강원특별자치도 춘천시 효자동 631-3 
분식,착한원규토스트앤떡볶기앤,강원특별자치도 춘천시 효자동 647-6 
기타,불티나,강원특별자치도 춘천시 온의동 27-2 풍물시장 
한식,감자탕,강원특별자치도 춘천시 후평동 833-9 
한식,청보리밭,강원특별자치도 춘천시 신동면 증리 387-1 
식육(숯불구이),돌담,강원특별자치도 춘천시 송암동 211-4 
한식,여우고개막국수,강원특별자치도 춘천시 신동 2-4 
라이브카페,열린음악회,강원특별자치도 춘천시 후평동 710-1 
라이브카페,작은음악회,강원특별자치도 춘천시 퇴계동 1182 
라이브카페,전람회,강원특별자치도 춘천시 퇴계동 903-4 (지하1층) 
호프/통닭,노랑통닭춘천효자점,강원특별자치도 춘천시 효자동 180-14 
한식,월송영양탕추어탕,강원특별자치도 춘천시 효자동 253-42 
기타,하얼빈양꼬치,강원특별자치도 춘천시 후평동 726-12 
기타,미소야춘천석사점,강원특별자치도 춘천시 석사동 880-4 
기타,메이샤1990,강원특별자치도 춘천시 운교동 170-3 
한식,춘천야식,강원특별자치도 춘천시 운교동 176-14 
기타,로드힐스지씨점,강원특별자치도 춘천시 동산면 군자리 산 245 
횟집,호반횟집,강원특별자치도 춘천시 서면 오월리 97-69 
기타,서리맥주,강원특별자치도 춘천시 후평동 802-12 
한식,오가네식당,강원특별자치도 춘천시 동내면 고은리 559-20 
한식,거두리해물짬뽕,강원특별자치도 춘천시 동내면 거두리 974-14 
한식,이팝펍스크린,강원특별자치도 춘천시 동내면 거두리 617-6 
기타,돼지한마리우두점,강원특별자치도 춘천시 사농동 60-5 
뷔페식,소소한밥상,강원특별자치도 춘천시 소양로4가 115-9 
한식,고을노적,강원특별자치도 춘천시 남면 가정리 883-5 
호프/통닭,팜트리,강원특별자치도 춘천시 퇴계동 1078 
식육(숯불구이),큰집장대박본점,강원특별자치도 춘천시 후평동 747-3 
기타,소근소근,강원특별자치도 춘천시 소양로1가 93-2 
기타,슬로우데이(slowday),강원특별자치도 춘천시 신북읍 천전리 545-2 
한식,신바람낙지,강원특별자치도 춘천시 석사동 113-1 
기타,피자스쿨춘천한림대점,강원특별자치도 춘천시 교동 152-5 
한식,가라와라국물닭발춘천퇴계점,강원특별자치도 춘천시 퇴계동 1083 
한식,토속촌,강원특별자치도 춘천시 신북읍 산천리 629 
한식,솔개미닭갈비,강원특별자치도 춘천시 우두동 1057-8 
한식,샤브마니아메가박스점,강원특별자치도 춘천시 온의동 587-8 
경양식,돈카미,강원특별자치도 춘천시 온의동 587-8 
한식,춘계면옥,강원특별자치도 춘천시 우두동 1066-12 
호프/통닭,광판팔뚝김밥교대점,강원특별자치도 춘천시 석사동 682-1 석사신우아파트 
한식,미다미,강원특별자치도 춘천시 동면 만천리 579-3 
뷔페식,미래컨벤션웨딩홀,강원특별자치도 춘천시 퇴계동 392-53 
탕류(보신용),함지박2호점,강원특별자치도 춘천시 효자동 150-15 
중국식,동보성,강원특별자치도 춘천시 후평동 731-25 
식육(숯불구이),정예육정육식당,강원특별자치도 춘천시 동면 만천리 619-1 
분식,채채김밥,강원특별자치도 춘천시 후평동 693-11 
한식,은혜네해물칼국수,강원특별자치도 춘천시 효자동 710 
탕류(보신용),남춘역영양탕,강원특별자치도 춘천시 퇴계동 892-4 
식육(숯불구이),먹쇠,강원특별자치도 춘천시 퇴계동 901-7 
한식,삼교리동치미막국수(춘천점),강원특별자치도 춘천시 동면 장학리 592 
통닭(치킨),또래오래춘천강북점,강원특별자치도 춘천시 우두동 1082 강변코아루아파트 
중국식,일박이일,강원특별자치도 춘천시 효자동 483-10 
일식,마코토프리미엄,강원특별자치도 춘천시 퇴계동 152-36 
한식,돼지부속구이전문점,강원특별자치도 춘천시 후평동 692-15 
식육(숯불구이),오필승닭발 우두점,강원특별자치도 춘천시 우두동 1060-2 
기타,포케올데이 춘천점,강원특별자치도 춘천시 온의동 601 춘천 센트럴타워 푸르지오 
한식,천일정막국수.닭갈비,강원특별자치도 춘천시 퇴계동 873-6 
정종/대포집/소주방,동춘돌곱창퇴계점,강원특별자치도 춘천시 퇴계동 1240 e편한세상 춘천 한숲시티 
감성주점,제이,강원특별자치도 춘천시 석사동 913-9 (1층) 
한식,온'S푸드,강원특별자치도 춘천시 효자동 20-11 
한식,서진푸드,강원특별자치도 춘천시 후평동 298-6 
통닭(치킨),꼬꼬나라,강원특별자치도 춘천시 신동 934-17 
기타,피자래빗,강원특별자치도 춘천시 서면 덕두원리 40-12 
정종/대포집/소주방,이거시생선이다,강원특별자치도 춘천시 퇴계동 961-6 
한식,화계닭갈비,강원특별자치도 춘천시 신북읍 천전리 65-11 
횟집,사거리횟집R,강원특별자치도 춘천시 석사동 807-1 남부새마을금고석사지점 
한식,샌드위치일상춘천점,강원특별자치도 춘천시 옥천동 38-14 
정종/대포집/소주방,애막골장터국밥,강원특별자치도 춘천시 석사동 725-9 (1층) 
식육(숯불구이),장어왔소(계백),강원특별자치도 춘천시 동면 만천리 638-34 
한식,치엔롱,강원특별자치도 춘천시 서면 월송리 산 128-2 
호프/통닭,비에이치씨(bhc)춘천소양점,강원특별자치도 춘천시 소양로3가 178-1 
한식,가마골인삼순대,강원특별자치도 춘천시 석사동 697-5 
한식,황제원돼지갈비스무숲점,강원특별자치도 춘천시 석사동 954-1 (1층) 
기타,르몽라셰(Le Montrachet),강원특별자치도 춘천시 약사동 151-5 
기타,꽈베르마망,강원특별자치도 춘천시 신북읍 천전리 126-9 
한식,카페라펠리즈(Cafe La Feliz),강원특별자치도 춘천시 삼천동 산 71-22 (지하1층) 
경양식,테이스트원,강원특별자치도 춘천시 동내면 거두리 1111-1 
일식,누보,강원특별자치도 춘천시 퇴계동 1161-3 3층 
식육(숯불구이),한별관,강원특별자치도 춘천시 퇴계동 1153-4 1층 
식육(숯불구이),황제치킨,강원특별자치도 춘천시 후평동 536-22 
한식,유정국밥,강원특별자치도 춘천시 신동면 증리 919-3 
한식,서부맛집능이해천탕,강원특별자치도 춘천시 소양로2가 172-1 
한식,홍골솔밭집,강원특별자치도 춘천시 서면 방동리 819-3 
한식,강원일보구내식당,강원특별자치도 춘천시 중앙로1가 53 
감성주점,빨간장화,강원특별자치도 춘천시 석사동 923-5 (1층) 
경양식,더(The)다정한밥상플러스(Plus),강원특별자치도 춘천시 동내면 거두리 1058-1 
식육(숯불구이),비와별닭갈비본점,강원특별자치도 춘천시 석사동 904-2 
한식,광주리,강원특별자치도 춘천시 서면 금산리 996 
기타,정통매운갈비찜,강원특별자치도 춘천시 효자동 685-8 
호프/통닭,블랙펄,강원특별자치도 춘천시 퇴계동 944 한주아파트 
분식,따봉마라탕,강원특별자치도 춘천시 석사동 888-1 
뷔페식,에스엠이벤트회관,강원특별자치도 춘천시 동면 장학리 685-7 
뷔페식,애슐리퀸즈춘천점,강원특별자치도 춘천시 조양동 34 미도파아파트 
한식,먹보갈비,강원특별자치도 춘천시 석사동 740-4 
한식,숯토리춘천애막골점,강원특별자치도 춘천시 석사동 734-13 
한식,동역,강원특별자치도 춘천시 퇴계동 968-11 
경양식,시키묵자,강원특별자치도 춘천시 석사동 654 
기타,용길이네국밥집춘천1호점,강원특별자치도 춘천시 석사동 735-3 
호프/통닭,보보스,강원특별자치도 춘천시 후평동 704-20 
기타,메이카드,강원특별자치도 춘천시 후평동 811-9 
한식,맛깔나는집,강원특별자치도 춘천시 후평동 745-23 1동 
한식,팬더하우스,강원특별자치도 춘천시 중앙로3가 60-1 
한식,가야갈매기,강원특별자치도 춘천시 운교동 177-6 
정종/대포집/소주방,명동호프,강원특별자치도 춘천시 중앙로3가 60 
일식,회사랑,강원특별자치도 춘천시 석사동 940-5 
기타,금박힐링센터,강원특별자치도 춘천시 후평동 687-23 
기타,탐앤탐스레스토랑,강원특별자치도 춘천시 동면 지내리 2-11 
분식,담칼국수,강원특별자치도 춘천시 사농동 274-30 
경양식,29페이지,강원특별자치도 춘천시 효자동 149-86 
정종/대포집/소주방,석이네한상,강원특별자치도 춘천시 석사동 663-3 (1층) 
한식,본죽앤비빔밥춘천후평점,강원특별자치도 춘천시 후평동 831-8 
중국식,도원뚝짬,강원특별자치도 춘천시 동내면 거두리 1113-2 
한식,족발야시장우두점,강원특별자치도 춘천시 우두동 1117-1 
기타,문배마을신가네,강원특별자치도 춘천시 남산면 강촌리 491-4 
호프/통닭,청사초롱,강원특별자치도 춘천시 석사동 724-14 (1층) 
식육(숯불구이),동산에머문정(情),강원특별자치도 춘천시 석사동 654-10 
한식,남원돌판오징어,강원특별자치도 춘천시 동면 만천리 624-1 
식육(숯불구이),돼지한마리본점,강원특별자치도 춘천시 퇴계동 471-3 
식육(숯불구이),작은집,강원특별자치도 춘천시 후평동 742-26 
식육(숯불구이),퇴골오리,강원특별자치도 춘천시 석사동 909-7 
한식,봄내예찬,강원특별자치도 춘천시 동면 장학리 176-3 
기타,카페789,강원특별자치도 춘천시 동면 만천리 789-1 
분식,대영옥돼지곰탕,강원특별자치도 춘천시 낙원동 63-14 
식육(숯불구이),황소닭갈비,강원특별자치도 춘천시 온의동 329-1 
한식,대암감자탕한림대점,강원특별자치도 춘천시 교동 152-1 
한식,꽃피는산골,강원특별자치도 춘천시 송암동 205-2 
한식,명봉닭갈비막국수,강원특별자치도 춘천시 동면 만천리 71 
기타,설빙춘천점,강원특별자치도 춘천시 죽림동 189 
식육(숯불구이),인생건어물춘천점,강원특별자치도 춘천시 동내면 거두리 946-10 
한식,춘천날아라닭갈비,강원특별자치도 춘천시 동내면 거두리 1055-2 
식육(숯불구이),달맞이,강원특별자치도 춘천시 석사동 747-2 
식육(숯불구이),일송닭갈비막국수,강원특별자치도 춘천시 신북읍 천전리 90-17 
호프/통닭,이모네포차,강원특별자치도 춘천시 후평동 807-8 
식육(숯불구이),오필승닭발(요선터널점),강원특별자치도 춘천시 요선동 14-15 
기타,춘천언덕숯불닭갈비,강원특별자치도 춘천시 중앙로2가 94-1 1층 
한식,현대뚝배기,강원특별자치도 춘천시 후평동 714-7 
까페,협동조합빅샌,강원특별자치도 춘천시 옥천동 1 
까페,고마리,강원특별자치도 춘천시 퇴계동 1160 
분식,김밥의달인,강원특별자치도 춘천시 중앙로2가 70 
한식,불백,강원특별자치도 춘천시 퇴계동 956-13 
한식,아침해칼국수,강원특별자치도 춘천시 사농동 275-5 
식육(숯불구이),점순네닭갈비,강원특별자치도 춘천시 신동면 증리 392 
분식,윤가네바지락칼국수,"강원특별자치도 춘천시 중앙로1가 91 지하상가 다열53,54호 "
한식,황골나루,강원특별자치도 춘천시 남면 발산리 816-1 
통닭(치킨),동내기사식당,강원특별자치도 춘천시 동내면 학곡리 351-6 
호프/통닭,용천옛날통닭후평점,"강원특별자치도 춘천시 후평동 427 현대2차아파트상가 102,103호 "
식육(숯불구이),우레카,강원특별자치도 춘천시 퇴계동 1170-9 
식육(숯불구이),장미공원화로숯불구이,강원특별자치도 춘천시 근화동 595-1 
식육(숯불구이),봉운장,강원특별자치도 춘천시 소양로3가 4 
한식,히로(hiro),강원특별자치도 춘천시 낙원동 28-2 
한식,공원미가,강원특별자치도 춘천시 석사동 660 
호프/통닭,꾸브라꼬숯불치킨,강원특별자치도 춘천시 후평동 838-9 
한식,채가네순대국,강원특별자치도 춘천시 운교동 186-10 
식육(숯불구이),통통도야지,강원특별자치도 춘천시 퇴계동 152-10 
기타,세레니티강촌CC스타트하우스,강원특별자치도 춘천시 남면 후동리 618 세레니티강촌CC 
기타,세레니티강촌CC클럽하우스,강원특별자치도 춘천시 남면 후동리 618 세레니티강촌CC 
식육(숯불구이),족발야시장(후평점),강원특별자치도 춘천시 후평동 702-7 
한식,주영이네,강원특별자치도 춘천시 효자동 657-16 
기타,라이키,강원특별자치도 춘천시 교동 136-12 
식육(숯불구이),마마루스,강원특별자치도 춘천시 동내면 거두리 281 
식육(숯불구이),신일닭갈비,강원특별자치도 춘천시 퇴계동 152-38 
정종/대포집/소주방,족발야시장&무청감자탕춘천온의점,강원특별자치도 춘천시 온의동 65-10 금호1차아파트 
정종/대포집/소주방,소곱창이다,강원특별자치도 춘천시 퇴계동 946-8 (1층) 
식육(숯불구이),산골닭갈비,강원특별자치도 춘천시 남산면 강촌리 226-6 
한식,해두리치킨후평점,강원특별자치도 춘천시 후평동 459 
까페,프로방스,강원특별자치도 춘천시 후평동 801-3 
통닭(치킨),파닭에파무쳐(춘천1호점),강원특별자치도 춘천시 교동 164-5 
중국식,뽕뽕황짬뽕이야,강원특별자치도 춘천시 후평동 714-6 1동 
식육(숯불구이),제주옥탑춘천스무숲점,강원특별자치도 춘천시 석사동 919-5 
식육(숯불구이),가장맛있는족발,강원특별자치도 춘천시 동내면 거두리 926-4 1층 
호프/통닭,취해,강원특별자치도 춘천시 후평동 802-13 
탕류(보신용),배터식당,강원특별자치도 춘천시 소양로1가 100-59 (1층) 
호프/통닭,예인,강원특별자치도 춘천시 남산면 강촌리 산 88-1 
식육(숯불구이),오필승닭발근화점,강원특별자치도 춘천시 근화동 288-24 
한식,메바우명가춘천막국수,강원특별자치도 춘천시 근화동 798-1 1층 
호프/통닭,슈퍼스타,강원특별자치도 춘천시 효자동 626-12 (지하) 
호프/통닭,태양통닭,강원특별자치도 춘천시 효자동 147-20 (2동1층) 
한식,윤일닭갈비,강원특별자치도 춘천시 효자동 250-22 1층 
기타,양지뜨락,강원특별자치도 춘천시 동면 만천리 734-1 (1층) 
기타,리퍼블릭,강원특별자치도 춘천시 동면 만천리 523-71 
기타,하루,강원특별자치도 춘천시 운교동 176 
기타,소소오뎅,강원특별자치도 춘천시 우두동 1113-3 
기타,팔호냉삼집거두리점,강원특별자치도 춘천시 동내면 거두리 954-5 
호프/통닭,영계치킨 춘천점,강원특별자치도 춘천시 후평동 692-1 
호프/통닭,미스타빈,강원특별자치도 춘천시 석사동 736-16 
한식,광천순대,강원특별자치도 춘천시 동내면 거두리 954-12 
통닭(치킨),불타는통닭,강원특별자치도 춘천시 퇴계동 900-9 (1층) 
중국식,중원,강원특별자치도 춘천시 동내면 거두리 1003-1 
식육(숯불구이),거두정춘천거두리본점,강원특별자치도 춘천시 동내면 거두리 1080-4 
중국식,중화촌,강원특별자치도 춘천시 신북읍 천전리 215-8 
분식,남춘천분식,강원특별자치도 춘천시 퇴계동 1192-5 
호프/통닭,약사천,강원특별자치도 춘천시 약사동 95-2 
식육(숯불구이),생삼겹구루,강원특별자치도 춘천시 동내면 거두리 771 
정종/대포집/소주방,좋은날,강원특별자치도 춘천시 후평동 744-10 
횟집,성대수산,강원특별자치도 춘천시 우두동 759-7 
패밀리레스트랑,(유)아웃백스테이크하우스코리아 춘천점,강원특별자치도 춘천시 석사동 980 
호프/통닭,순이네,강원특별자치도 춘천시 석사동 743-2 
정종/대포집/소주방,꿀돼지,강원특별자치도 춘천시 교동 156-21 
호프/통닭,교촌치킨퇴계2호점,강원특별자치도 춘천시 퇴계동 87 
호프/통닭,코끼리백령골,강원특별자치도 춘천시 효자동 618-5 
정종/대포집/소주방,좌우당간,강원특별자치도 춘천시 효자동 700-5 
호프/통닭,어우러지,강원특별자치도 춘천시 효자동 632-27 
한식,원메밀막국수,강원특별자치도 춘천시 효자동 641-4 
한식,갈비가코앞에,강원특별자치도 춘천시 석사동 796-12 
탕류(보신용),정자나루,강원특별자치도 춘천시 남산면 창촌리 135-1 
분식,큐브트리,강원특별자치도 춘천시 조양동 29-2 
기타,루트나인,강원특별자치도 춘천시 조양동 144-10 
일식,전천후횟집,강원특별자치도 춘천시 석사동 735-4 
한식,뱃터매운탕,강원특별자치도 춘천시 신동 1079-3 
기타,모리,강원특별자치도 춘천시 효자동 662-3 
식육(숯불구이),항아리정육식당스무숲점,강원특별자치도 춘천시 석사동 907-8 (1층) 
한식,연화각,강원특별자치도 춘천시 온의동 534-1 
기타,바다가 내손아귀,강원특별자치도 춘천시 석사동 909-2 
기타,카페 빈티지,강원특별자치도 춘천시 서면 신매리 517 
정종/대포집/소주방,나들목1989,강원특별자치도 춘천시 퇴계동 1189-6 
식육(숯불구이),샵고래,강원특별자치도 춘천시 효자동 619-9 
기타,컴포즈커피춘천장학점,강원특별자치도 춘천시 동면 장학리 996 
정종/대포집/소주방,홍탁삼합,강원특별자치도 춘천시 석사동 747-4 
기타,수미상회,강원특별자치도 춘천시 퇴계동 944 한주아파트 
한식,bhc애막골점,강원특별자치도 춘천시 석사동 737-1 
한식,마당,강원특별자치도 춘천시 석사동 911-5 (1층) 
통닭(치킨),자담치킨(강대점),강원특별자치도 춘천시 효자동 315-6 
한식,강바람식당,강원특별자치도 춘천시 남산면 강촌리 591-11 
한식,담온,강원특별자치도 춘천시 석사동 641-7 
분식,왕만두,강원특별자치도 춘천시 퇴계동 1017 
기타,미사옥춘천엔타,강원특별자치도 춘천시 석사동 980 
식육(숯불구이),한양고깃집춘천한숲시티점,강원특별자치도 춘천시 퇴계동 451-3 
한식,정직화벌집삼겹(춘천강원대점),강원특별자치도 춘천시 효자동 604-2 
기타,소확행피자춘천광장점,강원특별자치도 춘천시 교동 126-18 
기타,한양마차,강원특별자치도 춘천시 근화동 722-4 
호프/통닭,남이섬포시즌,강원특별자치도 춘천시 남산면 방하리 386-5 
중국식,려,강원특별자치도 춘천시 동면 만천리 340-23 
식육(숯불구이),강촌역닭갈비,강원특별자치도 춘천시 남산면 강촌리 362-6 
정종/대포집/소주방,투다리석사점,강원특별자치도 춘천시 석사동 697 
분식,"(주)이마트춘천점(튀김류,오리엔탈)",강원특별자치도 춘천시 온의동 511 이마트 
한식,아무거나,강원특별자치도 춘천시 석사동 641-9 
경양식,라라돈까스랜드,강원특별자치도 춘천시 퇴계동 871-6 
한식,명성식당,강원특별자치도 춘천시 온의동 45-2 풍물시장 
한식,춘천옥수한방코다리,강원특별자치도 춘천시 효자동 685-7 
호프/통닭,고목,강원특별자치도 춘천시 남산면 방하리 198-1 
호프/통닭,석사왕막걸리,강원특별자치도 춘천시 석사동 648-14 
분식,갱스터떡볶이 춘천점,강원특별자치도 춘천시 동면 장학리 1003 
한식,(주)이마트춘천점(밥류),강원특별자치도 춘천시 온의동 511 이마트 
횟집,"(주)이마트춘천점(회,스시코너)",강원특별자치도 춘천시 온의동 511 이마트 
한식,(주)이마트춘천점(구이류),강원특별자치도 춘천시 온의동 511 이마트 
분식,호로롱김밥,강원특별자치도 춘천시 효자동 18-57 
통닭(치킨),설맥(석사점),강원특별자치도 춘천시 석사동 822-1 퇴계(4)주공아파트 
호프/통닭,연이네만두,강원특별자치도 춘천시 석사동 743-11 
호프/통닭,60계치킨강원춘천강대온의점,강원특별자치도 춘천시 온의동 601 춘천 센트럴타워 푸르지오 
호프/통닭,치킨엔,강원특별자치도 춘천시 석사동 917-4 
한식,오늘,강원특별자치도 춘천시 후평동 714-14 
정종/대포집/소주방,곱창고퇴계동점,강원특별자치도 춘천시 퇴계동 891 
"외국음식전문점(인도,태국등)",다오베트남쌀국수,강원특별자치도 춘천시 낙원동 62-1 
정종/대포집/소주방,메종,강원특별자치도 춘천시 퇴계동 959-6 
한식,모정푸드,강원특별자치도 춘천시 우두동 1061-7 
한식,명랑닭갈비,강원특별자치도 춘천시 조양동 138-14 
식육(숯불구이),종가염소요리,강원특별자치도 춘천시 퇴계동 615-8 외 1필지 
한식,유우동,강원특별자치도 춘천시 효자동 767-21 
한식,오복족발타임,강원특별자치도 춘천시 운교동 183 (동부시장 상가1층82호) 
한식,진수성찬,강원특별자치도 춘천시 석사동 654-9 
기타,바이오카페,강원특별자치도 춘천시 후평동 198-53 
중국식,차이나객잔,강원특별자치도 춘천시 칠전동 588-1 
호프/통닭,2피자1치킨상회,강원특별자치도 춘천시 석사동 705-20 
식육(숯불구이),뚝방집,강원특별자치도 춘천시 우두동 1054 
한식,춘천소바,강원특별자치도 춘천시 우두동 206-2 
식육(숯불구이),쭈꾸미한판,강원특별자치도 춘천시 후평동 701-5 
한식,유쾌한연어씨,강원특별자치도 춘천시 낙원동 30-1 
정종/대포집/소주방,인생건어물(석사점),강원특별자치도 춘천시 석사동 742-1 (1층) 
한식,모퉁이식당,강원특별자치도 춘천시 석사동 743-2 
한식,송가네진국닭곰탕,강원특별자치도 춘천시 퇴계동 897-6 
한식,기쁨이네,강원특별자치도 춘천시 후평동 689-12 
복어취급,장안집,강원특별자치도 춘천시 조양동 6-173 
한식,삼겹천하,강원특별자치도 춘천시 석사동 742-17 
한식,춘천옹심이,강원특별자치도 춘천시 근화동 796-3 
한식,신전떡볶이퇴계석사점,강원특별자치도 춘천시 석사동 880-5 
기타,노아,강원특별자치도 춘천시 후평동 883 1층 
한식,동이맛집,강원특별자치도 춘천시 석사동 919-7 
호프/통닭,치킨플러스창촌점,강원특별자치도 춘천시 남산면 창촌리 75-7 
한식,춘천스카이워크닭갈비막국수,강원특별자치도 춘천시 소양로1가 101-6 
기타,엘로시오,강원특별자치도 춘천시 칠전동 558-3 
한식,산채마을,강원특별자치도 춘천시 서면 오월리 100-1 (1리) 
한식,능골엄나무토종닭,강원특별자치도 춘천시 서면 안보리 182-2 
한식,호원식당,강원특별자치도 춘천시 남산면 서천리 28-5 
식육(숯불구이),킴스닭꼬치,강원특별자치도 춘천시 후평동 717-11 
정종/대포집/소주방,감마샵,강원특별자치도 춘천시 석사동 644-8 
중국식,고구려반점,강원특별자치도 춘천시 동면 장학리 174-2 
통닭(치킨),멕시카나치킨(석사점),강원특별자치도 춘천시 석사동 704-1 
정종/대포집/소주방,옥탑방오봉자싸롱,"강원특별자치도 춘천시 석사동 728-7 (1층, 좌측) "
탕류(보신용),우촌해장국,강원특별자치도 춘천시 신동 934-17 
한식,황소닭갈비본점,강원특별자치도 춘천시 온의동 330-5 
한식,용앤몽,강원특별자치도 춘천시 석사동 667-4 
식육(숯불구이),누구나홀딱반한닭 춘천거두점,강원특별자치도 춘천시 동내면 거두리 956-7 
식육(숯불구이),웍선생,강원특별자치도 춘천시 후평동 186 
한식,엉터리무한대패춘천점,"강원특별자치도 춘천시 효자동 20-14 ,21-3,63-52(3동) "
한식,한국농어촌공사구내식당,강원특별자치도 춘천시 우두동 765-5 외1필지 
한식,썬더치킨애막골점,강원특별자치도 춘천시 석사동 748-1 
한식,방림메밀막국수춘천직영점,강원특별자치도 춘천시 신동 1150-2 
기타,와이어드커피,강원특별자치도 춘천시 동내면 학곡리 5-14 
식육(숯불구이),춘천농민한우신북점,"강원특별자치도 춘천시 신북읍 율문리 935-17 1,2층 "
한식,소돈화로,강원특별자치도 춘천시 퇴계동 900-8 
경양식,퍼블릭초콜래토리(Public Chocolatory),강원특별자치도 춘천시 석사동 832-6 
식육(숯불구이),우리한우,강원특별자치도 춘천시 칠전동 603-6 (1층) 
기타,육경,강원특별자치도 춘천시 퇴계동 904 
한식,청평골우리집,강원특별자치도 춘천시 북산면 청평리 산 188-8 
한식,춘하추동,강원특별자치도 춘천시 북산면 청평리 산 188-8 
한식,서정생태탕,강원특별자치도 춘천시 퇴계동 1001-5 
식육(숯불구이),술속의밤애막골점,강원특별자치도 춘천시 석사동 741-2 
중국식,마평루,강원특별자치도 춘천시 사북면 원평리 417-2 
한식,장산골,강원특별자치도 춘천시 서면 신매리 168-1 
기타,가미닭갈비,강원특별자치도 춘천시 퇴계동 896-9 
기타,이디야커피춘천순환로DI점,강원특별자치도 춘천시 동면 장학리 598 
한식,의암닭갈비,강원특별자치도 춘천시 서면 덕두원리 66-1 
호프/통닭,bhc온의점,강원특별자치도 춘천시 온의동 73-48 
기타,남경막국수 가족3,강원특별자치도 춘천시 신북읍 천전리 78-5 
패스트푸드,딴지펍,강원특별자치도 춘천시 남산면 방하리 198-7 남이섬 
한식,우리순대국,강원특별자치도 춘천시 석사동 654-4 
한식,고탄막국수,강원특별자치도 춘천시 사북면 고탄리 208-2 
식육(숯불구이),낭만춘천숯불닭갈비,강원특별자치도 춘천시 중앙로2가 99 외3필지 
한식,엄마네집칼국수,강원특별자치도 춘천시 온의동 148-1 풍물시장 
기타,트레비어(춘천거두리점),강원특별자치도 춘천시 동내면 거두리 1113-7 
식육(숯불구이),준섭이네닭갈비,강원특별자치도 춘천시 신동면 증리 1043-127 
한식,태봉골막국수,강원특별자치도 춘천시 서면 현암리 543-1 (2리) 
기타,번쩍피자춘천점,강원특별자치도 춘천시 효자동 769-13 
횟집,박사촌,강원특별자치도 춘천시 서면 오월리 97-40 (1리) 
식육(숯불구이),춘천왕족발,강원특별자치도 춘천시 퇴계동 952-6 
식육(숯불구이),족발야시장&무청감자탕,강원특별자치도 춘천시 퇴계동 178-3 
한식,두찜퇴계점,강원특별자치도 춘천시 퇴계동 900-1 
한식,팔미리손맛낚시터,강원특별자치도 춘천시 신동면 팔미리 861-159 
한식,홍마라탕양꼬치,강원특별자치도 춘천시 온의동 521 
식육(숯불구이),우성닭갈비본점,강원특별자치도 춘천시 동면 만천리 755-1 
기타,카츠탄탄춘천점,강원특별자치도 춘천시 퇴계동 529-1 
한식,만천만두국 막국수,강원특별자치도 춘천시 동면 만천리 803-1 
통닭(치킨),별미쌈대패,강원특별자치도 춘천시 퇴계동 7-23 
기타,748커피앤코(coffee&co),강원특별자치도 춘천시 석사동 748-13 
한식,함부자집,강원특별자치도 춘천시 온의동 543-9 (1층) 
기타,신북농협한우프라자,강원특별자치도 춘천시 동면 장학리 450 외2팔자 
한식,만나칡냉면,강원특별자치도 춘천시 퇴계동 1136-1 
한식,개코네풍천장어,강원특별자치도 춘천시 후평동 804-18 
정종/대포집/소주방,들림,강원특별자치도 춘천시 석사동 654-8 
한식,샘밭막국수,강원특별자치도 춘천시 신북읍 천전리 118-11 
기타,임가네,강원특별자치도 춘천시 석사동 832-1 
횟집,송암골평창송어춘천점,강원특별자치도 춘천시 효자동 692-1 
식육(숯불구이),대청봉,강원특별자치도 춘천시 조양동 51-7 
한식,청정골수로집,강원특별자치도 춘천시 퇴계동 1156 
한식,일산감자탕,강원특별자치도 춘천시 퇴계동 1155-1 
한식,실비식당,"강원특별자치도 춘천시 운교동 183 동부시장 상가동 90호, 91호"
정종/대포집/소주방,따봉한우곱창후평점,강원특별자치도 춘천시 후평동 872-6 
한식,삼악산등선폭포에있는등선집,강원특별자치도 춘천시 서면 덕두원리 118-18 (3리) 
한식,신흥막국수,"강원특별자치도 춘천시 퇴계동 132-1 .117-11,13 "
한식,본설렁탕춘천명동점,강원특별자치도 춘천시 조양동 48-5 
기타,수참치,강원특별자치도 춘천시 석사동 734-1 
기타,강촌닭갈비삼겹살집,강원특별자치도 춘천시 남산면 강촌리 339-7 
한식,고신,강원특별자치도 춘천시 효자동 325-7 
기타,선미식당,강원특별자치도 춘천시 후평동 710-3 
기타,동네맥주집,강원특별자치도 춘천시 퇴계동 890-2 
기타,행복한마라탕,강원특별자치도 춘천시 석사동 316-10 
기타,전상철갈비탕집,강원특별자치도 춘천시 석사동 909-1 
정종/대포집/소주방,내비전야,강원특별자치도 춘천시 석사동 735-2 
중국식,신짱깨집,강원특별자치도 춘천시 석사동 130-120 
식육(숯불구이),소담송하앤드더나인피크,강원특별자치도 춘천시 동면 장학리 496-3 
분식,국수나무춘천장학점,강원특별자치도 춘천시 동면 장학리 1007-1 
횟집,희락,강원특별자치도 춘천시 석사동 726-4 
분식,33떡볶이앤꼬마김밥온의점,강원특별자치도 춘천시 온의동 65-44 
한식,만천리상회,강원특별자치도 춘천시 동면 만천리 191 
기타,핸드썸메이드커피로스터스,강원특별자치도 춘천시 우두동 381-2 
일식,스시니쿠,강원특별자치도 춘천시 중앙로2가 40 
한식,춘천숯불동글갈비,강원특별자치도 춘천시 요선동 11-3 
한식,큰맘할매순대국춘천후평점,강원특별자치도 춘천시 후평동 798-14 
기타,까멜리아,강원특별자치도 춘천시 후평동 912 우미린뉴시티 
기타,툇골550,강원특별자치도 춘천시 서면 서상리 844 
중국식,청궁,강원특별자치도 춘천시 동내면 신촌리 596-1 
식육(숯불구이),황토영광장어,강원특별자치도 춘천시 석사동 696-1 
경양식,솔담경양,강원특별자치도 춘천시 동내면 사암리 463 
횟집,동해어장,강원특별자치도 춘천시 퇴계동 1137-3 
식육(숯불구이),달빛마당,강원특별자치도 춘천시 동면 만천리 326-33 
분식,송촌꼬마김밥,강원특별자치도 춘천시 삼천동 796 춘천파크자이 
한식,돈떵어리,강원특별자치도 춘천시 동면 장학리 663-23 
정종/대포집/소주방,칠전포차,강원특별자치도 춘천시 칠전동 622-1 
기타,모퉁이,강원특별자치도 춘천시 동내면 거두리 1022-4 
한식,짱구네,강원특별자치도 춘천시 후평동 899 
일식,하루가와스시,강원특별자치도 춘천시 후평동 711-16 
호프/통닭,미화네떡볶이,강원특별자치도 춘천시 효자동 768 
중국식,대동관,강원특별자치도 춘천시 동면 장학리 751 
중국식,동현각,강원특별자치도 춘천시 신동 934-17 (2층) 
탕류(보신용),삼우매운탕,강원특별자치도 춘천시 신북읍 율문리 301-1 
호프/통닭,가마치후평트루엘점,강원특별자치도 춘천시 후평동 910 춘천일성트루엘더퍼스트아파트 
호프/통닭,푸라닭춘천신사우점,강원특별자치도 춘천시 우두동 1065-15 
호프/통닭,비비큐춘천효자점,강원특별자치도 춘천시 효자동 18-69 
기타,한량,강원특별자치도 춘천시 약사동 86-7 
한식,우두소머리국밥,강원특별자치도 춘천시 우두동 558-1 
식육(숯불구이),촌집닭갈비,강원특별자치도 춘천시 남산면 강촌리 227-71 
호프/통닭,메밀치킨,강원특별자치도 춘천시 동면 만천리 977 춘천만천엘에이치아파트 
기타,최가네진순두부,강원특별자치도 춘천시 남산면 방곡리 135-5 
한식,가리미김밥온의점,강원특별자치도 춘천시 온의동 176-3 
한식,믿을신푸드,강원특별자치도 춘천시 석사동 651-21 (1층) 
기타,알베로,강원특별자치도 춘천시 퇴계동 152-31 
한식,은혜식당,강원특별자치도 춘천시 신북읍 율문리 318-32 
분식,킹플,강원특별자치도 춘천시 죽림동 32 제일백화점 
식육(숯불구이),궁채석갈비춘천점,강원특별자치도 춘천시 석사동 433-3 
한식,삼포흑염소,강원특별자치도 춘천시 신동면 증리 130 
경양식,오구피자명동점,강원특별자치도 춘천시 요선동 8-6 
호프/통닭,자담치킨퇴계한숲점,강원특별자치도 춘천시 퇴계동 1240 
라이브카페,7080낭만라이브,강원특별자치도 춘천시 요선동 15-6 
횟집,맛있는전집,강원특별자치도 춘천시 석사동 737-2 
까페,플라워카페,강원특별자치도 춘천시 약사동 96-2 
한식,재희네,강원특별자치도 춘천시 퇴계동 897-8 
한식,여로부대찌개,강원특별자치도 춘천시 석사동 313-19 
분식,품은김밥,강원특별자치도 춘천시 석사동 433-3 
한식,별채식당,강원특별자치도 춘천시 교동 152-7 
탕류(보신용),푸주옥,강원특별자치도 춘천시 퇴계동 1136-8 
한식,토종암돼지구이,강원특별자치도 춘천시 퇴계동 1183 
기타,섬향기,강원특별자치도 춘천시 남산면 방하리 198 (남이섬내) 
기타,청춘봄봄,강원특별자치도 춘천시 퇴계동 343-11 
호프/통닭,밀두레,강원특별자치도 춘천시 근화동 796-6 
한식,바다속풍경,강원특별자치도 춘천시 효자동 661-25 
식육(숯불구이),파파닭(숯불)갈비,강원특별자치도 춘천시 남면 후동리 388-1 
한식,삼색칼국수,강원특별자치도 춘천시 석사동 644-4 
기타,샘필드,강원특별자치도 춘천시 신북읍 천전리 118-24 
한식,수정초,강원특별자치도 춘천시 우두동 1061-1 
분식,요선동국수옹심이,강원특별자치도 춘천시 요선동 13-15 
기타,간이역(퇴계골목역점),강원특별자치도 춘천시 퇴계동 914 1층 
분식,준이네분식,강원특별자치도 춘천시 석사동 728-3 
한식,초가해물찜,강원특별자치도 춘천시 후평동 727-14 
식육(숯불구이),달콤한삼겹살,강원특별자치도 춘천시 퇴계동 1085 
호프/통닭,석사치킨엔호프,강원특별자치도 춘천시 석사동 701 
한식,옥이네 풍물메밀부침,강원특별자치도 춘천시 온의동 29-3 풍물시장 
한식,우담촌,강원특별자치도 춘천시 퇴계동 152-36 
한식,신서방부대찌개,강원특별자치도 춘천시 사농동 76-10 
분식,추억의꼬마김밥,강원특별자치도 춘천시 조양동 37-4 
분식,살루드,강원특별자치도 춘천시 후평동 872-11 
한식,뚝배기마을,"강원특별자치도 춘천시 중앙로1가 91 외4필지(지하상가다열49,50호) "
통닭(치킨),꼬꼬비어,강원특별자치도 춘천시 퇴계동 370-7 외1필지 
한식,동부곱창,강원특별자치도 춘천시 운교동 187-5 
기타,핸디우디,강원특별자치도 춘천시 동면 만천리 524-1 
한식,주연네주점,강원특별자치도 춘천시 운교동 206 
한식,만나순대국,강원특별자치도 춘천시 동면 만천리 793-3 
식육(숯불구이),황대박숯불구이,강원특별자치도 춘천시 사농동 596 
식육(숯불구이),미소와,강원특별자치도 춘천시 후평동 701-5 
한식,일품칼국수,강원특별자치도 춘천시 동면 만천리 617 
한식,육림객잔,강원특별자치도 춘천시 효자동 618-4 
식육(숯불구이),소림생고기,강원특별자치도 춘천시 효자동 756 
한식,홍두깨장칼국수,강원특별자치도 춘천시 퇴계동 912 (1층) 
한식,향원외갓집손두부,강원특별자치도 춘천시 동면 만천리 804-16 
한식,가리미김밥거두점,강원특별자치도 춘천시 동내면 거두리 933-1 
경양식,바우하우스,강원특별자치도 춘천시 요선동 1-10 
탕류(보신용),유가네감자탕,강원특별자치도 춘천시 요선동 14-19 
한식,백년족발요선점,강원특별자치도 춘천시 소양로2가 133-20 
기타,빽다방춘천명동점,강원특별자치도 춘천시 죽림동 189 
중국식,장은짬뽕,강원특별자치도 춘천시 동면 장학리 1005-2 
한식,반달곰,강원특별자치도 춘천시 후평동 715-7 
한식,꿀단지,강원특별자치도 춘천시 동면 장학리 998-4 
호프/통닭,푸라닭춘천석사점,강원특별자치도 춘천시 석사동 749-1 
한식,고바우부대찌개,강원특별자치도 춘천시 교동 156-27 
분식,김밥분식,강원특별자치도 춘천시 후평동 807-14 
식육(숯불구이),초안마루,강원특별자치도 춘천시 후평동 802-13 
기타,더킹(THE KING),강원특별자치도 춘천시 근화동 265-1 더잭슨나인스호텔 
식육(숯불구이),딱조아92막창,강원특별자치도 춘천시 퇴계동 1140-2 
식육(숯불구이),강원한우타운,강원특별자치도 춘천시 퇴계동 164-3 
식육(숯불구이),황제돼지갈비,강원특별자치도 춘천시 동내면 거두리 954-11 
분식,역전당구클럽&푸드,강원특별자치도 춘천시 퇴계동 1191-1 
기타,발바닥애견카페,강원특별자치도 춘천시 동내면 거두리 546-2 
식육(숯불구이),마적산닭갈비,강원특별자치도 춘천시 퇴계동 423-18 
한식,세레니티강촌CC직원식당,강원특별자치도 춘천시 남면 후동리 618 세레니티강촌CC 
호프/통닭,후평옛날통닭,강원특별자치도 춘천시 후평동 43 우미린뉴시티 
한식,모두의밥상,강원특별자치도 춘천시 후평동 715-25 
기타,소풍앤리조트,강원특별자치도 춘천시 동산면 봉명리 56-6 
기타,왓더버거춘천후평점,강원특별자치도 춘천시 후평동 79-2 
호프/통닭,참참치킨호프춘천본점,강원특별자치도 춘천시 석사동 729-2 
중국식,식신마라,강원특별자치도 춘천시 동면 장학리 997-2 
기타,차이웍,강원특별자치도 춘천시 동면 만천리 575-3 
호프/통닭,치치,강원특별자치도 춘천시 석사동 736-8 
호프/통닭,슬기둥,강원특별자치도 춘천시 신북읍 율문리 37-32 
한식,다리골추어탕,강원특별자치도 춘천시 신북읍 천전리 718-9 
기타,퇴계집김치말이찜,강원특별자치도 춘천시 퇴계동 897 
기타,파이어메이플캠핑장,강원특별자치도 춘천시 남산면 산수리 458 
기타,북달달,강원특별자치도 춘천시 칠전동 641-14 
정종/대포집/소주방,한잔의추억,강원특별자치도 춘천시 석사동 726-1 
분식,주안이네왕만두칠전점,강원특별자치도 춘천시 칠전동 626-9 
호프/통닭,교촌치킨춘천시청점,강원특별자치도 춘천시 소양로3가 181-9 
기타,크래프트한스온의점,강원특별자치도 춘천시 온의동 587-3 
기타,신깡통뒷고기춘천강원대점,강원특별자치도 춘천시 효자동 626-16 
식육(숯불구이),봉수닭갈비,강원특별자치도 춘천시 효자동 626-14 1층 
한식,서울녹각삼계탕,강원특별자치도 춘천시 효자동 302-40 
기타,에그2000춘천점,강원특별자치도 춘천시 요선동 201 한신휴플러스아파트상가 
기타,동하관온의점,강원특별자치도 춘천시 온의동 587-3 
기타,훗(Hoot),강원특별자치도 춘천시 죽림동 159-1 
기타,권바우부대찌개,강원특별자치도 춘천시 후평동 804-15 
한식,둥근닭갈비막국수닭보쌈,강원특별자치도 춘천시 동내면 거두리 983-10 
정종/대포집/소주방,이층포차,강원특별자치도 춘천시 후평동 457-5 
한식,솔향기,강원특별자치도 춘천시 동산면 군자리 968 
한식,우리콩손두부,강원특별자치도 춘천시 동내면 거두리 982-7 
기타,라비에벨듄스코스대식당,강원특별자치도 춘천시 동산면 조양리 산 199 라비에벨 컨트리클럽 
한식,청미래닭갈비,강원특별자치도 춘천시 효자동 631-16 
기타,라비에벨듄스코스14T그늘집식당,강원특별자치도 춘천시 동산면 조양리 산 199 라비에벨 컨트리클럽 
분식,카페19,강원특별자치도 춘천시 동내면 거두리 1127-1 
김밥(도시락),돼지집,강원특별자치도 춘천시 운교동 137-73 
기타,라비에벨듄스코스4T그늘집식당,강원특별자치도 춘천시 동산면 조양리 산 199 라비에벨 컨트리클럽 
분식,순이네분식,강원특별자치도 춘천시 후평동 687-12 
정종/대포집/소주방,정아내,강원특별자치도 춘천시 운교동 183 동부시장현대아파트 
기타,수옛날통닭한림대점,강원특별자치도 춘천시 후평동 854-2 
한식,오늘도고기국밥&감자탕,강원특별자치도 춘천시 퇴계동 1151 
일식,산천수산송어회,강원특별자치도 춘천시 신북읍 산천리 171-12 
식육(숯불구이),왕촌,강원특별자치도 춘천시 신북읍 천전리 39-4 
탕류(보신용),옛날집,강원특별자치도 춘천시 우두동 561-2 
식육(숯불구이),소울림,강원특별자치도 춘천시 삼천동 293-1 
냉면집,속초회냉면,강원특별자치도 춘천시 운교동 176-6 
호프/통닭,강대맥주창고,강원특별자치도 춘천시 효자동 629-15 
냉면집,남춘천면옥,강원특별자치도 춘천시 남산면 광판리 342 
식육(숯불구이),뚜레,강원특별자치도 춘천시 동내면 학곡리 3-7 
한식,생선명가거북명태,강원특별자치도 춘천시 동내면 거두리 968-1 
식육(숯불구이),김여사네등갈비찜,강원특별자치도 춘천시 효자동 746-6 
한식,쫄면주는삼겹본능춘천점,강원특별자치도 춘천시 효자동 149-16 
한식,동궁찜닭,강원특별자치도 춘천시 삼천동 37-34 
경양식,델모니코스,"강원특별자치도 춘천시 동면 장학리 139-55 (1,2층) "
경양식,감,강원특별자치도 춘천시 후평동 95-21 
호프/통닭,빨강풍차,강원특별자치도 춘천시 퇴계동 1001-6 (1층) 
한식,우물정,강원특별자치도 춘천시 사농동 675 
한식,황씨보쌈,강원특별자치도 춘천시 석사동 734-17 
기타,롭앤로비나(LOB&ROBINA),강원특별자치도 춘천시 동내면 거두리 1062-3 301호
일식,마구로참치,강원특별자치도 춘천시 후평동 701-8 
한식,일보식당,강원특별자치도 춘천시 요선동 191 한신휴플러스상가101호 
중국식,안동반점,강원특별자치도 춘천시 근화동 722-5 외2필지(1층) 
식육(숯불구이),소양강처녀닭갈비막국수,강원특별자치도 춘천시 근화동 796-23 
분식,미가쭈꾸미,강원특별자치도 춘천시 석사동 756-18 (1층) 
기타,본죽(온의점),강원특별자치도 춘천시 온의동 148-4 (1층) 
식육(숯불구이),우리집한우,강원특별자치도 춘천시 동내면 거두리 1058-2 
중국식,짬뽕전문점(일환식당),강원특별자치도 춘천시 퇴계동 630-2 (1층) 
한식,베어크리크춘천식당,강원특별자치도 춘천시 신동면 혈동리 산 123 
기타,풀문(Full Moon),강원특별자치도 춘천시 효자동 651 
중국식,오필승닭발한림대점,강원특별자치도 춘천시 교동 157-25 
식육(숯불구이),공지천왕갈비(애막골점),강원특별자치도 춘천시 석사동 742-15 
한식,솥뚜껑감자탕,강원특별자치도 춘천시 퇴계동 1136-3 
한식,해밀,강원특별자치도 춘천시 후평동 693-16 
한식,오미리,강원특별자치도 춘천시 퇴계동 1079 
한식,영진푸드,강원특별자치도 춘천시 효자동 618-6 
기타,휴카페,강원특별자치도 춘천시 남면 발산리 685-20 
경양식,플랩잭팬트리춘천점,강원특별자치도 춘천시 동내면 거두리 1102-1 
호프/통닭,딩고치킨,강원특별자치도 춘천시 석사동 913-8 
기타,들꽃,강원특별자치도 춘천시 효자동 302-57 
기타,뚝배기양평해장국 춘천효자점,강원특별자치도 춘천시 효자동 324 
정종/대포집/소주방,인생역전,강원특별자치도 춘천시 후평동 883-9 
기타,두가지딜리버리,강원특별자치도 춘천시 온의동 522-5 
라이브카페,오드리뮤직캠프,강원특별자치도 춘천시 우두동 1057-4 
한식,골목손팥칼국수,강원특별자치도 춘천시 후평동 95-17 
기타,황금코다리춘천점,강원특별자치도 춘천시 동면 장학리 786-112 
기타,디에스푸드(DS FOOD),강원특별자치도 춘천시 효자동 608-17 
기타,춘젤라또,강원특별자치도 춘천시 후평동 67-8 
분식,블루 핫,강원특별자치도 춘천시 신북읍 천전리 93-13 
기타,더조은명가손만두우두점,강원특별자치도 춘천시 우두동 1089 
기타,우정가,강원특별자치도 춘천시 후평동 857 동보빌리지 
중국식,요리마을,강원특별자치도 춘천시 동산면 조양리 350-12 
한식,청솔닭갈비,강원특별자치도 춘천시 온의동 548-13 (1층) 
한식,두꺼비돼지갈비,강원특별자치도 춘천시 퇴계동 977-10 
기타,구가네찹쌀탕수육,강원특별자치도 춘천시 퇴계동 961-1 
기타,바텐더(Bar 10 Der),강원특별자치도 춘천시 석사동 748-18 
기타,소양가든,강원특별자치도 춘천시 사농동 105-7 
기타,샤브마니아춘천우두점,강원특별자치도 춘천시 우두동 444-1 북춘천새마을금고 
호프/통닭,러스틱컴포트,강원특별자치도 춘천시 석사동 726-12 
기타,피자피크춘천점,강원특별자치도 춘천시 효자동 757-13 
일식,외곽,강원특별자치도 춘천시 효자동 630-32 
호프/통닭,체르니,강원특별자치도 춘천시 운교동 187 
한식,꿈드림,강원특별자치도 춘천시 후평동 807-3 
한식,닭바우닭갈비,강원특별자치도 춘천시 동내면 거두리 948-7 
한식,엠브로돈까스춘천거두점,강원특별자치도 춘천시 동내면 거두리 950-14 
한식,담백헌,강원특별자치도 춘천시 온의동 516 (1층) 
한식,"달구네제육쌈밥,생삼겹",강원특별자치도 춘천시 남면 후동리 400-1 
한식,밥한그룻정두그릇,강원특별자치도 춘천시 근화동 744-7 
김밥(도시락),정을담다,강원특별자치도 춘천시 석사동 888-4 
뷔페식,쿠우쿠우춘천점,강원특별자치도 춘천시 퇴계동 1017 
정종/대포집/소주방,한림포차2,강원특별자치도 춘천시 후평동 857 
기타,춘천본가닭갈비,강원특별자치도 춘천시 조양동 144-1 
횟집,우리송어양식장횟집,강원특별자치도 춘천시 퇴계동 1182-4 
한식,골목손두부,강원특별자치도 춘천시 근화동 291-19 
식육(숯불구이),참맛,강원특별자치도 춘천시 우두동 1066-3 
한식,만석식당,강원특별자치도 춘천시 우두동 410-51 
한식,솜다리,강원특별자치도 춘천시 우두동 1057-6 
중국식,백리향,강원특별자치도 춘천시 우두동 1054-7 (1층) 
한식,원조닭똥집,강원특별자치도 춘천시 우두동 1060 1통
한식,샤브향,강원특별자치도 춘천시 동내면 거두리 1044-3 
한식,퇴골가든,강원특별자치도 춘천시 서면 서상리 678 
한식,만나돈가스,강원특별자치도 춘천시 효자동 176-73 (1층) 
정종/대포집/소주방,모듬,강원특별자치도 춘천시 온의동 516 (1층) 
한식,러블리숑숑,강원특별자치도 춘천시 칠전동 548-6 
기타,고향산천,강원특별자치도 춘천시 후평동 711-11 
기타,타코로후평점,강원특별자치도 춘천시 후평동 801-5 
라이브카페,색소폰하우스,강원특별자치도 춘천시 후평동 832-12 
정종/대포집/소주방,쿠사(Kusa),강원특별자치도 춘천시 효자동 619-9 
기타,더벤티롯데마트춘천점,강원특별자치도 춘천시 온의동 6-25 롯데마트 
기타,카페자작,강원특별자치도 춘천시 석사동 642-11 
한식,남촌가든,강원특별자치도 춘천시 남면 발산리 94 
식육(숯불구이),용권네한우곱창,강원특별자치도 춘천시 후평동 716-10 
횟집,행복반점,강원특별자치도 춘천시 효자동 178-31 
정종/대포집/소주방,전이랑밥이랑,강원특별자치도 춘천시 후평동 872-7 
탕류(보신용),안주가춘천애막골점,강원특별자치도 춘천시 석사동 736-5 
복어취급,충무복집,강원특별자치도 춘천시 동면 장학리 462-1 
식육(숯불구이),장수소꼬리,강원특별자치도 춘천시 퇴계동 1091 
한식,중국집,강원특별자치도 춘천시 동내면 거두리 1042-2 
기타,카페하루,강원특별자치도 춘천시 효자동 700-10 
일식,육주,강원특별자치도 춘천시 퇴계동 1189-6 
한식,광수생각,강원특별자치도 춘천시 삼천동 28-64 
분식,혜리네스넥,강원특별자치도 춘천시 석사동 726-7 
탕류(보신용),원조흑염소탕집,강원특별자치도 춘천시 근화동 745-8 
기타,옐로스톤,강원특별자치도 춘천시 석사동 737-17 
한식,화락바베큐치킨 춘천퇴계점,강원특별자치도 춘천시 퇴계동 971-3 
중국식,동산반점,강원특별자치도 춘천시 동산면 봉명리 549-1 
기타,풍경1961,강원특별자치도 춘천시 중앙로3가 78-9 
식육(숯불구이),한우야,강원특별자치도 춘천시 퇴계동 79 
일식,바다상회,강원특별자치도 춘천시 동내면 거두리 948-4 
한식,청춘보쌈,강원특별자치도 춘천시 효자동 627-11 
한식,청평해장국,강원특별자치도 춘천시 우두동 1052-15 
식육(숯불구이),춘천농민한우우두점,강원특별자치도 춘천시 우두동 413-1 
라이브카페,음악은나의인생,강원특별자치도 춘천시 후평동 714-14 
한식,자유공간,강원특별자치도 춘천시 후평동 711 
호프/통닭,궁중해물칼국수,강원특별자치도 춘천시 사농동 270-3 
식육(숯불구이),송이네곱창,강원특별자치도 춘천시 퇴계동 1153-2 
식육(숯불구이),명륜춘천소양로점,강원특별자치도 춘천시 소양로2가 156-10 
기타,홀인원,강원특별자치도 춘천시 칠전동 495-2 
한식,백년장칼국수,강원특별자치도 춘천시 동면 만천리 896-4 
한식,육회장인,강원특별자치도 춘천시 효자동 663-7 
횟집,여울,강원특별자치도 춘천시 석사동 641-7 
통닭(치킨),또래오래 장학후평점,강원특별자치도 춘천시 후평동 740-9 
식육(숯불구이),강촌159닭갈비,강원특별자치도 춘천시 남산면 방곡리 396-8 
한식,더기운,강원특별자치도 춘천시 동내면 거두리 660-1 
한식,종로식당,강원특별자치도 춘천시 조양동 48-5 
한식,원터,강원특별자치도 춘천시 칠전동 592-12 (1층) 
중국식,강촌명가짬뽕,강원특별자치도 춘천시 남산면 강촌리 239-1 
호프/통닭,호프타임,강원특별자치도 춘천시 운교동 187-10 
한식,배달연구소,강원특별자치도 춘천시 후평동 871-3 
라이브카페,라비에벨(Lavie Est Belle),강원특별자치도 춘천시 후평동 854-4 
호프/통닭,잭슨빌,강원특별자치도 춘천시 조양동 50-6 
한식,별미얼큰순대국,강원특별자치도 춘천시 동내면 거두리 1113-5 
패스트푸드,샌토락낙원동점,강원특별자치도 춘천시 소양로3가 171 (1층) 
식육(숯불구이),동대문곱창,강원특별자치도 춘천시 요선동 15-16 
중국식,창촌반점,강원특별자치도 춘천시 남산면 창촌리 72-5 
식육(숯불구이),해온닭갈비,강원특별자치도 춘천시 온의동 514-3 
한식,굴봉산쉼터,강원특별자치도 춘천시 남산면 백양리 470-1 
한식,약사촌닭갈비,강원특별자치도 춘천시 온의동 514-3 
일식,바다애참치,강원특별자치도 춘천시 퇴계동 956-9 (1층) 
한식,천하풍천민물장어,강원특별자치도 춘천시 퇴계동 346-10 1.2층 
호프/통닭,불닭발땡초동대문엽기떡볶이춘천강남점,강원특별자치도 춘천시 온의동 571 금호@상가 102호 
김밥(도시락),김밥나라칠전점,강원특별자치도 춘천시 칠전동 590-7 (1층) 
호프/통닭,호프앤유,강원특별자치도 춘천시 우두동 1063-8 (1층) 
기타,륭림닭발1호점,"강원특별자치도 춘천시 효자동 617-9 (3동,1층) "
뷔페식,이안테케이터링,강원특별자치도 춘천시 퇴계동 418-6 
한식,미가동치미막국수,강원특별자치도 춘천시 효자동 155-3 
한식,동춘당샤브샤브칼국수강촌IC점,강원특별자치도 춘천시 남면 발산리 254-1 
호프/통닭,레드닥스후평점,강원특별자치도 춘천시 후평동 747-10 
횟집,골목횟집,강원특별자치도 춘천시 우두동 1097-3 
분식,1995아이씨푸드(IC푸드),강원특별자치도 춘천시 요선동 8-54 
기타,비엔아이미니바(B&I미니바),강원특별자치도 춘천시 후평동 623-4 
경양식,소문난의정부부대찌개춘천시청점,강원특별자치도 춘천시 조양동 37-28 
호프/통닭,간이역효자역점,"강원특별자치도 춘천시 효자동 668-2 (2동, 1층) "
한식,강촌명물탕,강원특별자치도 춘천시 남산면 창촌리 192 
경양식,대청마루 춘천점,강원특별자치도 춘천시 우두동 1061-8 
경양식,돈카돈까(퇴계점),강원특별자치도 춘천시 석사동 880-3 (종로타워201호) 
한식,니쿠야,강원특별자치도 춘천시 후평동 795-7 
횟집,우주종합어시장,강원특별자치도 춘천시 효자동 640-8 강원인재개발원 
정종/대포집/소주방,투다리그린점,강원특별자치도 춘천시 후평동 684-14 
정종/대포집/소주방,그레이,강원특별자치도 춘천시 효자동 626 
한식,행복한밥상,강원특별자치도 춘천시 퇴계동 902-5 
탕류(보신용),수누리감자탕(춘천점),강원특별자치도 춘천시 석사동 774-1 (1층) 
통닭(치킨),맛고을통닭,강원특별자치도 춘천시 석사동 643-8 
일식,이자카야하나,강원특별자치도 춘천시 후평동 458-1 
한식,샘골,강원특별자치도 춘천시 서면 방동리 744-2 
한식,들꽃가든남춘천,강원특별자치도 춘천시 남산면 광판리 426-5 
기타,카페뜰,강원특별자치도 춘천시 신동면 정족리 712-4 
호프/통닭,이서방양념치킨,강원특별자치도 춘천시 퇴계동 916 현대2차아파트 
한식,강촌솥뚜껑만난닭엘리시안점,강원특별자치도 춘천시 남산면 창촌리 147-9 
탕류(보신용),길성식당,강원특별자치도 춘천시 죽림동 11-163 
한식,터널생고기,강원특별자치도 춘천시 요선동 9-1 
한식,한가네놀랄만두국수,강원특별자치도 춘천시 후평동 690 
정종/대포집/소주방,청담족발춘천점,강원특별자치도 춘천시 후평동 847 
한식,길손기사식당,강원특별자치도 춘천시 근화동 791-2 
기타,니뽕내뽕춘천명동점,강원특별자치도 춘천시 죽림동 189 
횟집,용전횟집,강원특별자치도 춘천시 서면 오월리 97-2 
호프/통닭,비비큐치킨춘천퇴계점,강원특별자치도 춘천시 퇴계동 593-27 
한식,예스동태랑(YES!동태랑),강원특별자치도 춘천시 동면 장학리 482-3 
식육(숯불구이),뜰마루,강원특별자치도 춘천시 남산면 광판리 1022 
정종/대포집/소주방,바이킹,강원특별자치도 춘천시 후평동 711-26 
중국식,기륜각,강원특별자치도 춘천시 효자동 17-8 
정종/대포집/소주방,이차전,강원특별자치도 춘천시 퇴계동 946-5 1층 
식육(숯불구이),춘천유명닭갈비,강원특별자치도 춘천시 석사동 742-16 
한식,향토마을,강원특별자치도 춘천시 석사동 645 
횟집,좋은초밥,강원특별자치도 춘천시 효자동 633-10 
한식,진사골,강원특별자치도 춘천시 동내면 거두리 1071-1 
기타,볶덖방,강원특별자치도 춘천시 후평동 847-5 
한식,황토집,강원특별자치도 춘천시 석사동 642-13 (1층) 
기타,알프하우스,강원특별자치도 춘천시 남산면 백양리 29-1 엘리시안 강촌 
한식,굽네치킨온의퇴계점,강원특별자치도 춘천시 온의동 120-7 (1층) 
횟집,반마리 닭국수,강원특별자치도 춘천시 석사동 736-15 
정종/대포집/소주방,열정국밥,강원특별자치도 춘천시 효자동 285-3 
통닭(치킨),원주맛통닭,강원특별자치도 춘천시 효자동 146-3 
정종/대포집/소주방,토대력(춘천점),강원특별자치도 춘천시 효자동 148-12 
분식,은이네,강원특별자치도 춘천시 후평동 67-11 
한식,청화,강원특별자치도 춘천시 동내면 거두리 1020-6 
분식,보름달타코야끼,강원특별자치도 춘천시 요선동 8-9 
한식,강산식당,강원특별자치도 춘천시 죽림동 32 제일백화점 
경양식,래우니(Reawoony),강원특별자치도 춘천시 석사동 741-1 
기타,모카옌1878,강원특별자치도 춘천시 소양로4가 108-6 
한식,룡의부활,강원특별자치도 춘천시 교동 117-1 (1층) 
기타,미스터봉,강원특별자치도 춘천시 조양동 50-12 
식육(숯불구이),선이네삼다돈,강원특별자치도 춘천시 퇴계동 885-4 (1층) 
한식,일산식당,강원특별자치도 춘천시 요선동 10-1 
기타,와이파이전,강원특별자치도 춘천시 동내면 거두리 964-2 
기타,주식회사 더존비즈온,강원특별자치도 춘천시 남산면 수동리 749 
분식,옛맛스넥,강원특별자치도 춘천시 죽림동 159 1층 
탕류(보신용),자미왕갈비해장국,강원특별자치도 춘천시 석사동 940-3 (1층) 
경양식,그레이존,강원특별자치도 춘천시 석사동 767-1 
한식,전주콩나물국밥장학점,강원특별자치도 춘천시 동면 장학리 1007-2 
분식,오복만두,강원특별자치도 춘천시 온의동 515-4 
한식,삼시세끼,강원특별자치도 춘천시 효자동 686-4 1층 
까페,강촌리 이백이십육-육(226-6),강원특별자치도 춘천시 남산면 강촌리 226-6 
기타,데일리,강원특별자치도 춘천시 석사동 813 현대아파트 
한식,우두밥,강원특별자치도 춘천시 우두동 1057-1 
중국식,장호덕손만두,강원특별자치도 춘천시 후평동 703-4 
기타,셰프의연어,강원특별자치도 춘천시 후평동 795-8 
분식,고향스넥,강원특별자치도 춘천시 교동 93-157 
기타,반게반게,강원특별자치도 춘천시 삼천동 38-1 
기타,골목횟집,강원특별자치도 춘천시 후평동 728-2 
기타,보라시골,강원특별자치도 춘천시 서면 당림리 55-2 
기타,느린밀,강원특별자치도 춘천시 동내면 거두리 779-9 
기타,송비카페,강원특별자치도 춘천시 약사동 129-1 
기타,커피나인아이엠씨,강원특별자치도 춘천시 동면 장학리 139-165 
경양식,춘천파스타필라프양식더키친,강원특별자치도 춘천시 퇴계동 529-1 
탕류(보신용),어쩌다감자탕,강원특별자치도 춘천시 퇴계동 956-6 
한식,모두의부엌 춘천,강원특별자치도 춘천시 운교동 183 동부시장현대아파트 
기타,휴게소춘천점,강원특별자치도 춘천시 효자동 618-2 
탕류(보신용),나능이능이버섯백숙우두점,강원특별자치도 춘천시 우두동 885 
한식,지암산장,강원특별자치도 춘천시 사북면 지암리 516 
식육(숯불구이),도깨비밥상,강원특별자치도 춘천시 효자동 40-6 
통닭(치킨),더치킨버켓,강원특별자치도 춘천시 퇴계동 423-5 (1호) 
까페,바바블랙쉽,강원특별자치도 춘천시 퇴계동 395-52 
중국식,청년반점후평점,강원특별자치도 춘천시 후평동 24-11 
한식,낭만국시,강원특별자치도 춘천시 죽림동 11-17 
한식,비에이치씨치킨춘천동산점,강원특별자치도 춘천시 동산면 조양리 352-2 
일식,유하,강원특별자치도 춘천시 죽림동 189 
한식,온의주택,강원특별자치도 춘천시 온의동 538-3 
한식,자옥이네,강원특별자치도 춘천시 소양로1가 95-10 
한식,갯벌의조개춘천장학점,강원특별자치도 춘천시 동면 장학리 995 
한식,오월학교새둥지,강원특별자치도 춘천시 약사동 94-5 
한식,호수식당,강원특별자치도 춘천시 북산면 청평리 667-1 
한식,요선수다방,강원특별자치도 춘천시 요선동 14-4 
한식,산모퉁이,강원특별자치도 춘천시 동면 지내리 531-2 
까페,믹스,강원특별자치도 춘천시 퇴계동 1191-1 
한식,귀한족발,강원특별자치도 춘천시 우두동 1065-8 
까페,어반스트릿컨템포러리,강원특별자치도 춘천시 동내면 거두리 1113-6 
기타,춘천장어직판장,강원특별자치도 춘천시 동면 만천리 420 
분식,꽃님이분식,강원특별자치도 춘천시 후평동 67-54 
분식,기대만족춘천점,강원특별자치도 춘천시 효자동 626-10 
한식,돈가스와우동,강원특별자치도 춘천시 남산면 창촌리 73-3 
중국식,개골짬뽕,강원특별자치도 춘천시 운교동 185 
기타,61,강원특별자치도 춘천시 효자동 709-7 
식육(숯불구이),애니닭갈비,강원특별자치도 춘천시 서면 현암리 398 
한식,삼광식당,강원특별자치도 춘천시 효자동 675 
탕류(보신용),마산집,강원특별자치도 춘천시 동면 만천리 574-9 
호프/통닭,자담치킨후평점,강원특별자치도 춘천시 후평동 683 
분식,긱스피자춘천점,강원특별자치도 춘천시 효자동 150-10 
한식,방가네소고기국밥춘천퇴계점,강원특별자치도 춘천시 퇴계동 907 
한식,팔도막국수,강원특별자치도 춘천시 동면 만천리 903 
식육(숯불구이),은영이네,강원특별자치도 춘천시 석사동 705-18 
한식,식감,강원특별자치도 춘천시 남산면 광판리 794-12 
기타,제이제이식당,강원특별자치도 춘천시 효자동 626-4 
호프/통닭,지젤,강원특별자치도 춘천시 효자동 629-2 
기타,춘천로81,강원특별자치도 춘천시 약사동 151-6 
기타,센트럴,강원특별자치도 춘천시 근화동 711-4 
식육(숯불구이),명동일번지닭갈비,강원특별자치도 춘천시 조양동 131-3 외8필지 
한식,소양강다슬기전문점,강원특별자치도 춘천시 조양동 63-1 
정종/대포집/소주방,동양관,강원특별자치도 춘천시 퇴계동 1137 
호프/통닭,이쁜이 소주방,강원특별자치도 춘천시 효자동 652-6 (2동) 
한식,이모네칼국수,강원특별자치도 춘천시 석사동 911-1 
한식,얌샘김밥춘천하이테크타워점,강원특별자치도 춘천시 후평동 558-1 
한식,옛날시골밥상,강원특별자치도 춘천시 후평동 869-4 
기타,샵샵,강원특별자치도 춘천시 죽림동 189 브라운가 
기타,몬스터오리,강원특별자치도 춘천시 죽림동 32 제일백화점 
기타,블루몽크,강원특별자치도 춘천시 봉의동 22-2 
한식,학곡다슬기장칼국수,강원특별자치도 춘천시 동내면 거두리 952-13 
한식,윤실식당,강원특별자치도 춘천시 근화동 286-11 
감성주점,쉐도우,"강원특별자치도 춘천시 효자동 628-13 (3동,3층) "
기타,예와생스튜디오카페,강원특별자치도 춘천시 동면 지내리 407 
한식,거두리박대감,강원특별자치도 춘천시 동내면 거두리 958-6 1층 
한식,서민막국수춘천점,강원특별자치도 춘천시 우두동 1111-3 
한식,순수푸드딜리버리,강원특별자치도 춘천시 효자동 618-19 
한식,올미옻닭집,강원특별자치도 춘천시 신동 362-3 
기타,나비야,강원특별자치도 춘천시 서면 서상리 1054 
정종/대포집/소주방,송탄부대찌개강촌점,강원특별자치도 춘천시 남산면 방곡리 135-4 
정종/대포집/소주방,돗대골뱅이,강원특별자치도 춘천시 요선동 8-7 
중국식,금두수제훈둔,강원특별자치도 춘천시 효자동 174-55 
식육(숯불구이),한잔해,강원특별자치도 춘천시 동내면 거두리 950-8 
기타,롤링파스타춘천명동점,강원특별자치도 춘천시 중앙로2가 2 
분식,우두마차,강원특별자치도 춘천시 우두동 1065-4 
정종/대포집/소주방,우두1번지,강원특별자치도 춘천시 우두동 1096-2 
일식,하에르화랑,강원특별자치도 춘천시 동내면 거두리 950-9 
기타,최가네해장국본점,강원특별자치도 춘천시 소양로1가 101-15 
중국식,해물화짬뽕,강원특별자치도 춘천시 후평동 686-2 
식육(숯불구이),동대문곱창,강원특별자치도 춘천시 후평동 690-2 
기타,카페롭(LOB),강원특별자치도 춘천시 남면 후동리 266-14 
기타,일신온열찜질카페,강원특별자치도 춘천시 우두동 742-1 두미르마을 
한식,큰손양대창곱창구이,강원특별자치도 춘천시 석사동 915-6 (1층) 
한식,전주오리집,강원특별자치도 춘천시 서면 서상리 616 
기타,마실자리,강원특별자치도 춘천시 동내면 거두리 946-4 
정종/대포집/소주방,온의상회,강원특별자치도 춘천시 온의동 73-25 
식육(숯불구이),화신매운갈비찜,강원특별자치도 춘천시 동내면 거두리 954-3 
한식,칠전부대찌개,강원특별자치도 춘천시 칠전동 605-9 
한식,조부자매운순대가춘천점,강원특별자치도 춘천시 퇴계동 471-10 
한식,광장집,강원특별자치도 춘천시 운교동 185-5 
호프/통닭,포대인대구막창,강원특별자치도 춘천시 우두동 1117-3 
기타,토끼굴뮤직타운,강원특별자치도 춘천시 효자동 652-3 
기타,명륜진사갈비거두사거리점,강원특별자치도 춘천시 동내면 거두리 912-1 
통닭(치킨),이경규돈치킨(거두점),강원특별자치도 춘천시 동내면 거두리 954-14 
한식,곰소젓갈밥상,강원특별자치도 춘천시 효자동 590-48 
중국식,초원가거두리점,강원특별자치도 춘천시 동내면 거두리 1090-3 
식육(숯불구이),왁자지껄뒷고기집,강원특별자치도 춘천시 후평동 798-7 
분식,후떡볶이,강원특별자치도 춘천시 효자동 628-10 
탕류(보신용),김가네왕갈비탕,강원특별자치도 춘천시 남산면 서천리 35-1 
한식,찬수보쌈,강원특별자치도 춘천시 온의동 148-4 
식육(숯불구이),유미닭갈비,강원특별자치도 춘천시 조양동 51-9 
분식,장모집,강원특별자치도 춘천시 온의동 29-3 
기타,피제이,강원특별자치도 춘천시 석사동 707 
한식,온기력장어,강원특별자치도 춘천시 신동면 증리 715-13 
기타,비어하우스,강원특별자치도 춘천시 석사동 666-14 
한식,청해생선전문점,강원특별자치도 춘천시 동면 만천리 816-9 
분식,딜리버리프렌즈,강원특별자치도 춘천시 교동 137-1 
중국식,손차이,강원특별자치도 춘천시 석사동 880-3 
한식,주식회사이찬,강원특별자치도 춘천시 동면 장학리 427-1 
호프/통닭,호반기사식당,강원특별자치도 춘천시 퇴계동 1159-2 
한식,효자누룽지백숙,강원특별자치도 춘천시 효자동 465-13 
기타,태양부양꼬치거두직영점,강원특별자치도 춘천시 동내면 거두리 716-15 
기타,쿠잉(Cafe cooing),강원특별자치도 춘천시 칠전동 622-8 
기타,국밥참맛있는집춘천퇴계점,강원특별자치도 춘천시 퇴계동 907 
분식,오니김밥,강원특별자치도 춘천시 온의동 526-4 
라이브카페,여우내꺼7080라이브,강원특별자치도 춘천시 퇴계동 1153-3 2층 
한식,산골콩손두부,강원특별자치도 춘천시 동면 만천리 575-3 
일식,황금어장,강원특별자치도 춘천시 석사동 736-4 (1층) 
한식,맷돌막국수,강원특별자치도 춘천시 칠전동 639-1 (1층) 
한식,소담한줄,강원특별자치도 춘천시 우두동 1065-2 
정종/대포집/소주방,맛똥삼춘천퇴계점,강원특별자치도 춘천시 퇴계동 1145-6 
한식,딜리버리춘천점,강원특별자치도 춘천시 교동 156-1 
기타,네이처푸드테라스,강원특별자치도 춘천시 남산면 광판리 1193 
기타,부추집본가,강원특별자치도 춘천시 후평동 801-1 
중국식,천미향,강원특별자치도 춘천시 우두동 457-1 
기타,해성장어,강원특별자치도 춘천시 남산면 강촌리 428-4 
식육(숯불구이),고기왕김육즙,강원특별자치도 춘천시 퇴계동 1170-6 
한식,성심식당,강원특별자치도 춘천시 효자동 710-14 
한식,마을집,강원특별자치도 춘천시 효자동 749-14 
한식,강촌해장국후평점,강원특별자치도 춘천시 후평동 229-17 
기타,피자꾼춘천점,강원특별자치도 춘천시 후평동 838-5 
기타,카페올리브,강원특별자치도 춘천시 효자동 669-12 
기타,분덕스,강원특별자치도 춘천시 남산면 광판리 794-14 
한식,김가네가마솥순대국,강원특별자치도 춘천시 남산면 창촌리 74-24 1층 
호프/통닭,운교동호프,강원특별자치도 춘천시 운교동 182 
분식,해바라기,강원특별자치도 춘천시 운교동 188-8 
탕류(보신용),복대복소한마리곰탕,강원특별자치도 춘천시 신북읍 율문리 37-75 
식육(숯불구이),다릿골소나무,강원특별자치도 춘천시 석사동 733-18 
중국식,마라쿵푸,강원특별자치도 춘천시 온의동 15-1 
식육(숯불구이),봉봉닭갈비막국수,강원특별자치도 춘천시 동내면 거두리 950-1 
분식,아리랑떡볶이,강원특별자치도 춘천시 석사동 662 
정종/대포집/소주방,좋은친구들,강원특별자치도 춘천시 후평동 847-4 
식육(숯불구이),원조중앙닭갈비,강원특별자치도 춘천시 남산면 강촌리 338-2 
경양식,진스키친,강원특별자치도 춘천시 교동 93-28 
기타,핵밥 춘천 장학점,강원특별자치도 춘천시 동면 장학리 1005-5 
기타,카페WLCM,강원특별자치도 춘천시 효자동 303-14 
한식,임사부국밥&냉면,강원특별자치도 춘천시 사농동 158-1 현대아파트 
기타,꼬꼬닭발,강원특별자치도 춘천시 사농동 46-15 
식육(숯불구이),앞마당숯불갈비,강원특별자치도 춘천시 퇴계동 1146-2 
한식,백령밥집,강원특별자치도 춘천시 후평동 67-50 
분식,봉실스넥2,강원특별자치도 춘천시 효자동 631-13 (3동) 
통닭(치킨),맥시칸양념치킨신북점,강원특별자치도 춘천시 신북읍 율문리 300-32 
한식,한우마을,강원특별자치도 춘천시 동면 만천리 798-7 
호프/통닭,포차이태원,강원특별자치도 춘천시 후평동 804-19 
김밥(도시락),김밥천국,강원특별자치도 춘천시 운교동 206-8 
기타,펍앤바449st,강원특별자치도 춘천시 동면 장학리 1004-1 
식육(숯불구이),돈돈,강원특별자치도 춘천시 퇴계동 1146 
중국식,라사천,강원특별자치도 춘천시 효자동 661-16 
한식,세경옛날순대국,강원특별자치도 춘천시 후평동 845-1 1동 
호프/통닭,화톳불,강원특별자치도 춘천시 후평동 882-7 
중국식,신해물뚝배기짬뽕,강원특별자치도 춘천시 후평동 753-5 
한식,요리가,강원특별자치도 춘천시 소양로2가 172-1 신동아아파트 
기타,백일칼국수춘천우두점,강원특별자치도 춘천시 우두동 684-12 
기타,인올아웃커피,강원특별자치도 춘천시 신북읍 천전리 12-7 
기타,베이크베니,강원특별자치도 춘천시 퇴계동 904-4 
식육(숯불구이),춘천냉면(금계),강원특별자치도 춘천시 석사동 769-8 
한식,봄내가든,강원특별자치도 춘천시 서면 덕두원리 164-2 
경양식,엠브로돈까스춘천후평점,강원특별자치도 춘천시 후평동 67-73 
한식,솔솥춘천점,강원특별자치도 춘천시 퇴계동 1165-1 
식육(숯불구이),꼬들집,강원특별자치도 춘천시 퇴계동 423-6 
한식,광식,강원특별자치도 춘천시 퇴계동 1085 
기타,해두리치킨 명동점,강원특별자치도 춘천시 요선동 201 
한식,옻나무집,강원특별자치도 춘천시 동산면 군자리 145 
한식,평천식당,강원특별자치도 춘천시 남산면 서천리 254-2 
기타,아글라오네마,강원특별자치도 춘천시 후평동 689-3 
한식,양지말,강원특별자치도 춘천시 서면 방동리 1180 
한식,촌닭집,강원특별자치도 춘천시 동면 장학리 614-6 
정종/대포집/소주방,남춘천맛집,강원특별자치도 춘천시 퇴계동 873-1 
통닭(치킨),교촌치킨신사우동점,강원특별자치도 춘천시 우두동 1052-29 
패스트푸드,명품임실피자(후평.교동점),강원특별자치도 춘천시 교동 15-3 
기타,우드바이브스와히어리,강원특별자치도 춘천시 신동면 증리 562-15 
한식,이음유통,강원특별자치도 춘천시 후평동 842-5 
한식,콩쥐네순두부,강원특별자치도 춘천시 후평동 378-12 1동 
기타,육회바른연어춘천한숲시티점,강원특별자치도 춘천시 퇴계동 1240 e편한세상 춘천 한숲시티 
한식,반마리닭국수(후평점),강원특별자치도 춘천시 후평동 724-22 
기타,따봉곱창순대,강원특별자치도 춘천시 석사동 682-1 석사신우아파트 
한식,임부택감자탕해장국,강원특별자치도 춘천시 우두동 1066-5 
기타,카페프리비아(cafe PRIVIA),강원특별자치도 춘천시 효자동 657-16 
한식,황가네생선나라,강원특별자치도 춘천시 동면 만천리 301-1 
분식,김투더밥(김 to the 밥),강원특별자치도 춘천시 퇴계동 1085 
한식,우이락춘천후평점,강원특별자치도 춘천시 후평동 838-2 
한식,시간속의자유,강원특별자치도 춘천시 근화동 264-28 
중국식,동춘관,강원특별자치도 춘천시 후평동 683-15 
정종/대포집/소주방,포차1번지먹새통강대후문점,강원특별자치도 춘천시 효자동 767-2 
한식,꿀돼지김치찌개,강원특별자치도 춘천시 동내면 거두리 990-4 1층 
한식,엄마손맛,강원특별자치도 춘천시 운교동 206-12 
한식,산골감자탕,강원특별자치도 춘천시 퇴계동 49-3 J동 
한식,아침밥상,강원특별자치도 춘천시 후평동 848-6 
한식,스프링베일리조트,강원특별자치도 춘천시 동면 만천리 27-1 외1필지(1층) 
정종/대포집/소주방,미빠2,강원특별자치도 춘천시 효자동 628-8 
한식,황골막국수,강원특별자치도 춘천시 후평동 698-6 
한식,이가네맛집,강원특별자치도 춘천시 후평동 871-7 
호프/통닭,수옛날통닭우두점,강원특별자치도 춘천시 우두동 1051-3 
정종/대포집/소주방,청춘포차,강원특별자치도 춘천시 석사동 704-1 
일식,연미당,강원특별자치도 춘천시 동내면 거두리 1022-7 
한식,낙원한우,강원특별자치도 춘천시 운교동 185-5 
한식,아바이순대국,강원특별자치도 춘천시 교동 154 
한식,강촌토종닭갈비,강원특별자치도 춘천시 남산면 강촌리 250-1 
통닭(치킨),비에이치씨춘천퇴계사랑점,강원특별자치도 춘천시 퇴계동 903-9 
한식,율문리(후평동2호점),강원특별자치도 춘천시 신북읍 율문리 565-1 
한식,북촌손만두춘천한림대점,강원특별자치도 춘천시 후평동 855-5 
패스트푸드,부리또인강원대점,강원특별자치도 춘천시 효자동 632-1 (3동 1층) 
기타,원(ONE),강원특별자치도 춘천시 효자동 625-9 
정종/대포집/소주방,샹츠마라강원대점,강원특별자치도 춘천시 효자동 628-11 
한식,로칼춘천점,강원특별자치도 춘천시 효자동 603-7 
기타,콩스키친,강원특별자치도 춘천시 운교동 184-5 
중국식,마라깨비마라탕&마라샹궈춘천점,강원특별자치도 춘천시 효자동 608-25 
정종/대포집/소주방,명가막창춘천후평점,강원특별자치도 춘천시 후평동 836-14 
한식,백종원의원조쌈밥집춘천석사점,강원특별자치도 춘천시 석사동 878-3 
탕류(보신용),욜로미미사양꼬치냉면,강원특별자치도 춘천시 동내면 거두리 982-6 
기타,라토피아(La Topia),강원특별자치도 춘천시 근화동 154-7 
기타,해피다이너,강원특별자치도 춘천시 신북읍 율문리 553-3 
식육(숯불구이),서산할매묵은지김치찜춘천점,강원특별자치도 춘천시 퇴계동 905-9 
한식,정족리곤드레밥집,강원특별자치도 춘천시 신동면 정족리 685 
기타,바오밥나무는그리움이래,강원특별자치도 춘천시 요선동 184-5 
한식,꾸석지돌판한우온의점,강원특별자치도 춘천시 온의동 52-7 
기타,감동피자춘천명동점,강원특별자치도 춘천시 죽림동 28-8 
기타,따끈상회,강원특별자치도 춘천시 석사동 980 
한식,티하우스블름,강원특별자치도 춘천시 후평동 717-6 
감성주점,레드립(Red Lip),강원특별자치도 춘천시 석사동 907-10 (1층) 
분식,불닭발동대문엽기떡볶이석사점,강원특별자치도 춘천시 석사동 888-1 스타플러스빌딩203호(2층) 
식육(숯불구이),나눔화로숯불구이,강원특별자치도 춘천시 효자동 661-13 
"외국음식전문점(인도,태국등)",우즈만UZMAN,강원특별자치도 춘천시 효자동 159-37 
경양식,아재돈까스우두점,강원특별자치도 춘천시 우두동 709-7 
기타,태평소우두점,강원특별자치도 춘천시 사농동 52-1 
한식,우이락춘천퇴계점,강원특별자치도 춘천시 퇴계동 1151-2 
기타,콘파티,강원특별자치도 춘천시 후평동 688-4 
경양식,덕수파스타춘천퇴계점,강원특별자치도 춘천시 퇴계동 529-34 
중국식,지중해,강원특별자치도 춘천시 동면 지내리 236-4 
식육(숯불구이),종가숯불닭갈비,강원특별자치도 춘천시 퇴계동 627-4 
분식,토종한우곱창,강원특별자치도 춘천시 중앙로3가 23-55 
분식,원조짱구,강원특별자치도 춘천시 퇴계동 86-2 1층 
탕류(보신용),호반한우소갈비살,강원특별자치도 춘천시 퇴계동 968-8 
한식,정현도토리임자탕,강원특별자치도 춘천시 동내면 거두리 962-2 
한식,해신탕능이마을,강원특별자치도 춘천시 근화동 741 1층 
식육(숯불구이),거두리가보자순대국,강원특별자치도 춘천시 동내면 거두리 771 
기타,언니네뒷고기,강원특별자치도 춘천시 후평동 702-13 
기타,깻잎두마리치킨,강원특별자치도 춘천시 후평동 742-9 
기타,도스마스강대점,강원특별자치도 춘천시 효자동 176-47 
정종/대포집/소주방,힐링퓨전요리,강원특별자치도 춘천시 석사동 666-14 
중국식,청년반점,강원특별자치도 춘천시 퇴계동 593-24 
횟집,활어당거두점,강원특별자치도 춘천시 동내면 거두리 1083 
기타,플로리나(Florina),강원특별자치도 춘천시 후평동 797-2 
한식,원유통슈퍼키친퇴계점,강원특별자치도 춘천시 퇴계동 916-2 퇴계현대1차아파트 
한식,진주밥상,강원특별자치도 춘천시 교동 156-28 
한식,전주식콩나물국밥시루향기,강원특별자치도 춘천시 동내면 학곡리 306-45 
식육(숯불구이),봄내족발,강원특별자치도 춘천시 근화동 291-1 
식육(숯불구이),학곡리막국수닭갈비,강원특별자치도 춘천시 석사동 116-32 
한식,조부자순대국(강대점),강원특별자치도 춘천시 효자동 628-1 
까페,산타아나,강원특별자치도 춘천시 동내면 거두리 1121-2 (1층) 
통닭(치킨),맘스터치강촌점,강원특별자치도 춘천시 남산면 강촌리 239-22 
분식,불닭발땡초동대문엽기떡볶이춘천후평점,강원특별자치도 춘천시 후평동 693-11 
기타,강가,강원특별자치도 춘천시 우두동 1056-4 
기타,천하치킨,강원특별자치도 춘천시 소양로2가 172-1 신동아아파트 
한식,킹왕짱쪽갈비,강원특별자치도 춘천시 동내면 거두리 952-6 
기타,스마일커피,강원특별자치도 춘천시 근화동 160-10 
한식,그랑셰프(클럽하우스),강원특별자치도 춘천시 남산면 백양리 29-1 
한식,그늘집(레이크스타트하우스),강원특별자치도 춘천시 남산면 백양리 29-1 
한식,풍년식당,강원특별자치도 춘천시 석사동 832-3 
한식,탑골가든,강원특별자치도 춘천시 남산면 광판리 351 
중국식,도원뚝배기짬뽕,강원특별자치도 춘천시 남산면 강촌리 676-11 
호프/통닭,타임,강원특별자치도 춘천시 후평동 838-11 
한식,미나네,강원특별자치도 춘천시 후평동 689-25 
통닭(치킨),림스치킨춘천1호점,강원특별자치도 춘천시 후평동 832-9 
한식,정가네,강원특별자치도 춘천시 동내면 고은리 214-2 
한식,골목해장국,강원특별자치도 춘천시 후평동 429-22 
한식,돼지두마리,강원특별자치도 춘천시 후평동 804-10 
한식,평화불고기,강원특별자치도 춘천시 후평동 72-1 
횟집,마지막회,강원특별자치도 춘천시 동내면 거두리 968-3 
기타,퇴계로93,강원특별자치도 춘천시 퇴계동 1089 
기타,피맥하우스춘천점,강원특별자치도 춘천시 퇴계동 1155-4 
한식,고향엄마네손맛,강원특별자치도 춘천시 운교동 188-8 
기타,진가네왕족발,강원특별자치도 춘천시 운교동 177-6 
기타,훈연고기,강원특별자치도 춘천시 후평동 684-14 
호프/통닭,기영이 숯불두마리치킨 춘천퇴계점,강원특별자치도 춘천시 퇴계동 1036-2 퇴계8단지주공아파트상가 
기타,넘버25호텔남춘천점,강원특별자치도 춘천시 효자동 305-46 
한식,라스트춘선춘천점,강원특별자치도 춘천시 후평동 801-5 
한식,아줌마숯불갈비,강원특별자치도 춘천시 후평동 704-7 (1동1층) 
한식,국시집,강원특별자치도 춘천시 죽림동 11-101 
분식,충무김밥나라,강원특별자치도 춘천시 온의동 120-1 (1층) 
기타,한상가득거두점,강원특별자치도 춘천시 동내면 거두리 958-9 
한식,산골손칼국수,강원특별자치도 춘천시 석사동 705-10 
한식,만점,강원특별자치도 춘천시 퇴계동 395-28 
기타,카페오픈,강원특별자치도 춘천시 요선동 15-3 
한식,봉의소뼈해장국,강원특별자치도 춘천시 후평동 704-10 
중국식,골드차이나,강원특별자치도 춘천시 퇴계동 961-8 
분식,낭만국시별관2호점,강원특별자치도 춘천시 죽림동 11-118 
기타,향온테라스,강원특별자치도 춘천시 사북면 송암리 509-12 
한식,울산생아구찜,강원특별자치도 춘천시 석사동 951-3 
한식,담청,강원특별자치도 춘천시 동내면 거두리 660-5 
한식,이창훈가마솥곰탕,강원특별자치도 춘천시 칠전동 265-1 
한식,부원작은별관,강원특별자치도 춘천시 퇴계동 156-17 
기타,보니타샌드위치,강원특별자치도 춘천시 효자동 744-14 
한식,참맛부흥닭갈비,강원특별자치도 춘천시 효자동 625-5 
한식,야화혼술바춘천점,강원특별자치도 춘천시 후평동 802-12 
식육(숯불구이),고대장고기식단춘천점,강원특별자치도 춘천시 후평동 813-7 
기타,인터스텔라일마래,강원특별자치도 춘천시 남면 후동리 172-8 
김밥(도시락),코끼리김밥,강원특별자치도 춘천시 석사동 667-8 
횟집,회양횟집셋째네,강원특별자치도 춘천시 퇴계동 111-23 
기타,커피홀의암스카이워크점,강원특별자치도 춘천시 칠전동 460-1 
한식,춘월집,강원특별자치도 춘천시 근화동 713-1 
한식,서부보리밥,강원특별자치도 춘천시 소양로2가 165-3 
한식,마운틴,강원특별자치도 춘천시 동산면 군자리 산 73-1 외249 
한식,맛있는생선요리집,강원특별자치도 춘천시 후평동 794-2 
한식,진초방,강원특별자치도 춘천시 사농동 75-11 
통닭(치킨),멕시칸치킨만천점,강원특별자치도 춘천시 후평동 746-9 
한식,토우빈대떡,강원특별자치도 춘천시 후평동 704-4 
한식,사유식당,강원특별자치도 춘천시 조양동 3-26 
한식,9우미닭갈비,강원특별자치도 춘천시 후평동 847-3 
중국식,중화요리 궁,강원특별자치도 춘천시 우두동 410-4 
한식,시민닭갈비,강원특별자치도 춘천시 석사동 696-7 
한식,소양강숯불오리,강원특별자치도 춘천시 효자동 547 
중국식,룽타우,강원특별자치도 춘천시 효자동 147-21 
한식,오봉식당,강원특별자치도 춘천시 북산면 청평리 산 188-1 
한식,소양강휴게소,강원특별자치도 춘천시 북산면 청평리 산 205-3 (1층~2층) 
통닭(치킨),노랑통닭후평점,강원특별자치도 춘천시 후평동 427 현대2차상가 101호
한식,공심원,강원특별자치도 춘천시 남산면 방하리 197 
식육(숯불구이),고드래미족발,강원특별자치도 춘천시 퇴계동 86-2 
호프/통닭,투다리강대점,강원특별자치도 춘천시 효자동 산 7-8 
식육(숯불구이),봉수닭갈비2층,강원특별자치도 춘천시 효자동 626-14 2층 
한식,금대골,강원특별자치도 춘천시 동면 만천리 60 (3리) 
호프/통닭,맘스터치춘천석사CGV점,강원특별자치도 춘천시 석사동 880-4 (102호) 
기타,다락방,강원특별자치도 춘천시 효자동 626-5 
한식,신아리랑,강원특별자치도 춘천시 후평동 706-11 
한식,시골보리밥,"강원특별자치도 춘천시 신북읍 율문리 553-39 ,553-17 "
한식,곱곱창구이,강원특별자치도 춘천시 동내면 거두리 958-8 
한식,충북집,강원특별자치도 춘천시 죽림동 11-72 
한식,우미닭갈비본점,강원특별자치도 춘천시 조양동 50-4 
식육(숯불구이),원조숯불닭불고기집,강원특별자치도 춘천시 중앙로2가 70 
한식,조부자매운순대가퇴계점,강원특별자치도 춘천시 퇴계동 1159-2 
기타,마라홀릭마라탕퇴계석사점,강원특별자치도 춘천시 석사동 880-4 (프라임타워 112호) 
한식,산촌흑염소,강원특별자치도 춘천시 석사동 907-6 (지상1층) 
한식,굴마을춘천강남점,강원특별자치도 춘천시 온의동 518-1 (1층) 
중국식,롱타우객잔,강원특별자치도 춘천시 석사동 802-2 
한식,이모네식당,강원특별자치도 춘천시 소양로2가 177-18 
한식,싸다아구찜앤탕,강원특별자치도 춘천시 석사동 771-8 
한식,조부자매운순대가CGV점,강원특별자치도 춘천시 석사동 885-3 넥서스프라자 104호
한식,김유정역닭갈비,강원특별자치도 춘천시 신동면 증리 938-19 나동 
까페,닥터빈스,강원특별자치도 춘천시 서면 금산리 495-7 
횟집,해돋이,강원특별자치도 춘천시 후평동 724-3 
한식,도원강,강원특별자치도 춘천시 퇴계동 968-2 
한식,머슴빱,강원특별자치도 춘천시 우두동 198-7 
정종/대포집/소주방,59년왕십리,강원특별자치도 춘천시 후평동 845-1 세경3차@상가 102호
한식,쭌이네생모듬구이,강원특별자치도 춘천시 석사동 734-15 
한식,레이크,강원특별자치도 춘천시 동산면 군자리 산 73-1 외 249 
분식,우리동네돈까스,강원특별자치도 춘천시 동내면 거두리 974-1 
기타,헬로데일리그린,강원특별자치도 춘천시 낙원동 62-5 
통닭(치킨),오마이치킨(우두점),"강원특별자치도 춘천시 우두동 1066-22 (1층,우측) "
한식,박만배아리랑보쌈 춘천거두점,강원특별자치도 춘천시 동내면 거두리 1113-4 
분식,신전떡볶이후평점,강원특별자치도 춘천시 후평동 79-2 
한식,토속순대국,강원특별자치도 춘천시 남산면 창촌리 50-2 
식육(숯불구이),고기마을,강원특별자치도 춘천시 동면 장학리 96-1 
한식,남부해장국,강원특별자치도 춘천시 퇴계동 1183-1 
기타,커피첼리비파파,강원특별자치도 춘천시 우두동 1057-4 
한식,주전자,강원특별자치도 춘천시 석사동 927-3 
기타,춘천두레소비자생활협동조합,강원특별자치도 춘천시 동내면 거두리 933-2 
한식,정무네두부,강원특별자치도 춘천시 동면 감정리 427 
한식,강촌막국수,강원특별자치도 춘천시 남산면 강촌리 241-3 
한식,실비집,강원특별자치도 춘천시 사북면 지촌리 432-4 
한식,대정식당,강원특별자치도 춘천시 사북면 지촌리 431-10 
중국식,천미향,강원특별자치도 춘천시 운교동 138-13 
한식,맛띠아피자,강원특별자치도 춘천시 신북읍 천전리 39-4 
한식,가보자순대국,강원특별자치도 춘천시 신북읍 율문리 909-9 
한식,우리해장국,강원특별자치도 춘천시 석사동 765-2 (1층) 
기타,스노우가든,강원특별자치도 춘천시 남산면 백양리 산 1-2 
한식,라데나골프클럽3,강원특별자치도 춘천시 신동면 정족리 1007-1 
정종/대포집/소주방,땡촌닭발우두점,강원특별자치도 춘천시 우두동 1066-11 
기타,강가에닭갈비(강가에포차),강원특별자치도 춘천시 남산면 서천리 689 
기타,장호덕 손만두,강원특별자치도 춘천시 퇴계동 1112 
정종/대포집/소주방,후평광장냠냠숯불두마리치킨,강원특별자치도 춘천시 후평동 702-7 
한식,고려산장,강원특별자치도 춘천시 북산면 청평리 산 188-1 
한식,백암토종순대,강원특별자치도 춘천시 우두동 1095 
분식,늘푸른분식,강원특별자치도 춘천시 효자동 759-28 
한식,옹장골관광농원,강원특별자치도 춘천시 남면 후동리 200 
호프/통닭,호야네,강원특별자치도 춘천시 후평동 801-12 
한식,순삭곱창춘천점,강원특별자치도 춘천시 석사동 818-14 
정종/대포집/소주방,꿈꾸는포차,강원특별자치도 춘천시 후평동 804-11 
한식,원주추어탕,강원특별자치도 춘천시 퇴계동 871-1 1층 
한식,길모퉁이,강원특별자치도 춘천시 근화동 287-1 
한식,글로리아,강원특별자치도 춘천시 후평동 855-12 
한식,달콤한삼겹살온의점,강원특별자치도 춘천시 온의동 82-12 
한식,처음처럼벼리네,강원특별자치도 춘천시 서면 오월리 97-55 외1필지 1층 
기타,고니아커피(GONIA COFFEE),강원특별자치도 춘천시 동내면 거두리 954-16 
식육(숯불구이),일미흑염소,강원특별자치도 춘천시 남산면 창촌리 610-17 
한식,밥짓는마을,강원특별자치도 춘천시 중앙로2가 25 
한식,오너스골프클럽티하우스투,강원특별자치도 춘천시 남산면 수동리 산 30 외 126필지 
한식,오너스골프클럽기사식당,강원특별자치도 춘천시 남산면 수동리 산 30 외 126필지 
한식,오너스골프클럽티하우스원,강원특별자치도 춘천시 남산면 수동리 산 30 외 126필지 
분식,짱만두,강원특별자치도 춘천시 퇴계동 971-2 
한식,한장금요리교실,강원특별자치도 춘천시 퇴계동 528-8 
한식,우레골황가네,강원특별자치도 춘천시 사북면 오탄리 707 
한식,낙원갈비집춘천시청점,강원특별자치도 춘천시 옥천동 42-8 
한식,풍물옹심이칼국수(후평점),강원특별자치도 춘천시 후평동 728-3 
한식,향촌식당,강원특별자치도 춘천시 우두동 1065-4 
호프/통닭,기영이숯불두마리치킨춘천후평점,강원특별자치도 춘천시 후평동 910 춘천일성트루엘더퍼스트아파트 
호프/통닭,또봉이통닭거두점,강원특별자치도 춘천시 동내면 거두리 952-7 
기타,그래도좋아회(본점),강원특별자치도 춘천시 후평동 678-15 
식육(숯불구이),황제돼지갈비만천점,강원특별자치도 춘천시 동면 만천리 871-1 
기타,어반스트릿,강원특별자치도 춘천시 동면 장학리 1001 
분식,먹고먹고떡볶이,강원특별자치도 춘천시 퇴계동 87 
한식,누나네식당,강원특별자치도 춘천시 남산면 창촌리 69-2 
호프/통닭,BHC춘천동광오거리점,강원특별자치도 춘천시 후평동 721-18 
기타,투썸플레이스춘천사농점(2),강원특별자치도 춘천시 사농동 365 
횟집,골목횟집,강원특별자치도 춘천시 우두동 1062-12 
한식,천진동석사점,강원특별자치도 춘천시 석사동 648-2 
식육(숯불구이),춘천명종닭갈비&교동면옥,강원특별자치도 춘천시 동면 만천리 676 
기타,녹색시간,강원특별자치도 춘천시 낙원동 60-4 
"외국음식전문점(인도,태국등)",77닭강정,강원특별자치도 춘천시 죽림동 11-153 
중국식,야,강원특별자치도 춘천시 효자동 628 
일식,스시니쿠후평점,강원특별자치도 춘천시 후평동 794-8 
한식,통통닭발,강원특별자치도 춘천시 석사동 742-4 
한식,짜글이미식회춘천점,강원특별자치도 춘천시 효자동 618-14 
한식,보안삼거리집,강원특별자치도 춘천시 후평동 702 나동 
한식,솥뚜껑감자탕,강원특별자치도 춘천시 후평동 95-5 
식육(숯불구이),최가네왕족발,강원특별자치도 춘천시 후평동 692-23 
한식,백제추어탕,강원특별자치도 춘천시 퇴계동 593-15 
식육(숯불구이),정모가자숯불갈비,강원특별자치도 춘천시 운교동 181-12 
한식,본마실누룽지삼계탕춘천점,강원특별자치도 춘천시 후평동 147-2 
한식,장대박,강원특별자치도 춘천시 후평동 751-13 
패스트푸드,피자헛춘천점,강원특별자치도 춘천시 소양로3가 177-3 
식육(숯불구이),79대포춘천강원대점,강원특별자치도 춘천시 효자동 628-11 
한식,감자바위,강원특별자치도 춘천시 후평동 801-9 
한식,부안막국수,강원특별자치도 춘천시 후평동 419-1 
정종/대포집/소주방,투다리근화점,강원특별자치도 춘천시 근화동 287-7 
한식,태양부양꼬치,"강원특별자치도 춘천시 석사동 888-5 (더퍼스트빌딩105,106,107호) "
한식,우미닭갈비막국수,강원특별자치도 춘천시 온의동 536-7 
한식,엄마찬스,강원특별자치도 춘천시 동면 장학리 1001-6 
한식,민가,강원특별자치도 춘천시 퇴계동 1141-2 
한식,우리형닭갈비,강원특별자치도 춘천시 칠전동 556-7 
