업태구분명,사업장명,도로명주소
기타,하프앤로프,"강원특별자치도 춘천시 명주길5번길 44, 2층 (효자동)"
호프/통닭,처갓집양념치킨퇴계점,"강원특별자치도 춘천시 행촌로32번길 16, 1층 (퇴계동)"
기타,여름밭,"강원특별자치도 춘천시 새롬공원길 22-1, 1층 (석사동)"
한식,원유통슈퍼키친춘천점,"강원특별자치도 춘천시 우두1길 100, 116동 106호 (우두동)"
한식,숙이네국밥,"강원특별자치도 춘천시 칠전서길 28-9, 1층 (칠전동)"
한식,삼대삼,"강원특별자치도 춘천시 우두1길 21, 1층 101호 (우두동)"
기타,낙원별,"강원특별자치도 춘천시 낙원길 42, 1층 (중앙로2가)"
한식,사랑방,"강원특별자치도 춘천시 칠전서길 5-6, 2동 1층 (칠전동)"
한식,백반하우스,"강원특별자치도 춘천시 삭주로 126-1, 1층 101호 (후평동)"
한식,김우정춘천본점,"강원특별자치도 춘천시 벌말길 71, 1층 (석사동)"
분식,만두이섬강대정문점,"강원특별자치도 춘천시 백령로 4, 1층 102호 (효자동)"
한식,엄마장터,"강원특별자치도 춘천시 명동길29번길 7-1, 1층 (죽림동)"
분식,조이풀파크,"강원특별자치도 춘천시 안마산로 112, 1층 (퇴계동)"
한식,안녕감자,"강원특별자치도 춘천시 옛경춘로 804, 1층 (삼천동)"
기타,춘천안식원장례식장(주),"강원특별자치도 춘천시 동산면 종자리로 331-32, 지하1층"
경양식,카츠루와춘천점,강원특별자치도 춘천시 효제길 13 (효자동)
한식,더바른정국밥춘천석사점,"강원특별자치도 춘천시 새롬공원길 11, 1층 (석사동)"
한식,단천푸드,"강원특별자치도 춘천시 청운길29번길 1, 1층 (효자동)"
호프/통닭,명품치킨,"강원특별자치도 춘천시 후석로 368, 2동 1층 (후평동)"
한식,온유푸드,"강원특별자치도 춘천시 백령로 123, 지하1층 102호 (효자동)"
한식,청춘식당,"강원특별자치도 춘천시 남산면 강촌로 124, 1층"
한식,그날,"강원특별자치도 춘천시 남산면 강촌구곡길 314-1, 1층"
한식,왕산뼈다귀 잔뜩국밥,"강원특별자치도 춘천시 옛경춘로 777, 1층 (삼천동)"
호프/통닭,석이네한잔,"강원특별자치도 춘천시 우석로79번길 16-24, 1층 (석사동)"
경양식,작은숲,"강원특별자치도 춘천시 신북읍 맥국길 368-5, 1층"
기타,코끼리카페춘천점,"강원특별자치도 춘천시 서부대성로 195, 1층 (효자동)"
한식,퇴계직영점집밥연구소,"강원특별자치도 춘천시 지석로 80, 춘천시너스카펠라복합빌딩 1층 104호 (퇴계동)"
한식,집밥연구소퇴계직영점,"강원특별자치도 춘천시 지석로 80, 춘천시너스카펠라복합빌딩 1층 102,103,104호 (퇴계동)"
한식,춘천제육,"강원특별자치도 춘천시 스포츠타운길 344, 2층 (삼천동)"
기타,소양라이스랩,"강원특별자치도 춘천시 신북읍 상천3길 4, 1층 102호"
한식,오늘도곰탕,"강원특별자치도 춘천시 삭주로 6, 1층 (조양동)"
기타,춘천애견카페멍,"강원특별자치도 춘천시 춘천로269번길 8, 1층 (후평동)"
기타,붐붐,"강원특별자치도 춘천시 우묵들길 24, 3층 (퇴계동)"
한식,파스타카노밥싸다구,"강원특별자치도 춘천시 백령로 180, 2층 (후평동)"
한식,청아닭갈비춘천점,"강원특별자치도 춘천시 퇴계로 229, 1층 (석사동)"
한식,레인유통,"강원특별자치도 춘천시 후만로126번길 10-1, 1층 101호 (후평동)"
한식,돌멩이식탁,"강원특별자치도 춘천시 약사고개길41번길 12, 1층 (약사동)"
식육(숯불구이),생삼겹구루온의롯데캐슬점,"강원특별자치도 춘천시 방송길 70, 117동 1층 112호 (온의동, 온의 롯데캐슬 스카이클래스)"
기타,와인집(WINE ZIP),"강원특별자치도 춘천시 뱀내길 6, 2동 1층 (삼천동)"
한식,효소랑옹기랑,"강원특별자치도 춘천시 세실로 198, 1층 (후평동)"
한식,춘족,"강원특별자치도 춘천시 효제길 20, 1층 (효자동)"
호프/통닭,덤브치킨춘천후평점,"강원특별자치도 춘천시 후석로 342, 가동 1층 (후평동)"
한식,후평인장어,"강원특별자치도 춘천시 보안길 51, 1층 (후평동)"
기타,이디야커피춘천후석로점,"강원특별자치도 춘천시 후석로 368, 1층 (후평동)"
기타,우지커피춘천후평점,"강원특별자치도 춘천시 후석로 278, 1층 우측호 (후평동)"
한식,하우스아녹,"강원특별자치도 춘천시 동내면 대룡산길 19-29, 1층"
한식,도담장어,"강원특별자치도 춘천시 남산면 종자리로 17, 1동 1층"
호프/통닭,경강역만나치킨,"강원특별자치도 춘천시 남산면 서백길 71, 1층"
한식,전주장작불곰탕청평2호점,"강원특별자치도 춘천시 동내면 영서로 1848, 1층"
한식,강촌갈비탕,"강원특별자치도 춘천시 남면 충효로 927, 1층"
한식,문어미쳤다,"강원특별자치도 춘천시 동내면 거두택지길 41-11, 1층 103호"
한식,부대가부대찌개,"강원특별자치도 춘천시 동면 서부대성로 441-2, 1층"
기타,오늘도곱창,"강원특별자치도 춘천시 남춘천새길 8, 1층 103호 (퇴계동)"
한식,설해옥,"강원특별자치도 춘천시 뱀내길 6, 1동 1층 (삼천동)"
호프/통닭,한강치킨,강원특별자치도 춘천시 우묵길74번길 27 (퇴계동)
기타,파스타예요춘천점,"강원특별자치도 춘천시 공지로218번길 26, 1층 102호 (효자동, 효자코아루웰라움)"
탕류(보신용),푸른숲흑염소전문점,"강원특별자치도 춘천시 동면 가산로 53, 1층"
일식,초밥쟁이,"강원특별자치도 춘천시 스포츠타운길 432, 1층 108호 (삼천동)"
한식,핵밥춘천석사점,"강원특별자치도 춘천시 퇴계농공로 19, 화인프라자 1층 103호 (석사동)"
한식,까치둥지,"강원특별자치도 춘천시 동부시장길 8, 1층 83호 (운교동, 동부시장현대아파트)"
한식,소담한상초계명가,"강원특별자치도 춘천시 영서로2151번길 12, 1층 (퇴계동)"
기타,그라시아커피로스터스,"강원특별자치도 춘천시 우두5길 34-1, 1층 (우두동)"
기타,샐러리아춘천시청점,"강원특별자치도 춘천시 시청길10번길 4-2, 2동 1층 (조양동)"
한식,닭요리전문점계절,"강원특별자치도 춘천시 중앙로67번길 33, 1층 (죽림동)"
한식,암바곰탕,"강원특별자치도 춘천시 퇴계로 129-15, 1층 103,104호 (퇴계동)"
한식,정할매국물닭발,"강원특별자치도 춘천시 춘천로185번길 6-4, 1층 좌측호 (운교동)"
한식,상록회관후평점,"강원특별자치도 춘천시 춘천로 339, 1층 (후평동)"
한식,삼오식당,"강원특별자치도 춘천시 후석로393번길 10, 1층 103호 (후평동)"
한식,서기,"강원특별자치도 춘천시 금강로 123, 1,2층 (운교동)"
한식,어산가옥,"강원특별자치도 춘천시 옛경춘로 775, 1층 (삼천동)"
한식,유명식당,"강원특별자치도 춘천시 공지로 432-1, 1층 (근화동)"
기타,로지오뎅남춘천역점,"강원특별자치도 춘천시 우묵길52번길 10, 1층 4호 (퇴계동)"
기타,우지커피춘천소양스타리버점,"강원특별자치도 춘천시 모수물길 57, 상가동 B109호 (소양로2가, 더샵 소양스타리버)"
식육(숯불구이),왕의마을(주왕),"강원특별자치도 춘천시 충혼길 99, 1층 (온의동)"
기타,마라킹,"강원특별자치도 춘천시 서부대성로 130, 1층 좌측호 (운교동)"
호프/통닭,또래오래동춘천하나로마트점,"강원특별자치도 춘천시 동내면 공지로 80, 신동농협 하나로마트 1층"
한식,해븐가정식,"강원특별자치도 춘천시 삭주로 130, 1층 (후평동)"
분식,행복한우동가게춘천후평점,"강원특별자치도 춘천시 보안길 48, 1층 (후평동)"
횟집,서준수산,"강원특별자치도 춘천시 우석로4번길 63, 1층 (석사동)"
기타,소풍스낵,"강원특별자치도 춘천시 퇴계로 143, 1층 101호 (퇴계동)"
기타,군들정원,"강원특별자치도 춘천시 동산면 새술막길 7, 1층"
한식,옛남역,"강원특별자치도 춘천시 남춘로5번길 28-6, 1층 (퇴계동)"
기타,도화계,"강원특별자치도 춘천시 신북읍 신샘밭로 686, 1층"
분식,봄빛부엌,"강원특별자치도 춘천시 우두4길 29-1, 1층 (우두동)"
식육(숯불구이),금돼지삼겹살,"강원특별자치도 춘천시 안마산로 169-3, 1층 2,3호 (퇴계동)"
한식,산들가든,"강원특별자치도 춘천시 솟발1길 28, 1,2층 (퇴계동)"
일식,폴키(Porki),"강원특별자치도 춘천시 우두4길 3, 1층 (우두동)"
한식,오소미김밥,"강원특별자치도 춘천시 방송길 77, 1층 1214호 (온의동, 춘천 센트럴타워 푸르지오)"
횟집,후평동횟집임,"강원특별자치도 춘천시 후석로 262-1, 1층 (후평동)"
한식,함평순대국,"강원특별자치도 춘천시 세실로192번길 11, 1층 우측호 (후평동)"
한식,도리짱,"강원특별자치도 춘천시 행촌로32번길 5-24, 1층 (퇴계동)"
한식,낭만시대,"강원특별자치도 춘천시 보안길 19, 1층 (후평동)"
한식,꿀미네,"강원특별자치도 춘천시 보안길 18-1, 1층 (후평동)"
한식,한식김선생,"강원특별자치도 춘천시 아침길 24, 1층 (조양동)"
한식,임마마의도시락&반찬,"강원특별자치도 춘천시 춘주로 174, 상가동 1층 104-1호 (퇴계동, 그린타운아파트)"
일식,으뜸스시(춘천명동점),"강원특별자치도 춘천시 금강로 66, 1층 (조양동)"
한식,고향식당,"강원특별자치도 춘천시 삭주로94번길 13-3, 1층 (후평동)"
한식,명가,"강원특별자치도 춘천시 춘천로185번길 6-3, 1층 104호 (운교동)"
한식,남부도시락,"강원특별자치도 춘천시 효명길 7-24, 1층 (효자동)"
한식,야마도라,"강원특별자치도 춘천시 우묵길52번길 10, 1층 (퇴계동)"
기타,데이븐(Day-ven),"강원특별자치도 춘천시 춘천로296번길 20, 1층 (후평동)"
한식,쭈꾸,"강원특별자치도 춘천시 춘주로187번길 13, 1층 (퇴계동)"
한식,쭈꾸박스,"강원특별자치도 춘천시 후석로 120, 2층 210호 (석사동)"
한식,새벽해장국,"강원특별자치도 춘천시 안마산로 216, 퇴계금호타운아파트 상가동 1층 1호 (퇴계동)"
기타,리희룸,"강원특별자치도 춘천시 스무숲1길 22, 1층 (석사동)"
한식,옥돌촌,강원특별자치도 춘천시 후석로370번길 3 (후평동)
한식,구울래머글래,"강원특별자치도 춘천시 대양당길9번길 15, 1층 (후평동)"
호프/통닭,꼬방치킨,"강원특별자치도 춘천시 안마산로 213, 1층 127호 (퇴계동)"
한식,더조은명가손만두김밥봄내점,"강원특별자치도 춘천시 퇴계로 220-16, 현대아파트 106호 (석사동)"
기타,하늘흑염소,"강원특별자치도 춘천시 공지로 216, 가동 1층 (효자동)"
기타,아도베라,"강원특별자치도 춘천시 낙원길 48, 3층 (중앙로2가)"
중국식,호반중식뷔폐,"강원특별자치도 춘천시 공지로 605-6, 1층 (근화동)"
기타,치바,"강원특별자치도 춘천시 우두1길 71, 1층 (우두동)"
중국식,장꾸웨이,"강원특별자치도 춘천시 춘주로187번길 20-13 (퇴계동, 1층)"
식육(숯불구이),조약돌숯불닭갈비,"강원특별자치도 춘천시 낙원길 43 (낙원동, 1층)"
기타,코너스톤(CORNERSTONE),"강원특별자치도 춘천시 전원길 46, 1,2층 (효자동)"
한식,진본식당,"강원특별자치도 춘천시 백령로75번길 7, 상가동 101호 (효자동, 신아아파트)"
한식,원조갈비탕,"강원특별자치도 춘천시 시청길 32, 1층 110호 (조양동)"
기타,카르페,강원특별자치도 춘천시 서면 박사로 740
한식,아름다운세상,강원특별자치도 춘천시 사북면 화악지암길 782
한식,성산손칼국수,"강원특별자치도 춘천시 동면 뒷들길 4-4, 1층"
기타,감자아일랜드,"강원특별자치도 춘천시 퇴계로 18, 2층 (퇴계동)"
한식,(주)춘천장어마을삼천동,"강원특별자치도 춘천시 구마니1길 36-11, A, D, E동 1층 (삼천동)"
일식,하와이조개춘천점,"강원특별자치도 춘천시 보안길 19, 1층 (후평동)"
한식,편편집 춘천퇴계점,"강원특별자치도 춘천시 안마산로 128, 1층 101호 (퇴계동)"
호프/통닭,꾸브라꼬숯불치킨퇴계점,"강원특별자치도 춘천시 춘주로147번길 12-14, 1층 (퇴계동)"
통닭(치킨),이구아나치킨(후평점),"강원특별자치도 춘천시 세실로192번길 6, 1층 (후평동)"
기타,시골장터마트,"강원특별자치도 춘천시 신북읍 맥국길 381, 1층"
기타,빌즈버거,"강원특별자치도 춘천시 전원안길 1, 1층 (교동)"
기타,마녀포차,"강원특별자치도 춘천시 방송길 77, 1층 1101호 (온의동, 춘천 센트럴타워 푸르지오)"
한식,김치찌개끓여주는남자들,"강원특별자치도 춘천시 공지로 276, 1층 우측코너호 (효자동)"
한식,춘천소머리국밥,"강원특별자치도 춘천시 효자로 61, 1층 (효자동)"
중국식,꽃피는마라,"강원특별자치도 춘천시 퇴계로93번길 10-8, 1층 103호 (퇴계동)"
경양식,(주)케이알산업춘천(하)휴게소양식봇,"강원특별자치도 춘천시 동내면 영서로 1432, 춘천휴게소 1층"
한식,필감자탕,"강원특별자치도 춘천시 서부대성로48번길 2, 1층 (요선동)"
분식,(주)케이알산업춘천(하)휴게소분식봇,"강원특별자치도 춘천시 동내면 영서로 1432, 춘천휴게소 1층"
"외국음식전문점(인도,태국등)",타코앤부리또,"강원특별자치도 춘천시 퇴계로145번길 3-2, 1층 101호 (퇴계동)"
기타,카페방학,"강원특별자치도 춘천시 동내면 동내로 87, 1층 102호"
분식,애막골갈비김밥,"강원특별자치도 춘천시 사우로 46, 1층 왼쪽호 (사농동)"
기타,숲속까페,"강원특별자치도 춘천시 남산면 남이섬길 1, 1층"
한식,대장,"강원특별자치도 춘천시 후석로344번길 25, 1층 (후평동)"
분식,요선동꼬마김밥,"강원특별자치도 춘천시 서부대성로44번길 20-1, 1층 (요선동)"
호프/통닭,부어치킨(후평점),"강원특별자치도 춘천시 백령로 184, 1층 (후평동)"
한식,육앤콩,"강원특별자치도 춘천시 솟발1길 4-51, 1층 (퇴계동)"
기타,느릿닭강정,"강원특별자치도 춘천시 금강로 68-12, 엠백화점 별관 1층 (조양동)"
식육(숯불구이),구미닭갈비,강원특별자치도 춘천시 금강로62번길 9-1 (조양동)
한식,정담은,"강원특별자치도 춘천시 백령로165번길 2, 1층 (효자동)"
기타,끽다,"강원특별자치도 춘천시 백령로 215, 상가4동 1층 104호 (후평동, 춘천일성트루엘더퍼스트아파트)"
중국식,춘봉루,"강원특별자치도 춘천시 퇴계로 221, 1층 (석사동)"
한식,정성엄마밥상,"강원특별자치도 춘천시 번개시장길 33, 1층 (소양로1가)"
한식,도리짱춘천점,"강원특별자치도 춘천시 백령로 123, 지하1층 102호 (효자동)"
한식,낙원맛집,"강원특별자치도 춘천시 퇴계로145번길 7-10, 1층 103호 (퇴계동)"
기타,카페우드리,"강원특별자치도 춘천시 우두1길 160, 1층 102,103,104,105호 (우두동)"
한식,명백집춘천점,"강원특별자치도 춘천시 성심로 7, 1층 (교동)"
기타,만두이섬춘천거두점,"강원특별자치도 춘천시 동내면 공지로 70-51, 1층"
한식,호반스넥,"강원특별자치도 춘천시 번개시장길 31, 1층 (소양로1가)"
기타,마켓2571(MARKET2571),"강원특별자치도 춘천시 영서로 2571, C동 1층 (근화동)"
기타,만두이섬춘천중앙점,"강원특별자치도 춘천시 서부대성로44번길 21, 1층 (코너)호 (요선동)"
분식,온기담다,"강원특별자치도 춘천시 성심로 51, 1층 좌측호 (효자동)"
기타,카페공지천,"강원특별자치도 춘천시 옛경춘로 839, 1,2층 (삼천동)"
한식,단금마켓,"강원특별자치도 춘천시 애막골길7번길 30-1, 101호 (석사동)"
한식,포식&푸줏간고기도시락춘천점,"강원특별자치도 춘천시 서부대성로 193, 1층 (효자동)"
기타,끼리끼리,"강원특별자치도 춘천시 삭주로 124, 2호 (후평동)"
기타,자운카페차,"강원특별자치도 춘천시 동내면 동내로 102-6, 나동 1층 101호"
한식,유천식당,"강원특별자치도 춘천시 만천로 217, 1층 (후평동)"
통닭(치킨),네네치킨(퇴계점),"강원특별자치도 춘천시 춘주로187번길 20-4, 1층 (퇴계동)"
식육(숯불구이),꼬목살퇴계점,"강원특별자치도 춘천시 퇴계로 175, 1층 (퇴계동)"
기타,마레(mare),"강원특별자치도 춘천시 안마산로 107-1, 1층 107,108호 (퇴계동)"
한식,고깃구녕,강원특별자치도 춘천시 우석로79번길 16-19 (석사동)
식육(숯불구이),갓생맥주춘천애막골점,강원특별자치도 춘천시 애막골길11번길 25-1 (석사동)
일식,석이초밥,"강원특별자치도 춘천시 동내면 춘천순환로 108, 101호"
분식,국수사랑,"강원특별자치도 춘천시 영서로 2922, 401동 1층 103호 (사농동, 춘천 뉴시티 코아루)"
일식,소복소복,"강원특별자치도 춘천시 동내면 거두택지길44번길 7-14, 1층"
한식,한마음정육식당춘천퇴계점,"강원특별자치도 춘천시 김유정로 1897, 3층 (퇴계동)"
한식,요이,"강원특별자치도 춘천시 방송길 70, 117동 1층 114호 (온의동, 온의 롯데캐슬 스카이클래스)"
한식,제육대가,"강원특별자치도 춘천시 안마산로 131, e편한세상 춘천 한숲시티 C동 1층 101호 (퇴계동)"
호프/통닭,비비큐봄내행운점,"강원특별자치도 춘천시 퇴계로 211, 1층 (석사동)"
중국식,화도,"강원특별자치도 춘천시 지석로 11, 2층 201,2호 (퇴계동)"
한식,시골가마솥김치찜,"강원특별자치도 춘천시 효석로77번길 12, 1층 죄측호 (석사동)"
일식,어담,"강원특별자치도 춘천시 동내면 춘천순환로72번길 39-1, 1층"
기타,풍차장어,강원특별자치도 춘천시 이디오피아길 29 (근화동)
기타,샌치한데이강대후문점,"강원특별자치도 춘천시 서부대성로 223-1, 1층 (효자동)"
한식,설악막국수춘천닭갈비강촌본점,"강원특별자치도 춘천시 남면 소주고개로 17-6, 가동 1층"
기타,SEASON GREEN(시즌그린),"강원특별자치도 춘천시 남면 소주고개로 17-6, 나동 1층"
횟집,명품송어,"강원특별자치도 춘천시 애막골길11번길 6, 1층 (석사동)"
한식,샤브르정원춘천점,"강원특별자치도 춘천시 보안길 58, 1층 (후평동)"
기타,광장칼국수,"강원특별자치도 춘천시 스포츠타운길 320, 1층 (삼천동)"
분식,수경수제만두,"강원특별자치도 춘천시 춘천로17번길 31, 더스위트캐슬 105호 (온의동)"
호프/통닭,배럴하우스(BARREL HOUSE),"강원특별자치도 춘천시 우묵길70번길 7, 1층 (퇴계동)"
중국식,미왕,강원특별자치도 춘천시 춘천로68번길 16 (효자동)
한식,다온밥상,"강원특별자치도 춘천시 동면 춘천순환로 503, 1층"
분식,곰순이네분식,"강원특별자치도 춘천시 춘천로 169, 1층 107호 (운교동)"
한식,아우라지,"강원특별자치도 춘천시 낙원길33번길 10, 1층 (낙원동)"
중국식,초원가남춘천역점,"강원특별자치도 춘천시 효자로 9, 2층 (퇴계동)"
일식,돈끼니꾸,"강원특별자치도 춘천시 애막골길11번길 12, 1층 (석사동)"
한식,주목,"강원특별자치도 춘천시 동면 만천로143번길 44, 1층"
한식,괭이부리마을춘천점,"강원특별자치도 춘천시 스포츠타운길 432, 201,202호 (삼천동)"
한식,쌤칼국수,"강원특별자치도 춘천시 동면 가산로 95-10, 1층"
기타,대박,"강원특별자치도 춘천시 동부시장길 8-4, 1층 맨좌측호 (운교동)"
식육(숯불구이),화가마순대국,강원특별자치도 춘천시 충열로20번길 6 (우두동)
식육(숯불구이),연막창남춘천역점,"강원특별자치도 춘천시 퇴계로 32, 1층 우측호 (퇴계동)"
한식,이가네일품순대국춘천점,"강원특별자치도 춘천시 서면 박사로 973, 1층 101호"
한식,해물여행,강원특별자치도 춘천시 동내면 영서로 1860-44
기타,상하이마라꼬치춘천석사점,"강원특별자치도 춘천시 퇴계농공로 11, 1층 107호 (석사동)"
경양식,아마떼(Amo-te)우두점,"강원특별자치도 춘천시 충열로 10-7 (우두동, 1층,좌측)"
기타,오이트에스프레소바,"강원특별자치도 춘천시 서부대성로 69, 1, 2층 (옥천동)"
한식,상상오리춘천점,"강원특별자치도 춘천시 후석로46번길 8, 1층 (석사동)"
한식,소곱창대가&악마의곱도리탕&대창을품은떡볶이,"강원특별자치도 춘천시 서부대성로 144, 나동 1층 (운교동)"
한식,미가,"강원특별자치도 춘천시 백령로 5, 2층 (효자동)"
한식,양평토속해장국,강원특별자치도 춘천시 동면 가산로 91
한식,마선생얼큰국밥(춘천점),"강원특별자치도 춘천시 효자로 57, 1층 (효자동)"
한식,병천전통순대,"강원특별자치도 춘천시 동면 한솔만천로 35, 1층"
한식,진부령동태찜,강원특별자치도 춘천시 보안길 90 (후평동)
한식,은행나무집,강원특별자치도 춘천시 신동면 경춘로 1773
중국식,동내반점,"강원특별자치도 춘천시 사북면 화악지암길 494, 1층"
"외국음식전문점(인도,태국등)",에스키샤하르(ESKISHAHAR),"강원특별자치도 춘천시 서부대성로206번길 15, 1층 (효자동)"
한식,춘천닭갈비김밥,"강원특별자치도 춘천시 옛경춘로 803, 1동 1층 (삼천동)"
호프/통닭,60계치킨춘천교대점,"강원특별자치도 춘천시 공지로 119, 1층 (석사동)"
기타,왕소나무막국수,"강원특별자치도 춘천시 동산면 조양길 190, 1층"
한식,이쁜네,"강원특별자치도 춘천시 칠전서길 52, 1층 (칠전동)"
호프/통닭,굽네치킨동광오거리점,"강원특별자치도 춘천시 삭주로 206-1, 1층 (후평동)"
호프/통닭,가든비어(Garden Beer),"강원특별자치도 춘천시 퇴계로 71, 1층 (퇴계동)"
한식,등선식당,강원특별자치도 춘천시 서면 경춘로 1401-22
한식,거두리부자동태찜,"강원특별자치도 춘천시 퇴계로93번길 8, 1층 104호 (퇴계동)"
통닭(치킨),교촌치킨(효자점),"강원특별자치도 춘천시 춘천로 94, 1층 (효자동)"
호프/통닭,추억의호프,강원특별자치도 춘천시 서부대성로44번길 12 (요선동)
기타,김밥킹석사점,"강원특별자치도 춘천시 퇴계농공로 11, 104호 (석사동)"
경양식,마릴본,"강원특별자치도 춘천시 효자상길 2, 1층 (효자동)"
한식,강릉집,강원특별자치도 춘천시 서부대성로 46 (요선동)
중국식,경화루,강원특별자치도 춘천시 효자로 72 (효자동)
한식,춘천준이네닭갈비,"강원특별자치도 춘천시 스포츠타운길 404, 1층 (삼천동)"
기타,신포리커피집,"강원특별자치도 춘천시 사북면 영서로 4725, 1층"
한식,효자동해물칼국수,강원특별자치도 춘천시 남춘로51번길 34 (효자동)
한식,뚱자국밥,"강원특별자치도 춘천시 효평길 100, 1층 (후평동)"
기타,리얼스노우(Real-Snow),"강원특별자치도 춘천시 남산면 문의골길 76-21, 1층"
까페,칠전동,강원특별자치도 춘천시 칠전동1길 5-17 (칠전동)
까페,브로떼,강원특별자치도 춘천시 중앙로 11 (중앙로1가)
까페,아일래나라운지,강원특별자치도 춘천시 남산면 남이섬길 1
한식,다우리순대국,강원특별자치도 춘천시 보안길 78 (후평동)
한식,이디야춘천퇴계한주점,"강원특별자치도 춘천시 안마산로 207, 1층 2호 (퇴계동)"
한식,마당골,강원특별자치도 춘천시 서면 덕두원길 150-1
한식,오봉집춘천우두점,"강원특별자치도 춘천시 마장길 75, 1층 (사농동)"
경양식,감자아일랜드 온의점,"강원특별자치도 춘천시 방송길 77, 1층 1309,1310호 (온의동, 춘천 센트럴타워 푸르지오)"
한식,송향,"강원특별자치도 춘천시 동면 소양강로 182, 1층"
한식,진한사골돼지국밥,"강원특별자치도 춘천시 부평길 16, 1층 (후평동)"
기타,루이스(louis),"강원특별자치도 춘천시 스무숲길 32, 1층 (석사동)"
탕류(보신용),원조막국수별관,강원특별자치도 춘천시 동산면 영서로 1009
분식,친구친구,강원특별자치도 춘천시 효제길 11 (효자동)
기타,홍어랑돼지랑,"강원특별자치도 춘천시 춘천로282번길 3, 1층 (후평동)"
한식,비에치씨국군춘천병원점,강원특별자치도 춘천시 방고개길 57 (신동)
기타,장가네솥뚜껑문경약돌돼지,"강원특별자치도 춘천시 우묵길 28, 1층 (퇴계동)"
호프/통닭,비비큐(BBQ)(애막골점),강원특별자치도 춘천시 우석로85번길 20-6 (석사동)
탕류(보신용),차재현의순대박사(퇴계점),강원특별자치도 춘천시 남춘로26번길 17 (퇴계동)
식육(숯불구이),백년족발온의근화점,"강원특별자치도 춘천시 공지로431번길 1, 1층 (근화동)"
식육(숯불구이),황금불판삼겹살,"강원특별자치도 춘천시 행촌로32번길 5-14, 1층 (퇴계동)"
기타,환희관,강원특별자치도 춘천시 애막골길11번길 19 (석사동)
식육(숯불구이),태평소스무숲점,"강원특별자치도 춘천시 스무숲길 9 (석사동, 1층)"
한식,호반추어탕,"강원특별자치도 춘천시 우묵길56번길 15, 1층 (퇴계동)"
호프/통닭,가마치통닭스무숲점,"강원특별자치도 춘천시 스무숲길 24, 1층 (석사동)"
한식,이모네장터,"강원특별자치도 춘천시 행촌로 36-1 (퇴계동, 1층)"
기타,퍼스트러브(First Love),"강원특별자치도 춘천시 서부대성로 181-1, 1층 (효자동)"
분식,오믈하우스,"강원특별자치도 춘천시 서부대성로227번길 24, 2층 (효자동)"
분식,테그42춘천석사점,"강원특별자치도 춘천시 지석로 75, 1층층 112호 (석사동)"
식육(숯불구이),무등소갈비춘천퇴계점,"강원특별자치도 춘천시 퇴계로 13, 1층 101호 (퇴계동)"
분식,석관동떡볶이춘천점,"강원특별자치도 춘천시 서부대성로 177, 1층 (효자동)"
기타,유미카츠춘천우두점,"강원특별자치도 춘천시 마장길 75, 1층 (사농동)"
기타,작은식당,"강원특별자치도 춘천시 공지로 246, 1층 (효자동)"
한식,웰빙한정식소반,"강원특별자치도 춘천시 스무숲4길 27, 1층 (석사동)"
기타,쌍팔통닭춘천온의점,"강원특별자치도 춘천시 영서로 2333, 1층 101호 (온의동)"
일식,소묵(SOMUK),"강원특별자치도 춘천시 망대길 11, 1층 (죽림동)"
호프/통닭,굽네치킨(신사우점),"강원특별자치도 춘천시 충열로 101, 102호 (우두동)"
기타,밀봄숲,강원특별자치도 춘천시 동산면 종자리로 224-53
한식,정원푸드,"강원특별자치도 춘천시 우두2길 1, 1층 (우두동)"
기타,유로코피자효자동점,"강원특별자치도 춘천시 효자로 117, 1층 (효자동)"
한식,강촌시골밥집,"강원특별자치도 춘천시 남산면 강촌로 111, 3호"
한식,가마솥흑염소,강원특별자치도 춘천시 옛경춘로 828 (삼천동)
경양식,르포렘,"강원특별자치도 춘천시 새롬공원길5번길 6, 1층 (석사동)"
기타,노모어피자(춘천점),"강원특별자치도 춘천시 서부대성로 227, 1층 (효자동)"
한식,우리대구왕뽈떼기,강원특별자치도 춘천시 동내면 외솔길19번길 56-11
분식,원리터,"강원특별자치도 춘천시 중앙로67번길 18, 61111,61112호 (죽림동)"
횟집,온스트릿(onstreet),"강원특별자치도 춘천시 퇴계로93번길 8, 1층 105호 (퇴계동)"
분식,애플꼬마김밥춘천점,"강원특별자치도 춘천시 후석로 296, 1층 (후평동)"
기타,어컵오브티(a cup of Tea),"강원특별자치도 춘천시 백령로 33-1, 1층 (효자동)"
식육(숯불구이),호원가든닭갈비,"강원특별자치도 춘천시 남산면 북한강변길 344, 1,2층"
기타,파란만잔강원대60주년기념관점,"강원특별자치도 춘천시 강원대학길 1 (효자동, 60주년 기념관 1층)"
횟집,애막골횟집,강원특별자치도 춘천시 세실로192번길 8-8 (후평동)
식육(숯불구이),배달삼겹돈나와라뚝딱,"강원특별자치도 춘천시 효자로 101-3, 1층 (효자동)"
한식,삼촌네갈비탕,강원특별자치도 춘천시 춘주로91번길 13 (온의동)
중국식,이비가짬뽕춘천홈플러스점,"강원특별자치도 춘천시 김유정로 1840, 홈플러스 지하1층 (퇴계동)"
한식,소양댐우미숯불닭갈비,"강원특별자치도 춘천시 신북읍 신샘밭로 701, 1층"
기타,강촌그냥,강원특별자치도 춘천시 남산면 갯골길 80-8
한식,돼지야생고기전문점,강원특별자치도 춘천시 충열로16번길 21 (우두동)
한식,짱어장어,"강원특별자치도 춘천시 솟발1길 4-47, 1층 (퇴계동)"
경양식,수아마노,"강원특별자치도 춘천시 중앙로77번길 39-2, 다동 1층 301호 (죽림동)"
한식,대흥가,강원특별자치도 춘천시 남산면 김유정로 206-35
중국식,양꼬치집,"강원특별자치도 춘천시 퇴계로 41, 1층 (퇴계동)"
기타,리얼다이어트캠프안피트니스컴퍼니,"강원특별자치도 춘천시 남산면 강촌구곡길 221, 1층"
기타,오달구한우목장강촌마루능이백숙,"강원특별자치도 춘천시 남면 소주고개로 28, 3층"
기타,텐텐카츠본점,"강원특별자치도 춘천시 우두1길 17, 2층 201호 (우두동)"
한식,곰배령,"강원특별자치도 춘천시 춘천로 19, 1층 (온의동)"
기타,타코비춘천점,"강원특별자치도 춘천시 중앙로 71, 1층 (중앙로2가)"
한식,명신시골밥상,강원특별자치도 춘천시 북산면 추곡약수길 99
기타,공간스튜디오카페,"강원특별자치도 춘천시 동내면 거두길 27-1, 1층"
중국식,미각,"강원특별자치도 춘천시 지석로 13, 1층 (퇴계동)"
기타,바틀(bar틀),"강원특별자치도 춘천시 퇴계로105번길 7, 1층 (퇴계동)"
기타,카페문,강원특별자치도 춘천시 동면 금베이길 61-172
횟집,창랑,강원특별자치도 춘천시 동내면 거두택지길 30
기타,신북피자,"강원특별자치도 춘천시 신북읍 상천3길 15-5, 1층"
경양식,세인트콕스(ST.COQS),"강원특별자치도 춘천시 스포츠타운길399번길 22, 1층 (삼천동)"
까페,댄싱카페인(Dancing Caffine),"강원특별자치도 춘천시 스포츠타운길399번길 25, 1층 (삼천동)"
한식,효자골,"강원특별자치도 춘천시 중앙로67번길 18, 3동 2층 3201,2,3호 (죽림동, 브라운가)"
한식,거두생갈비,"강원특별자치도 춘천시 동내면 거두택지길 41-11, 1층 101호"
통닭(치킨),새참,강원특별자치도 춘천시 지석로 13 (퇴계동)
한식,항아리,강원특별자치도 춘천시 후석로 268 (후평동)
탕류(보신용),두레박감자탕순대국,"강원특별자치도 춘천시 춘주로 91 (온의동, 1층)"
기타,올더쭈꾸미,"강원특별자치도 춘천시 삭주로 193, 1층 (후평동)"
호프/통닭,bhc춘천후평점,"강원특별자치도 춘천시 서부대성로239번길 49-3, 1층 (후평동)"
한식,곰바위,강원특별자치도 춘천시 신북읍 율문길 95
분식,구봉산카페(CAFE)편의점,강원특별자치도 춘천시 동면 순환대로 1154-115
분식,미미스낵,강원특별자치도 춘천시 중앙로 106 (낙원동)
호프/통닭,더비어하우스,"강원특별자치도 춘천시 퇴계로93번길 15, 102호 (퇴계동)"
한식,엄마손,"강원특별자치도 춘천시 칠전서길 26, 1층 (칠전동)"
기타,더홈,"강원특별자치도 춘천시 남춘로26번길 17-10, 1층 (퇴계동)"
한식,한림양장,"강원특별자치도 춘천시 성심로 7, 1층 (교동)"
기타,이태원,"강원특별자치도 춘천시 남춘로36번길 79, 2층 (퇴계동)"
한식,미가,"강원특별자치도 춘천시 삭주로 180, 1층 (후평동)"
기타,미오브런치카페,"강원특별자치도 춘천시 스무숲길 4-13, 1층 (석사동)"
한식,단풍나무집,"강원특별자치도 춘천시 사북면 지내고탄로 899-1, 1층"
한식,화롯불,강원특별자치도 춘천시 충열로 166 (우두동)
탕류(보신용),송암식당,강원특별자치도 춘천시 스포츠타운길 413 (삼천동)
식육(숯불구이),육반주,"강원특별자치도 춘천시 스무숲1길 46-6, 1층 (석사동)"
식육(숯불구이),보안냉동삼겹살,강원특별자치도 춘천시 보안길 50-1 (후평동)
호프/통닭,수옛날통닭,"강원특별자치도 춘천시 서부대성로 50, 1층 (요선동)"
호프/통닭,멘시루,"강원특별자치도 춘천시 백령로138번길 56, 1층 (효자동)"
한식,금선식당,강원특별자치도 춘천시 약사고개길 13 (죽림동)
분식,은하수야식,"강원특별자치도 춘천시 부안길6번길 34 (후평동, 1층 우측)"
분식,정민이네집,"강원특별자치도 춘천시 옥천길 3, 지하1층 (중앙로1가)"
통닭(치킨),포차천국,강원특별자치도 춘천시 성심로 9 (교동)
경양식,미니슈퍼,"강원특별자치도 춘천시 춘주로201번길 16-1, 1층 (퇴계동)"
일식,나라앤미네,"강원특별자치도 춘천시 중앙로 41-3, 1층 (중앙로1가)"
분식,엄마밥상,"강원특별자치도 춘천시 동면 공단로 95-1, 1층"
분식,광판팔뚝김밥만천점,"강원특별자치도 춘천시 동면 만천양지길 60, 1층 102,103호"
호프/통닭,리얼안심탕수육&리얼하노이퇴계점,"강원특별자치도 춘천시 퇴계로 129-17, 1층 101호 (퇴계동)"
한식,신비면옥춘천명동점,"강원특별자치도 춘천시 중앙로 64, 62-1 1층 (중앙로2가)"
기타,타코로퇴계점,강원특별자치도 춘천시 퇴계로 175 (퇴계동)
식육(숯불구이),화담,"강원특별자치도 춘천시 스포츠타운길 432, 1층 106,107호 (삼천동)"
경양식,씨엘로,"강원특별자치도 춘천시 동면 순환대로 1156-20, 1동 1층"
기타,화담,"강원특별자치도 춘천시 스무숲1길 32-14, 1층 (석사동)"
한식,큰댁돌솥밥,"강원특별자치도 춘천시 삭주로206번길 3, 1층 (후평동)"
한식,속초닭강정,"강원특별자치도 춘천시 효석로67번길 20, 1층 101호 (석사동)"
분식,한솜반찬,"강원특별자치도 춘천시 영서로 2352-20, 8동 806호 (온의동, 풍물시장 (구)38호)"
기타,낭만의거리,"강원특별자치도 춘천시 벌말길 52, 1층 (석사동)"
식육(숯불구이),화정,"강원특별자치도 춘천시 우석로79번길 9, 1층 (석사동)"
한식,중국요리만무방,"강원특별자치도 춘천시 신동면 금병의숙길 9-7, 1층"
한식,능이고을,강원특별자치도 춘천시 서면 삿갓봉길 30
기타,그늘집(밸리스타트하우스),강원특별자치도 춘천시 남산면 북한강변길 688
한식,소양강흑염소,강원특별자치도 춘천시 모수물길 9 (요선동)
식육(숯불구이),화포식당춘천점,"강원특별자치도 춘천시 춘천로 306-5, 유창프라자 제1동 1층 105,106호 (후평동)"
식육(숯불구이),금오옥토,"강원특별자치도 춘천시 춘주로201번길 3, 1층 (퇴계동)"
한식,연,강원특별자치도 춘천시 동내면 동내로 346
통닭(치킨),굽네치킨석사봄내점,강원특별자치도 춘천시 벌말길 60 (석사동)
호프/통닭,대박소주방,강원특별자치도 춘천시 삭주로 25 (교동)
통닭(치킨),꼬꼬랑꼬치랑,강원특별자치도 춘천시 우석로85번길 20-7 (석사동)
한식,춘천별미닭갈비,강원특별자치도 춘천시 삭주로108번길 5 (후평동)
호프/통닭,투다리(행운점),강원특별자치도 춘천시 영서로 2313 (온의동)
중국식,후평각,강원특별자치도 춘천시 춘천로 292 (후평동)
횟집,내고향횟집,강원특별자치도 춘천시 사북면 지촌길 34
한식,충남삼계탕,강원특별자치도 춘천시 서부대성로43번길 8 (요선동)
한식,한신식당,강원특별자치도 춘천시 부평길 5 (후평동)
호프/통닭,모여라치킨,"강원특별자치도 춘천시 부평길 3 (후평동, 1층)"
한식,춘천댐촌닭집거두점,강원특별자치도 춘천시 동내면 거두택지길 93-7
한식,거두리청국장,강원특별자치도 춘천시 동내면 거두단지길 6-8
한식,별장한방토종닭,"강원특별자치도 춘천시 동면 연산골길 54, 1,2동"
분식,김밥세상,강원특별자치도 춘천시 공지로 133 (석사동)
식육(숯불구이),조개본능,강원특별자치도 춘천시 애막골길7번길 23 (석사동)
횟집,퇴계수산횟집,"강원특별자치도 춘천시 새롬공원길 18, 1층 (석사동)"
한식,먹촌가,"강원특별자치도 춘천시 벌말길 60, 1층 (석사동)"
한식,머루촌숯불갈비,강원특별자치도 춘천시 벌말길 88 (석사동)
한식,해미,강원특별자치도 춘천시 후석로326번길 11-5 (후평동)
분식,동이만두,강원특별자치도 춘천시 효제길 36 (효자동)
한식,부용가든,강원특별자치도 춘천시 북산면 오봉산길 672
한식,애막골진미감자탕,강원특별자치도 춘천시 우석로79번길 12-19 (석사동)
한식,참미닭갈비,강원특별자치도 춘천시 충열로16번길 21-17 (우두동)
기타,햇골길34,"강원특별자치도 춘천시 남산면 햇골길 34, 1층"
탕류(보신용),권할머니흑염소,"강원특별자치도 춘천시 동산면 종자리로 268, 1층"
한식,춘천옹심이칼국수,"강원특별자치도 춘천시 승지골길 3-10, 1층 (퇴계동)"
탕류(보신용),안골설렁탕,"강원특별자치도 춘천시 남면 충효로 801, 1층"
호프/통닭,스토리,"강원특별자치도 춘천시 시청길10번길 4-2 (조양동, 성림빌딩8층)"
기타,우영야식,강원특별자치도 춘천시 삭주로 64 (교동)
통닭(치킨),치킨밥,강원특별자치도 춘천시 안마산로 223 (퇴계동)
한식,무암산(애),"강원특별자치도 춘천시 동면 금옥길 471-6, 1동,2동"
기타,움버거앤윙스더잭슨나인스호텔춘천점,"강원특별자치도 춘천시 중앙로 193, 더잭슨나인스호텔 2층 (근화동)"
경양식,파머스키친,"강원특별자치도 춘천시 신북읍 신샘밭로 380, 1층"
분식,청년피자춘천퇴계점,"강원특별자치도 춘천시 퇴계로 140-1, 1층 (퇴계동)"
식육(숯불구이),춘천미소닭갈비,강원특별자치도 춘천시 남산면 햇골길 20
식육(숯불구이),산속툇골오리,"강원특별자치도 춘천시 춘주로187번길 1, 1층 (퇴계동)"
식육(숯불구이),한아름밥상,강원특별자치도 춘천시 남춘로51번길 9-1 (효자동)
한식,오필승닭발우미린점,강원특별자치도 춘천시 보안길 21 (후평동)
호프/통닭,풍물만나통닭,"강원특별자치도 춘천시 영서로 2352-20, 풍물시장 상가7동 26,27호 (온의동)"
기타,싣나모,"강원특별자치도 춘천시 남면 충효로 489, 1층"
한식,찜이랑탕이랑,강원특별자치도 춘천시 스무숲4길 22-1 (석사동)
한식,메밀밭감자옹심이메밀칼국수,강원특별자치도 춘천시 벌말길 54 (석사동)
분식,삐삐스넥1호,강원특별자치도 춘천시 명동길 2 (중앙로2가)
경양식,함지,강원특별자치도 춘천시 중앙로 101 (중앙로3가)
식육(숯불구이),호남식당원조1호닭갈비막국수,강원특별자치도 춘천시 공지로 603-4 (근화동)
한식,국수닭,강원특별자치도 춘천시 남춘로36번길 48 (퇴계동)
기타,태양부양꼬치,"강원특별자치도 춘천시 안마산로 107-1, 2층 207호 (퇴계동)"
식육(숯불구이),다우등심,"강원특별자치도 춘천시 스포츠타운길 399, 1층 (삼천동)"
기타,우두동밥집,"강원특별자치도 춘천시 충열로 151, 1층 (우두동)"
횟집,마라도횟집,"강원특별자치도 춘천시 안마산로 189, 1층 103호 (퇴계동)"
뷔페식,은희네한식뷔페,"강원특별자치도 춘천시 동면 춘천순환로 613, 1층 101호"
기타,글로벌라운지,"강원특별자치도 춘천시 중앙로 26, 1층 (요선동)"
식육(숯불구이),낙지락지,강원특별자치도 춘천시 삭주로80번길 3 (교동)
한식,전주비빔밥,"강원특별자치도 춘천시 춘천로138번길 29, 1층 (운교동)"
한식,장수닭갈비,"강원특별자치도 춘천시 금강로62번길 9-1, 1층 (조양동)"
호프/통닭,화동코다리와칼국수,"강원특별자치도 춘천시 후만로116번길 7, 1층 (후평동)"
통닭(치킨),교촌치킨 후평1호점,강원특별자치도 춘천시 후석로 270 (후평동)
통닭(치킨),페리카나치킨명동점,강원특별자치도 춘천시 금강로 76 (조양동)
일식,이자와춘천후평점,"강원특별자치도 춘천시 후석로 299-1, 1층 전면상가호 (후평동)"
한식,엄마식탁,"강원특별자치도 춘천시 퇴계로 201-1, 1층 (석사동)"
한식,망향비빔국수남춘천점,"강원특별자치도 춘천시 안마산로 128, 1층 106호 (퇴계동)"
한식,혜정닭갈비,강원특별자치도 춘천시 금강로62번길 11-1 (조양동)
한식,내촌청국장,"강원특별자치도 춘천시 충혼길34번길 14 (온의동, 1층)"
한식,이순례손만두,"강원특별자치도 춘천시 아침길 12-1, 1,2층 (조양동)"
한식,선비칼국수춘천엔타점,"강원특별자치도 춘천시 후석로 120, 2층 211-2호 (석사동)"
한식,툇마루,강원특별자치도 춘천시 남산면 갯골길 24-2 (1리)
기타,마더제이레시피in춘천,"강원특별자치도 춘천시 선들길 44, 1층 (삼천동)"
한식,돌담길,"강원특별자치도 춘천시 석사길5번길 32, 1층 (석사동)"
통닭(치킨),트링켄74(TrinKen74),"강원특별자치도 춘천시 승지골길 53, 1층 104호 (석사동, 퇴계주공5차상가)"
분식,국수나무춘천명동점,"강원특별자치도 춘천시 중앙로 63-1, 1층 (중앙로2가)"
한식,백년한식부페,"강원특별자치도 춘천시 옛경춘로 806, 1층 (삼천동)"
한식,삼촌국밥,강원특별자치도 춘천시 춘천로 386 (후평동)
경양식,신촌돈까스,강원특별자치도 춘천시 서부대성로227번길 24 (효자동)
통닭(치킨),치킨놀이터,강원특별자치도 춘천시 동내면 영서로 1777
한식,요리하는김작가,강원특별자치도 춘천시 남춘로36번길 50-6 (퇴계동)
한식,봉덕칼국수,강원특별자치도 춘천시 동면 금옥길 481
기타,신낙지마루,강원특별자치도 춘천시 백령로 148 (효자동)
한식,효자황태구이,"강원특별자치도 춘천시 남춘로51번길 15-1 (효자동, 1~2층)"
한식,부안아구찜,강원특별자치도 춘천시 보안길 86 (후평동)
한식,하마기사식당,강원특별자치도 춘천시 동내면 영서로 1767
한식,고담한정식,강원특별자치도 춘천시 동내면 고은길 23
기타,그늘집(레이크그늘집),강원특별자치도 춘천시 남산면 북한강변길 688
기타,도래샘쉼터,"강원특별자치도 춘천시 남면 한덕발산길 49-4, 1층"
횟집,활어당,"강원특별자치도 춘천시 퇴계로 47, 1층 (퇴계동)"
기타,그늘집(힐그늘집),강원특별자치도 춘천시 남산면 북한강변길 688
한식,검봉산칡국수,강원특별자치도 춘천시 남산면 강촌구곡길 164-6
한식,북춘천스크린그늘집,"강원특별자치도 춘천시 충열로 153, 북춘천새마을금고 2동 2층 (우두동)"
기타,그늘집(밸리그늘집),강원특별자치도 춘천시 남산면 북한강변길 688
한식,소양호어탕국수,강원특별자치도 춘천시 동면 춘천순환로 474
한식,온담,"강원특별자치도 춘천시 동면 만천로 118, 1층"
호프/통닭,개화강원,"강원특별자치도 춘천시 소양고개길 46, 1층 104호 (요선동)"
기타,LU'VEAT(러빗),"강원특별자치도 춘천시 중앙로 41-3, 2층 (중앙로1가)"
기타,황가네밥집,"강원특별자치도 춘천시 동내면 원창고개길 285, 1층"
한식,팔팔대감춘천점,"강원특별자치도 춘천시 후석로 52, 1층 (석사동)"
식육(숯불구이),우영갈비,강원특별자치도 춘천시 교운가길 4 (교동)
중국식,일차앤이차,"강원특별자치도 춘천시 동내면 거두택지길 22, 1층"
기타,카페줌,"강원특별자치도 춘천시 서부대성로44번길 18-2, 1층 (요선동)"
식육(숯불구이),미리내닭갈비,"강원특별자치도 춘천시 충열로 231, 1층 (우두동)"
기타,폭풍의 언덕,"강원특별자치도 춘천시 서부대성로 223-3, 2층 (효자동)"
한식,전가네뼈칼국수,"강원특별자치도 춘천시 우석로67번길 11, 1층 (석사동)"
식육(숯불구이),(주)에이치비푸드라무진춘천점,"강원특별자치도 춘천시 우묵들길 8, 1층 (퇴계동)"
한식,추곡막국수,강원특별자치도 춘천시 남면 충효로 582
횟집,풀장횟집,강원특별자치도 춘천시 서면 삿갓봉길 31
기타,연작업실,"강원특별자치도 춘천시 낙원길 37, 1층 (낙원동)"
한식,옥천족발,"강원특별자치도 춘천시 춘주로 176-1, 1층 (퇴계동)"
한식,행복한밥상,"강원특별자치도 춘천시 행촌로32번길 5-5, 1층 (퇴계동)"
식육(숯불구이),주상갈비,강원특별자치도 춘천시 동내면 공지로 70-51
기타,두레통닭춘천석사점,"강원특별자치도 춘천시 후석로 68-1, 1층 (석사동)"
한식,생각나는밥집,"강원특별자치도 춘천시 성심로 62, 1층 (효자동)"
한식,더플랜(The Plan),"강원특별자치도 춘천시 충혼길8번길 19, 1층층 우측상가호 (온의동)"
기타,아짙오공일,"강원특별자치도 춘천시 서부대성로 224, 2층 (효자동)"
기타,빅스타피자롯데마트춘천점,"강원특별자치도 춘천시 방송길 84, 롯데마트 1층 (온의동)"
기타,소양강숯불장어촌,"강원특별자치도 춘천시 신동면 정족길 191, 1층"
기타,콩이와쌀자루가오란다,"강원특별자치도 춘천시 동면 춘천로449번길 12-2, 1층"
기타,소소리,"강원특별자치도 춘천시 후석로45번길 8, 1층 (석사동)"
기타,인연찻집,"강원특별자치도 춘천시 중앙로 162-3, 2층 (근화동)"
한식,밥들밥,"강원특별자치도 춘천시 동내면 거두길 125-21, 1층"
한식,선희네잔치국수,"강원특별자치도 춘천시 공지로 324, 1층 103호 (효자동)"
호프/통닭,퍽퍽살이싫어내가만든치킨집,"강원특별자치도 춘천시 서부대성로 163, 1층 맨좌측상가호 (효자동)"
호프/통닭,바삭한닭다리순살후라이드,"강원특별자치도 춘천시 서부대성로 163, 1층 맨좌측상가호 (효자동)"
한식,이모네불막창,강원특별자치도 춘천시 보안길 50-1 (후평동)
한식,죽님동,강원특별자치도 춘천시 명동길29번길 2-21 (죽림동)
통닭(치킨),멕시칸치킨신사우점,강원특별자치도 춘천시 영서로 3074 (사농동)
기타,하버,"강원특별자치도 춘천시 신북읍 영서로 3343, 1층"
한식,육면,"강원특별자치도 춘천시 삭주로 12, 2층 (교동)"
기타,한중관,"강원특별자치도 춘천시 삭주로 134-1, 1층 (후평동)"
식육(숯불구이),황금돼지저금통,강원특별자치도 춘천시 춘주로 186 (퇴계동)
한식,광림공원(주),강원특별자치도 춘천시 동산면 종자리로 331-50
식육(숯불구이),강촌비비큐하우스(BBQ house),"강원특별자치도 춘천시 남산면 강촌로 151-1, 1층"
기타,꼴두바우,"강원특별자치도 춘천시 교동길 71 (교동, (1층))"
기타,식어도바삭한동서재닭강정,"강원특별자치도 춘천시 서부대성로 163, 1층 맨좌측상가호 (효자동)"
식육(숯불구이),골든몽키리조트(푸드),"강원특별자치도 춘천시 남면 여우내길 20-2, 1층"
기타,닭다리순살하나만제대로하는집,"강원특별자치도 춘천시 서부대성로 163, 1층 맨좌측상가호 (효자동)"
호프/통닭,정량초과치킨-닭다리살만더주는가게,"강원특별자치도 춘천시 서부대성로 163, 1층 맨좌측상가호 (효자동)"
한식,옛날잔치국수,"강원특별자치도 춘천시 효자로 108, 1층 (효자동)"
한식,만보네,강원특별자치도 춘천시 성심로 98 (효자동)
한식,홍청다슬기해장국,"강원특별자치도 춘천시 퇴계로 95, 1층 (퇴계동)"
한식,별미순대국,"강원특별자치도 춘천시 공단로 20, 1층 (후평동)"
분식,몽둥이김밥앤토스트,"강원특별자치도 춘천시 동내면 영서로 1794, 2층"
기타,샵카페,"강원특별자치도 춘천시 금강로 82, 2층 (운교동)"
통닭(치킨),하림통닭,"강원특별자치도 춘천시 벌말길 53, 1층 (석사동)"
한식,박순이김치찌개부대찌개,"강원특별자치도 춘천시 춘주로91번길 8, 1층 (온의동)"
기타,파스타라이크,"강원특별자치도 춘천시 금강로 83, 1층 (운교동)"
한식,취화선,"강원특별자치도 춘천시 서부대성로 108, 1층 (조양동)"
기타,위드제이에스1,"강원특별자치도 춘천시 우석로 32, 1층 101,102호 (석사동)"
호프/통닭,추가령,"강원특별자치도 춘천시 백령로138번길 35, 지하1층 (효자동)"
분식,영은네식당,"강원특별자치도 춘천시 영서로 2793 (우두동, 두미르마을상가102호)"
기타,냉삼국민학교,"강원특별자치도 춘천시 승지골길13번길 3-4, 1층 (퇴계동)"
기타,펀비어킹춘천한숲시티점,"강원특별자치도 춘천시 안마산로 113, e편한세상 춘천 한숲시티 상가B-1동 2층 201~203호 (퇴계동)"
기타,인생건어물공지천점,"강원특별자치도 춘천시 수변공원길 11, 1층 (삼천동)"
기타,그린닭갈비,"강원특별자치도 춘천시 신동면 풍류1길 30, 1층"
식육(숯불구이),일미리금계찜닭강대후문점,강원특별자치도 춘천시 서부대성로 219 (효자동)
통닭(치킨),원조마늘통닭집,강원특별자치도 춘천시 후만로116번길 14 (후평동)
한식,우두명가순대,"강원특별자치도 춘천시 사우로 152 (우두동, 1층)"
통닭(치킨),자담칠전점,"강원특별자치도 춘천시 칠전서길 15-2 (칠전동, 칠전대우2차@상가101,102호)"
한식,본래순대춘천애막골점,"강원특별자치도 춘천시 우석로85번길 20-15 (석사동, 1층)"
식육(숯불구이),일선갈비,"강원특별자치도 춘천시 충열로16번길 21-1, 1층 (우두동)"
중국식,따거,"강원특별자치도 춘천시 후석로 413, 1층 (후평동)"
기타,유정역,"강원특별자치도 춘천시 신동면 김유정로 1397, 1층 가운데상가호"
기타,숙성21,"강원특별자치도 춘천시 동산면 영서로 1381, 1층"
한식,금별맥주춘천애막골점,강원특별자치도 춘천시 애막골길11번길 32 (석사동)
한식,산천어춘천닭갈비,"강원특별자치도 춘천시 효자로 134-2, 2층 (효자동)"
한식,치치,"강원특별자치도 춘천시 백령로138번길 34 (효자동, 2층)"
한식,서가네,"강원특별자치도 춘천시 벌말길 58, 1층 (석사동)"
기타,메가박스 중앙(주) 춘천석사지점,"강원특별자치도 춘천시 후석로 120, ENTA 2층 (석사동)"
일식,호주에서온스시 춘천우두점,"강원특별자치도 춘천시 우두1길 100, 116동 1층 112호 (우두동)"
한식,행복한여자의공간,"강원특별자치도 춘천시 춘천로176번길 9-1 (효자동, 2층)"
한식,근화순대국밥,"강원특별자치도 춘천시 공지로 484-1, 1층 (근화동)"
기타,큐스타앤펍,"강원특별자치도 춘천시 서부대성로239번길 23, 1층 (효자동)"
분식,곤지암할매소머리국밥,"강원특별자치도 춘천시 신동면 김유정로 1417, A동 1층 102호"
기타,소담소담카페,강원특별자치도 춘천시 남산면 강촌구곡길 258
기타,오르막,"강원특별자치도 춘천시 하사관길 15-7, 1층 (삼천동)"
한식,잠실집,"강원특별자치도 춘천시 충혼길8번길 9-10, 1층 (퇴계동)"
탕류(보신용),서울감자탕,"강원특별자치도 춘천시 공지로 366 (효자동, 1층)"
호프/통닭,청춘호프,강원특별자치도 춘천시 춘천로 326 (후평동)
한식,뚱이수육국밥,강원특별자치도 춘천시 애막골길3번길 32 (석사동)
분식,김밥나라,강원특별자치도 춘천시 서부대성로239번길 3 (효자동)
까페,나스(NA's),강원특별자치도 춘천시 신북읍 신샘밭로 706-8 (1층)
기타,자담치킨애막골점,"강원특별자치도 춘천시 애막골길3번길 20, 1층 (석사동)"
중국식,라화쿵부춘천점,"강원특별자치도 춘천시 명동길 12, 2층 (중앙로2가)"
기타,알케이,"강원특별자치도 춘천시 후석로 288-1, 2층 (후평동)"
기타,오늘키친,"강원특별자치도 춘천시 공지로 252, 1층 (효자동)"
기타,소문(小門),"강원특별자치도 춘천시 동면 만천로143번길 6, 1층"
한식,어촌밥상생선조림전문점,"강원특별자치도 춘천시 남춘천길 38, 1층 (퇴계동)"
기타,산촌마을,"강원특별자치도 춘천시 사북면 화악지암길 441, 1층"
한식,금계촌두부,"강원특별자치도 춘천시 남면 버들1길 8, 1층"
중국식,연2호점,"강원특별자치도 춘천시 동면 가산로 15, 1층"
호프/통닭,케이엠지엠(KMGM)춘천점,"강원특별자치도 춘천시 우석로85번길 19-8, 2층 (석사동)"
한식,봄봄한식부페,"강원특별자치도 춘천시 만천로205번길 5, 1층 (후평동)"
한식,병천시골순대국밥,강원특별자치도 춘천시 백령로151번길 1 (효자동)
호프/통닭,쪼끼쪼끼,강원특별자치도 춘천시 우석로85번길 19-8 (석사동)
한식,순대국만세후평점,"강원특별자치도 춘천시 춘천로 428-4 (후평동, 1층)"
한식,남부푸드,"강원특별자치도 춘천시 후석로380번길 16-1 (후평동, 1층)"
한식,도담집,강원특별자치도 춘천시 동내면 거두택지길4번길 7-7
분식,광산골식당,"강원특별자치도 춘천시 사북면 말고개길 361, 1층"
한식,장학리굽자네밥집,"강원특별자치도 춘천시 동면 춘천로 447, 1층 101호"
일식,온숯카츠,"강원특별자치도 춘천시 백령로138번길 9, 1층 (효자동)"
"외국음식전문점(인도,태국등)",미스사이공온의점,"강원특별자치도 춘천시 춘천로17번길 17, 1층 102호 (온의동, 뉴타운)"
한식,화천두부집,"강원특별자치도 춘천시 우석로85번길 19-6, 1층 (석사동)"
한식,푸릉,"강원특별자치도 춘천시 삭주로80번길 14-6, 1층 (교동)"
호프/통닭,생돈도야,"강원특별자치도 춘천시 충열로 10-10, 1층 (우두동)"
식육(숯불구이),달콤한 삼겹살 거두점,"강원특별자치도 춘천시 동내면 외솔길19번길 80-56, 1층"
기타,산뜰,"강원특별자치도 춘천시 신북읍 영서로 3337, 1,2층"
횟집,밤골회집,"강원특별자치도 춘천시 서면 삿갓봉길 96, 1층"
한식,명가(매운탕),강원특별자치도 춘천시 동내면 영서로 1828-3
일식,토리아에즈춘천후평점,"강원특별자치도 춘천시 후석로 294, 1층 103호 (후평동)"
분식,코노미야,"강원특별자치도 춘천시 춘주로 194, 1층 (퇴계동)"
한식,고기싸롱후평점,"강원특별자치도 춘천시 춘천로 324, 2층 (후평동)"
경양식,황금로부대전골춘천점,"강원특별자치도 춘천시 충혼길8번길 9-3, 1층 (퇴계동)"
경양식,마이플레이스,"강원특별자치도 춘천시 칠전동1길 5-7, 1층 (칠전동)"
한식,고창풍천장어,강원특별자치도 춘천시 남산면 소주고개로 459-4
한식,운수대통닭갈비,강원특별자치도 춘천시 백령로138번길 14 (효자동)
기타,시골낙지,"강원특별자치도 춘천시 시청길10번길 13, 지하1층 (조양동)"
기타,필인두드림,"강원특별자치도 춘천시 행촌로32번길 5-9, 지하1층 (퇴계동)"
한식,보영이네해물칼국수만천리점,강원특별자치도 춘천시 동면 만천로 145
중국식,명품탕수육,"강원특별자치도 춘천시 백령로115번길 26, 1층 (효자동)"
김밥(도시락),연가지가,강원특별자치도 춘천시 남산면 남이섬길 1
호프/통닭,필젠,"강원특별자치도 춘천시 동내면 외솔길 49, 1층"
기타,스무숲길가,"강원특별자치도 춘천시 스무숲1길 51, 1층 (석사동)"
한식,더밥(THEBAB),"강원특별자치도 춘천시 춘주로91번길 10, 1층 (온의동)"
한식,물레방아집,강원특별자치도 춘천시 서면 삿갓봉길 98 ((1층))
호프/통닭,이모네돼지갈비부속구이,강원특별자치도 춘천시 애막골길7번길 25-1 (석사동)
경양식,골프존파크근화백마점,"강원특별자치도 춘천시 공지로 442-28, 1층 (근화동)"
식육(숯불구이),강남숯불구이,강원특별자치도 춘천시 영서로2279번길 21 (온의동)
한식,생곡막국수춘천점,"강원특별자치도 춘천시 동면 춘천순환로 408, 1층"
일식,미미카츠,"강원특별자치도 춘천시 서부대성로 91, 1,2층 (조양동)"
일식,이자카야봄날,"강원특별자치도 춘천시 우묵들길 40, 1층 (퇴계동)"
기타,바게트하우스,"강원특별자치도 춘천시 삭주로 59-1, 1층 (교동)"
횟집,오늘도삼겹살,"강원특별자치도 춘천시 보안길 61 (후평동, 1층)"
한식,반찬투정,"강원특별자치도 춘천시 동내면 거두택지길26번길 16-10, 1층"
호프/통닭,행복한밥집,"강원특별자치도 춘천시 춘천로 345 (후평동, 1층)"
한식,장터생고기,강원특별자치도 춘천시 신흥길 15-1 (우두동)
한식,음메수구레해장국,강원특별자치도 춘천시 보안길 17 (후평동)
한식,새미골추어탕,강원특별자치도 춘천시 서부대성로48번길 26-1 (요선동)
식육(숯불구이),곱분이곱창거두점,"강원특별자치도 춘천시 동내면 거두택지길 16-1, 1층"
탕류(보신용),조부자매운순대가장학점,"강원특별자치도 춘천시 춘천로 414, 1층 (후평동)"
식육(숯불구이),춘천삼겹살,"강원특별자치도 춘천시 퇴계로145번길 3-12, 1층 (퇴계동)"
기타,가인,강원특별자치도 춘천시 춘천로 285 (후평동)
한식,박사마을닭갈비막국수,강원특별자치도 춘천시 서면 박사로 1060
기타,로즈드마이,"강원특별자치도 춘천시 춘천로138번길 9, 1층 (운교동)"
기타,느만장,"강원특별자치도 춘천시 동면 가락재로 177, 1층"
호프/통닭,수옛날통닭장학점,"강원특별자치도 춘천시 동면 춘천로449번길 9, 1층 101호"
한식,청송막국수,강원특별자치도 춘천시 벌말길 68 (석사동)
기타,고미당,"강원특별자치도 춘천시 후석로59번길 9-3, 1층 (석사동)"
호프/통닭,올리브치킨,"강원특별자치도 춘천시 금강로 87-1, 1층 (운교동)"
횟집,대포항횟집,"강원특별자치도 춘천시 성심로 37 (효자동, 1층)"
한식,지암막국수,"강원특별자치도 춘천시 사북면 화악지암길 602, 1층"
한식,한촌설렁탕춘천만천점,"강원특별자치도 춘천시 동면 춘천순환로 391, 1층"
횟집,박군한우,"강원특별자치도 춘천시 퇴계로145번길 11-6, 1층 (퇴계동)"
한식,포랑온의점,"강원특별자치도 춘천시 춘천로17번길 21, 춘천강남하이엔드 1층 103호 (온의동)"
기타,파피루스,"강원특별자치도 춘천시 안마산로 21, 1층 (온의동)"
한식,밥보네집,"강원특별자치도 춘천시 서부대성로239번길 4, 3동 1층 (효자동)"
한식,손님입맛대로,"강원특별자치도 춘천시 동부시장길 8, 1층 62,63호호 (운교동, 동부시장)"
일식,온해,"강원특별자치도 춘천시 퇴계농공로 9, 넥서스프라자 1층 103호 (석사동)"
식육(숯불구이),메가푸드,"강원특별자치도 춘천시 성심로 5, 1층 (교동)"
기타,구팔범,"강원특별자치도 춘천시 남산면 강촌로 104, 1층"
경양식,부꾸보꾸,"강원특별자치도 춘천시 효석로89번길 32, 1층 (석사동)"
중국식,수짬뽕,"강원특별자치도 춘천시 공지로 276-3, 1층 (효자동)"
한식,뼈대있는집,"강원특별자치도 춘천시 우석로 32, 1층 105,106호 (석사동)"
식육(숯불구이),5감족발,"강원특별자치도 춘천시 효평길 43, 1층 101호 (효자동)"
한식,흥부밥상,"강원특별자치도 춘천시 신동면 한치로 988, 1층"
한식,진미식당,"강원특별자치도 춘천시 서부대성로44번길 22-1, 1층 (요선동)"
식육(숯불구이),소담송하,강원특별자치도 춘천시 중앙로 2 (요선동)
한식,고미고미,"강원특별자치도 춘천시 근화길15번길 17, 1층 (근화동)"
한식,낭만국수집,강원특별자치도 춘천시 서부대성로57번길 2 (옥천동)
호프/통닭,강남1984,"강원특별자치도 춘천시 남춘로36번길 8, 2,3층 (퇴계동)"
한식,함평한우,강원특별자치도 춘천시 스포츠타운길 431 (삼천동)
식육(숯불구이),가라매기닭갈비,강원특별자치도 춘천시 영서로2756번길 2 (우두동)
기타,와꾸만,"강원특별자치도 춘천시 춘주로187번길 20-22 (퇴계동, (1층)오른쪽)"
기타,프리에어스페이스(Free Air Space),"강원특별자치도 춘천시 서부대성로 241, 2층 (효자동)"
중국식,교동짬뽕(남춘천점),"강원특별자치도 춘천시 우묵길56번길 10, 1층 (퇴계동)"
일식,온찬,"강원특별자치도 춘천시 백령로 6, 1층 (효자동)"
중국식,미소차이니즈레스토랑,강원특별자치도 춘천시 안마산로 107 (퇴계동)
중국식,서면반점,"강원특별자치도 춘천시 서면 박사로 973, 1층"
한식,"호반닭갈비,막국수",강원특별자치도 춘천시 춘주로92번길 35 (온의동)
한식,두하닭갈비막국수,강원특별자치도 춘천시 스포츠타운길399번길 19 (삼천동)
중국식,착한중식야식,"강원특별자치도 춘천시 소양고개길 29, 한신휴플러스아파트상가 1층 102호 (요선동)"
기타,조선땡초우동춘천점,"강원특별자치도 춘천시 중앙로 지하 48, 지하1층 다열13호 (요선동)"
기타,산마루,"강원특별자치도 춘천시 후석로393번길 31, 1층 (후평동)"
호프/통닭,짬부돈,"강원특별자치도 춘천시 퇴계로 5 (퇴계동, 좌측)"
탕류(보신용),대룡산은혜식당,강원특별자치도 춘천시 동내면 학곡동1길 7
일식,퓨전요리주점도도,강원특별자치도 춘천시 서부대성로44번길 16-1 (요선동)
분식,삼성분식,"강원특별자치도 춘천시 충열로 30 (우두동, 삼성아파트상가 103호)"
식육(숯불구이),특공제육부페,강원특별자치도 춘천시 신북읍 신샘밭로 621
식육(숯불구이),황쓰도깨비집숯불닭갈비,강원특별자치도 춘천시 금강로62번길 11 (조양동)
한식,천하일미 닭갈비,강원특별자치도 춘천시 영서로2279번길 25 (온의동)
한식,우리식당,강원특별자치도 춘천시 남춘로55번길 3 (효자동)
한식,시골막국수,강원특별자치도 춘천시 신북읍 율문길 100
탕류(보신용),산골흑염소,강원특별자치도 춘천시 신북읍 율문3길 37
기타,반올림피자샵춘천1호점,"강원특별자치도 춘천시 삭주로 44, 1층 (교동)"
기타,김밥옆구리,"강원특별자치도 춘천시 동내면 거두택지길 39, 1층 103호"
한식,세할머니막국수,"강원특별자치도 춘천시 우석로4번길 11-2, 1층 (석사동)"
한식,북한강식당,강원특별자치도 춘천시 남산면 북한강변길 910-24 (2리)
기타,카페마르,"강원특별자치도 춘천시 닥나무길 12, 1층 (효자동)"
분식,청춘꼬마김밥퇴계점,"강원특별자치도 춘천시 안마산로 115, 이편한세상 춘천 한숲시티 상가A동 1층 A3-105호 (퇴계동)"
분식,영석돈까스,"강원특별자치도 춘천시 춘천로151번길 5-1, 1층 (운교동)"
횟집,평창송어,"강원특별자치도 춘천시 영서로 2155, 2층 (퇴계동)"
분식,경성푸드빌,"강원특별자치도 춘천시 벌말길 104, 1층 (석사동)"
한식,더(The)다정한밥상,"강원특별자치도 춘천시 동내면 순환대로 990, 1, 2층"
경양식,애막골상회,"강원특별자치도 춘천시 우석로79번길 11-11, 1층 (석사동)"
일식,강빠,"강원특별자치도 춘천시 우석로79번길 5, 1층 (석사동)"
기타,샤브명가,"강원특별자치도 춘천시 안마산로 110, B1층 108호 (퇴계동)"
식육(숯불구이),남춘천아이씨명품한우,"강원특별자치도 춘천시 동산면 종자리로 293, 1층"
분식,김앤밥(김&밥),"강원특별자치도 춘천시 보안길 1, 1층 (후평동)"
한식,인어의집,강원특별자치도 춘천시 신동면 옛경춘로 114
통닭(치킨),비에치씨퇴계씨지브이점(bhc퇴계CGV점),"강원특별자치도 춘천시 안마산로 231, 1층 (퇴계동)"
한식,이모네밥상,"강원특별자치도 춘천시 스무숲1길 38-8, 1층 (석사동)"
기타,노랑노랑,"강원특별자치도 춘천시 보안길 36, 상가1동 106호 (후평동, 우미린뉴시티)"
한식,청담골고깃집,강원특별자치도 춘천시 충혼길8번길 11 (퇴계동)
식육(숯불구이),워낭,강원특별자치도 춘천시 후만로116번길 21 (후평동)
호프/통닭,60계강원춘천우두점,"강원특별자치도 춘천시 충열로16번길 5-15, 1층 (우두동)"
한식,부원,"강원특별자치도 춘천시 동면 금촌로 398, 1층"
탕류(보신용),박가부대춘천강대점,"강원특별자치도 춘천시 백령로138번길 41 (효자동, 2층)"
한식,갤러리팜관광농원,강원특별자치도 춘천시 북산면 신샘밭로 1158
식육(숯불구이),우물정,강원특별자치도 춘천시 우석로79번길 16-22 (석사동)
호프/통닭,에피르,강원특별자치도 춘천시 남산면 강촌로 116 (1리)
한식,포시즌,강원특별자치도 춘천시 남산면 방하로 469
한식,육대장,"강원특별자치도 춘천시 만천로195번길 9, 1층 (후평동)"
한식,예원일식,"강원특별자치도 춘천시 동면 춘천순환로 497, 제2동 1층"
기타,황금밥상,"강원특별자치도 춘천시 효명길 3, 1층 (효자동)"
한식,맘마,"강원특별자치도 춘천시 벌말길 59, 1층 (석사동)"
횟집,호반송어회배달전문점,"강원특별자치도 춘천시 후석로 65, 1층 (석사동)"
식육(숯불구이),대웅닭갈비막국수,강원특별자치도 춘천시 동면 금옥길 5
한식,유성가든,강원특별자치도 춘천시 북산면 북산로 5-16
까페,랍다,"강원특별자치도 춘천시 외솔길 10-1, 1층 (석사동)"
탕류(보신용),불굴의차여사감자탕장학점,"강원특별자치도 춘천시 동면 춘천로449번길 11-2, 1층"
기타,포아이니춘천후평점,"강원특별자치도 춘천시 보안길 71, 1층 2호 (후평동)"
분식,김밥천국(우두점),"강원특별자치도 춘천시 충열로 39 (우두동, A동3호)"
분식,벨몽드참참참스넥,"강원특별자치도 춘천시 춘천로 197-1, 1층 (효자동)"
호프/통닭,소쿠리해장국,강원특별자치도 춘천시 서부대성로 223-2 (효자동)
한식,쭈꾸미시스터즈춘천점,"강원특별자치도 춘천시 중앙로67번길 15 (조양동, 2층)"
기타,카페455,강원특별자치도 춘천시 서면 박사로 455
통닭(치킨),교촌치킨퇴계1호점,"강원특별자치도 춘천시 행촌로 29, 대원빌딩 1층 (퇴계동)"
분식,좋은친구들,"강원특별자치도 춘천시 서부대성로239번길 69-2, 1층 (후평동)"
한식,가족쉼터,강원특별자치도 춘천시 사북면 화악지암길 686-10
호프/통닭,차칸통닭,강원특별자치도 춘천시 공지로441번길 6 (근화동)
한식,두메막국수,강원특별자치도 춘천시 신북읍 배후령길 48
한식,오수물막국수,강원특별자치도 춘천시 신북읍 맥국2길 15
한식,초가뭉텅찌개,강원특별자치도 춘천시 신북읍 율문길 107-1
식육(숯불구이),석돌판돼지구이,"강원특별자치도 춘천시 백령로 220 (후평동, 1층)"
한식,미가,"강원특별자치도 춘천시 춘천로170번길 10, 2층 (운교동)"
한식,밴클럽,"강원특별자치도 춘천시 신북읍 서원말길 8, 1층"
한식,숲속의쉼터,강원특별자치도 춘천시 사북면 화악지암길 686-1
한식,갓골가든,강원특별자치도 춘천시 사북면 화악지암길 765
한식,지암가든,강원특별자치도 춘천시 사북면 화악지암길 600-3
한식,강촌걸리버여행기,강원특별자치도 춘천시 남산면 북한강변길 910-44
한식,백두산어탕국수,강원특별자치도 춘천시 남산면 강촌로 393
한식,거두촌두부,"강원특별자치도 춘천시 신북읍 율문길 85, 1층"
호프/통닭,너와집,"강원특별자치도 춘천시 서부대성로 187-2, 1층 (효자동)"
한식,등촌 샤브 칼국수,"강원특별자치도 춘천시 금강로 32-1 (소양로3가, 169-2,180-1,180-2)"
한식,한양시래기명태조림춘천점,"강원특별자치도 춘천시 영서로 2195 (퇴계동, (굿모닝마트2층))"
분식,박가네칼국수,"강원특별자치도 춘천시 영서로 2352-24, 12동 87호 (온의동)"
한식,화동손칼국수,"강원특별자치도 춘천시 춘천로 205-1, 1층 (효자동)"
호프/통닭,정원,"강원특별자치도 춘천시 우묵길78번길 20, 1층 (퇴계동)"
호프/통닭,계열사,"강원특별자치도 춘천시 퇴계로 205, 1층 (석사동)"
한식,꽃게신랑아구각시,강원특별자치도 춘천시 퇴계로 65 (퇴계동)
한식,대성식당,"강원특별자치도 춘천시 중앙로166번길 6, 1층 (근화동)"
한식,강원대학교병원장례식장,"강원특별자치도 춘천시 백령로 156, 3동 1층 (효자동)"
호프/통닭,가르텐보리정원신사우점,"강원특별자치도 춘천시 충열로16번길 5-10, 1층 (우두동)"
호프/통닭,가마치통닭장학점,"강원특별자치도 춘천시 동면 소양강로 100-1, 춘천장학엘에이치1단지 101호좌측 상가동 1층"
분식,벨몽드본점김밥,강원특별자치도 춘천시 춘천로 197-1 (효자동)
한식,아띠,강원특별자치도 춘천시 삭주로 191 (후평동)
한식,의암호가든,강원특별자치도 춘천시 서면 박사로 233-15 (1리)
한식,삼악산가든,강원특별자치도 춘천시 서면 박사로 233-11
한식,풀내음,강원특별자치도 춘천시 신북읍 상천3길 36-1
김밥(도시락),춘천김밥나라,"강원특별자치도 춘천시 춘천로296번길 4 (후평동, 1층)"
기타,감포생아구찜,"강원특별자치도 춘천시 영서로2279번길 25, 1층 (온의동)"
기타,TRAM(트램),"강원특별자치도 춘천시 스무숲1길 4-1, 1층 (석사동)"
한식,풍미닭갈비,강원특별자치도 춘천시 운교길 7 (운교동)
한식,멍석식당,강원특별자치도 춘천시 전원길 1 (운교동)
한식,원두막식당,강원특별자치도 춘천시 서면 박사로 815
횟집,평남횟집,강원특별자치도 춘천시 서면 삿갓봉길 26
한식,김삿갓한식전문점,"강원특별자치도 춘천시 운교길 16-1, 1층 (운교동, 외2필지)"
호프/통닭,동부실내포장마차,"강원특별자치도 춘천시 동부시장길 8, 1층 79,80호 (운교동, 동부시장현대아파트)"
한식,평양냉면,강원특별자치도 춘천시 영서로 3036 (사농동)
한식,청룡뿌리,강원특별자치도 춘천시 서면 경춘로 635
한식,옛날맛추어탕,"강원특별자치도 춘천시 영서로 2875, 1,2층 (사농동)"
한식,이대가촌집막국수.닭갈비,강원특별자치도 춘천시 영서로 3065 (사농동)
호프/통닭,앳(AT),"강원특별자치도 춘천시 백령로138번길 15, 4층 (효자동)"
한식,남춘천그늘집,강원특별자치도 춘천시 퇴계로69번길 16 (퇴계동)
한식,명가한식뷔페,강원특별자치도 춘천시 동산면 조양길 286
까페,엘페스,"강원특별자치도 춘천시 삭주로 89-4, 104,105호 (후평동, 현대맨션빌라)"
식육(숯불구이),돼지한마리일성점,"강원특별자치도 춘천시 우묵길78번길 5, 1층 (퇴계동)"
한식,별미막국수,강원특별자치도 춘천시 자라우길 7-17 (온의동)
식육(숯불구이),백년갈비춘천점,"강원특별자치도 춘천시 후석로455번길 44, 1층 (후평동)"
기타,라데나골프클럽(스타트하우스),"강원특별자치도 춘천시 신동면 칠전동길 72, 1층"
기타,(주)춘천장어마을,강원특별자치도 춘천시 신북읍 사랑말길 145
식육(숯불구이),가마솥통닭,"강원특별자치도 춘천시 석사길 9, 1층 (석사동)"
한식,승우(承牛),"강원특별자치도 춘천시 퇴계로145번길 15-10, 1층 (퇴계동)"
한식,산골청국장,강원특별자치도 춘천시 신북읍 신북로 248
중국식,주짬뽕,강원특별자치도 춘천시 동내면 동내로 102-6
한식,춘천궁중삼계탕,강원특별자치도 춘천시 공지로 216 (효자동)
한식,할머니집,강원특별자치도 춘천시 명동길29번길 11 (죽림동)
한식,삼천동코다리찜,"강원특별자치도 춘천시 스포츠타운길 398, 1층 (삼천동)"
기타,조선점쟁이강신무점술카페,"강원특별자치도 춘천시 후석로 63, 1층 (석사동)"
식육(숯불구이),백화스시,"강원특별자치도 춘천시 동내면 거두택지길26번길 24, 1층"
기타,문화돈까스,"강원특별자치도 춘천시 서부대성로 255, 1층 (효자동)"
기타,일만족발춘천점,"강원특별자치도 춘천시 백령로 138, 1층 (효자동)"
호프/통닭,아오리라멘춘천강대병원점,강원특별자치도 춘천시 서부대성로239번길 33 (후평동)
기타,리얼카맥,"강원특별자치도 춘천시 솟발1길 4-81, 1층 1호 (퇴계동)"
분식,왕짱구,강원특별자치도 춘천시 춘천로 195 (효자동)
한식,새술막막국수,강원특별자치도 춘천시 동산면 새술막길 695 (3리)
식육(숯불구이),툇골바위집,강원특별자치도 춘천시 서면 툇골길 711-12 (2리)
한식,7080위드유,강원특별자치도 춘천시 영서로2753번길 4 (우두동)
분식,명동칼국수,강원특별자치도 춘천시 영서로 3138 (신동)
한식,샘물가든,강원특별자치도 춘천시 서면 서상로 369
한식,고향산천,"강원특별자치도 춘천시 삭주로 118, 1층 (후평동, 우측)"
김밥(도시락),김밥나라,"강원특별자치도 춘천시 안마산로 346, 1층 (석사동)"
한식,티하우스3식당,강원특별자치도 춘천시 남산면 동촌로 501
한식,시골길낙지볶음,"강원특별자치도 춘천시 영서로2269번길 5, 1층 (퇴계동)"
호프/통닭,보드람치킨,"강원특별자치도 춘천시 지석로 85, 1층 112호 (석사동)"
경양식,한옥(cucina),"강원특별자치도 춘천시 약사고개길49번길 13, 1층 (약사동)"
한식,구곡촌두부,강원특별자치도 춘천시 남산면 강촌구곡길 78 (1리)
한식,초설식당,강원특별자치도 춘천시 사북면 춘화로 765 (2리)
기타,파머스가든,강원특별자치도 춘천시 신북읍 신샘밭로 380
한식,강변식당,강원특별자치도 춘천시 사북면 화악지암길 785
한식,소주신랑보쌈부인,"강원특별자치도 춘천시 서부대성로 226, 2층 (효자동)"
기타,셀카페,"강원특별자치도 춘천시 수풍골길13번길 11, 1층 (후평동)"
한식,솥담순두부춘천퇴계점,"강원특별자치도 춘천시 안마산로 110, 하윤빌딩 지하1층 (퇴계동)"
한식,곱창킬러본점,강원특별자치도 춘천시 효제길 33 (효자동)
경양식,오하이하우스,"강원특별자치도 춘천시 옛경춘로 585, 1층 (칠전동)"
한식,풍전가든,강원특별자치도 춘천시 사북면 화악지암길 600-67
한식,우물막국수,강원특별자치도 춘천시 서면 박사로 755
한식,월송유로베이커리앤로스터리,강원특별자치도 춘천시 서면 경춘로 349-1 (2리)
호프/통닭,투다리강변점,강원특별자치도 춘천시 충열로 14 (우두동)
식육(숯불구이),춘천서면닭갈비,"강원특별자치도 춘천시 서면 박사로 887, 1층"
한식,티하우스2식당,강원특별자치도 춘천시 남산면 동촌로 501
식육(숯불구이),춘천찐숯불닭갈비,"강원특별자치도 춘천시 행촌로32번길 5-26, 1층 102호 (퇴계동)"
기타,그랑프리당구장,"강원특별자치도 춘천시 행촌로 27, 3층 (퇴계동)"
한식,모미리막국수,"강원특별자치도 춘천시 만천로233번길 14, 1층 (후평동)"
한식,봄봄한식부폐,"강원특별자치도 춘천시 공단로 70, 1층 102호 (후평동)"
기타,이랏샤이밤새,"강원특별자치도 춘천시 백령로138번길 36, 지하1층 (효자동)"
일식,동경,"강원특별자치도 춘천시 공지로 149, 3층 (석사동, 동진빌딩)"
중국식,차이나게이트,"강원특별자치도 춘천시 애막골길7번길 31-1, 1층 (석사동)"
기타,호수를베고누워,"강원특별자치도 춘천시 영서로 2664 (근화동, 3층)"
한식,소양강다슬기학곡점,강원특별자치도 춘천시 동내면 영서로 1791
한식,시골밥상,강원특별자치도 춘천시 보안길 79 (후평동)
한식,보양오리숯불구이,강원특별자치도 춘천시 충열로16번길 4 (우두동)
식육(숯불구이),곤지암할매소머리국밥,"강원특별자치도 춘천시 충혼길18번길 4, 1층 (퇴계동)"
한식,클럽하우스대식당,"강원특별자치도 춘천시 남산면 동촌로 501, 2층"
호프/통닭,처갓집양념치킨남부점,"강원특별자치도 춘천시 공지로 354 (효자동, 우측두번째)"
통닭(치킨),멕시칸(석사2지구점),"강원특별자치도 춘천시 후석로228번길 21, 101,102호 (후평동, 석사2지구아파트상가)"
한식,소양댐숯불닭갈비,강원특별자치도 춘천시 신북읍 신샘밭로 687 (4리)
한식,동혜원,강원특별자치도 춘천시 가연길 5 (소양로4가)
한식,"회,장,메",강원특별자치도 춘천시 화목원길 21 (사농동)
식육(숯불구이),춘천왕닭갈비숯불철판,"강원특별자치도 춘천시 충혼길5번길 2, 1층 (퇴계동)"
식육(숯불구이),팔도한방오리,강원특별자치도 춘천시 효석로 27 (효자동)
한식,인제재래식손두부1호점,"강원특별자치도 춘천시 동내면 영서로 1765, 1층"
기타,그레이빌,"강원특별자치도 춘천시 후석로440번길 63, 1층 (후평동)"
기타,송암42,"강원특별자치도 춘천시 송암길 42-1, 1층 (송암동)"
한식,소우,"강원특별자치도 춘천시 남산면 한치로 116, 1층"
기타,더담은숯불닭갈비,"강원특별자치도 춘천시 남산면 김유정로 332, 1층"
기타,더담은숯불닭갈비,"강원특별자치도 춘천시 남산면 김유정로 334, 1층"
중국식,장수장,강원특별자치도 춘천시 백령로147번길 2 (효자동)
한식,세월교밥집,"강원특별자치도 춘천시 신북읍 신샘밭로 749, 1층"
기타,교토정원,"강원특별자치도 춘천시 서부대성로 98, 1층 (조양동)"
한식,탄탄면공방 춘천점,"강원특별자치도 춘천시 백령로138번길 49, 1층 (효자동)"
한식,케이제이푸드(KJ푸드),"강원특별자치도 춘천시 효자로 73, 1층 (효자동)"
한식,대관령,강원특별자치도 춘천시 동내면 거두택지길4번길 7-5
한식,오가네,강원특별자치도 춘천시 삭주로 203 (후평동)
기타,전통황실김치찜&찌개춘천점,강원특별자치도 춘천시 공지로 104 (석사동)
기타,연애골토종닭백숙,"강원특별자치도 춘천시 남산면 김유정로 5, 1층"
기타,카페오즈,"강원특별자치도 춘천시 동내면 동내로 341-19, 1층"
기타,이소,"강원특별자치도 춘천시 춘천로 34, 1층 (퇴계동)"
한식,알또,"강원특별자치도 춘천시 보안길 12-1, 1층 (후평동)"
기타,금옥,"강원특별자치도 춘천시 동면 금옥길 289-27, 1층"
한식,주문진바다생선구이,강원특별자치도 춘천시 동내면 거두택지길 61-1
분식,전나루터,"강원특별자치도 춘천시 석사길5번길 37, 1층 (석사동)"
기타,수내닭꼬치(퇴계점),"강원특별자치도 춘천시 퇴계로105번길 7, 1층 (퇴계동)"
호프/통닭,스퀴즈브루어리,"강원특별자치도 춘천시 공지로 353, 1,2층 (효자동)"
일식,무국적술집평안,"강원특별자치도 춘천시 낙원길 46-2, 1층 (중앙로2가)"
기타,황가네감자옹심이,"강원특별자치도 춘천시 춘천로255번길 2, 1층 (후평동)"
한식,가마솥보리밥,"강원특별자치도 춘천시 신동면 풍류길 12, 1층"
호프/통닭,이차루,강원특별자치도 춘천시 동내면 영서로 1779 (2층)
기타,마라공방,"강원특별자치도 춘천시 영서로 2319, 상가동 1층 103호 (온의동, 금호3차아파트)"
한식,칠전쭈꾸미,"강원특별자치도 춘천시 칠전서길 24-1, 1층 (칠전동)"
뷔페식,만천리한식뷔페,"강원특별자치도 춘천시 동면 만천로 155, 1층"
한식,봄식당,"강원특별자치도 춘천시 방송길 77, 지하1층 B116호 (온의동, 춘천 센트럴타워 푸르지오)"
기타,오월정원,"강원특별자치도 춘천시 서면 납실길 329, 1층"
식육(숯불구이),태평소삼천파크점,"강원특별자치도 춘천시 스포츠타운길 453, 1층 (삼천동)"
한식,한림밥상,"강원특별자치도 춘천시 동면 만천양지길 149, 1층"
한식,5.5닭갈비,강원특별자치도 춘천시 남춘로 33 (퇴계동)
한식,강변,"강원특별자치도 춘천시 남면 한덕발산길 15, 1층"
기타,장터먹거리,"강원특별자치도 춘천시 영서로 2352-21, 풍물시장 2동 202호 (온의동)"
한식,호동장어(짱),"강원특별자치도 춘천시 사우로 38, 105, 106호 (사농동)"
한식,촌놈,"강원특별자치도 춘천시 후석로 361 (후평동, 1층)"
기타,봄내스크린골프,"강원특별자치도 춘천시 공지로 216, 2층 (효자동)"
기타,옐로우피자춘천점,"강원특별자치도 춘천시 서부대성로 190, 1층 (효자동)"
기타,메가엠지씨커피춘천애막골점,"강원특별자치도 춘천시 후석로186번길 16, 1층 (석사동)"
한식,피알(P.R),"강원특별자치도 춘천시 백령로138번길 18, 2층 (효자동)"
일식,스시젠,"강원특별자치도 춘천시 효자로 39, 1층 (효자동)"
기타,부다페스트,"강원특별자치도 춘천시 우묵길78번길 18, 2~3층 (퇴계동)"
한식,밥이랑국이랑,강원특별자치도 춘천시 동산면 영서로 411
기타,토가돈,"강원특별자치도 춘천시 동내면 거두길 30, 1층"
분식,엄마분식,"강원특별자치도 춘천시 우두1길 61, 1층 (우두동)"
기타,페리카나석사점,"강원특별자치도 춘천시 공지로252번길 4, 1층 (효자동)"
한식,밀보리손칼국수,"강원특별자치도 춘천시 동내면 외솔길19번길 56-19, 1층"
기타,벤첼리,"강원특별자치도 춘천시 사북면 춘화로 631, 1, 2층"
분식,(신)옹달샘,"강원특별자치도 춘천시 영서로 2352-44 (온의동, 상가12동83호)"
한식,육림집,"강원특별자치도 춘천시 영서로 2352-44, 12동 1층 90호 (온의동, 풍물시장)"
중국식,팔봉루,강원특별자치도 춘천시 남산면 김유정로 278
한식,강남동골목원조닭갈비,강원특별자치도 춘천시 충혼길52번길 20-4 (온의동)
식육(숯불구이),왕소갈비,강원특별자치도 춘천시 춘천로 380 (후평동)
호프/통닭,예가,강원특별자치도 춘천시 영서로2279번길 30 (온의동)
한식,대박갈매기살,"강원특별자치도 춘천시 우묵길78번길 24, 1층 (퇴계동)"
한식,시실리,"강원특별자치도 춘천시 우묵길78번길 20, 1층 (퇴계동)"
한식,부영식당,강원특별자치도 춘천시 북산면 오봉산길 697
한식,삼포하마가든,강원특별자치도 춘천시 신동면 김유정로 1066
횟집,윤수산,"강원특별자치도 춘천시 동면 가산로 184, 1층"
한식,국민낙곱새춘천점,"강원특별자치도 춘천시 방송길 77, 상가동 1층 1110,1140호 (온의동, 춘천 센트럴타워 푸르지오)"
한식,제일식당,강원특별자치도 춘천시 경춘로 2341 (온의동)
한식,소양호어탕국수,강원특별자치도 춘천시 동면 소양강로 314
분식,송주불냉면후평점,강원특별자치도 춘천시 후만로 79 (후평동)
식육(숯불구이),일점오닭갈비,강원특별자치도 춘천시 후만로 77 (후평동)
식육(숯불구이),형제숯불닭갈비,강원특별자치도 춘천시 후만로 79 (후평동)
한식,더든든한밥상,"강원특별자치도 춘천시 공지로 349, 1층 (효자동)"
식육(숯불구이),고반식당춘천우두점,"강원특별자치도 춘천시 충열로91번길 77, 1층 (우두동)"
식육(숯불구이),오삼겹,"강원특별자치도 춘천시 공지로451번길 8, 1층 (근화동)"
식육(숯불구이),명륜진사갈비 춘천우두점,강원특별자치도 춘천시 사우로 72-11 (우두동)
한식,도토리쉼터,강원특별자치도 춘천시 남산면 강촌구곡길 328
호프/통닭,교촌치킨춘천교대점,"강원특별자치도 춘천시 동내면 춘천순환로 67, 1층"
통닭(치킨),페리카나치킨부안체인,강원특별자치도 춘천시 후석로 261 (후평동)
식육(숯불구이),오즈램스바,"강원특별자치도 춘천시 퇴계로 34, 1층 (퇴계동)"
통닭(치킨),맘스터치후평점,"강원특별자치도 춘천시 후석로 326, 3층 (후평동)"
호프/통닭,달빛포차,"강원특별자치도 춘천시 춘천로 239-1 (효자동, 1층)"
기타,길가애,"강원특별자치도 춘천시 충열로142번길 4, 1층 (우두동)"
분식,나라국수꼬마김밥,"강원특별자치도 춘천시 영서로 2352-32, 풍물시장 60,61호 (온의동)"
"외국음식전문점(인도,태국등)",초선마라춘천점,"강원특별자치도 춘천시 효석로9번길 18, 1층 102호 (효자동)"
기타,윌골프존&프렌즈스크린,"강원특별자치도 춘천시 김유정로 1852-21, 3층 (퇴계동)"
한식,큰샛터막국수,"강원특별자치도 춘천시 동내면 영서로 1745-14, 1층"
한식,송탄부대찌개,"강원특별자치도 춘천시 동면 춘천순환로 841, 1층"
식육(숯불구이),장대박애막골점,"강원특별자치도 춘천시 애막골길11번길 8, 1층 (석사동)"
한식,옛날맛해장국,"강원특별자치도 춘천시 우묵들길 11, 1층 (퇴계동)"
기타,톰커피바,"강원특별자치도 춘천시 소양고개길 50-7, 1층 (요선동)"
식육(숯불구이),명륜진사갈비춘천온의점,"강원특별자치도 춘천시 스포츠타운길 494, 1층 101,102호 (온의동)"
기타,거두팔팔순대국,"강원특별자치도 춘천시 동내면 거두택지길 56, 1층"
중국식,루앤루,"강원특별자치도 춘천시 우석로85번길 20-8, 1층 (석사동)"
한식,오롯밀,"강원특별자치도 춘천시 공지로 384-9, 2층 (약사동)"
한식,삼겹천하,강원특별자치도 춘천시 세실로 212 (후평동)
식육(숯불구이),쌩,강원특별자치도 춘천시 후석로 242-1 (후평동)
한식,삼대막국수,강원특별자치도 춘천시 남춘로5번길 22 (퇴계동)
한식,퇴계골,"강원특별자치도 춘천시 스무숲1길 68, 1층 (석사동)"
한식,해미담,강원특별자치도 춘천시 효자로24번길 12 (퇴계동)
기타,우체통,강원특별자치도 춘천시 안마산로 24 (온의동)
한식,송가네냉면주는알밥집,"강원특별자치도 춘천시 삭주로 78-1 (교동, 2층)"
탕류(보신용),동부흑염소탕,강원특별자치도 춘천시 교운길 3-1 (운교동)
한식,스지명당,강원특별자치도 춘천시 우묵길70번길 32 (퇴계동)
식육(숯불구이),춘천평창갈비탕춘천삼천점,"강원특별자치도 춘천시 옛경춘로 787, 1층 (삼천동)"
기타,씨지브이춘천매점(1),"강원특별자치도 춘천시 지석로 80, 3층 304호 (퇴계동, 춘천씨너스카펠라빌딩)"
식육(숯불구이),쉬즈삼겹,강원특별자치도 춘천시 애막골길11번길 3 (석사동)
한식,봉관이네오징어천국,"강원특별자치도 춘천시 스무숲1길 4-14, 1층 (석사동)"
기타,삼천동카페,강원특별자치도 춘천시 옛경춘로 807 (삼천동)
통닭(치킨),치킨형님,"강원특별자치도 춘천시 후석로186번길 30-3 (석사동, 1층)"
일식,마구로 강(姜),"강원특별자치도 춘천시 후석로 120, NH타운 ENTA 204호 (석사동)"
횟집,회솜씨,"강원특별자치도 춘천시 후석로 253-1, 1층 (후평동)"
일식,모리스시,"강원특별자치도 춘천시 영서로 2938, 1층 (사농동)"
호프/통닭,모이자호프,"강원특별자치도 춘천시 춘천로 263, 1층 (후평동)"
한식,철길부산집애막골점,"강원특별자치도 춘천시 애막골길7번길 20-1, 1층 (석사동)"
분식,도쿄라멘춘천한림대점,"강원특별자치도 춘천시 삭주로 69, 1층 (교동)"
식육(숯불구이),돌판마당,"강원특별자치도 춘천시 우묵길 72, 1층 (퇴계동)"
한식,석사포차,"강원특별자치도 춘천시 벌말길 109, 1층 (석사동)"
호프/통닭,삼태기,강원특별자치도 춘천시 우석로79번길 16-5 (석사동)
기타,솔길따라앤종가유황오리,"강원특별자치도 춘천시 동면 도토골길 62, 1층"
중국식,채오가짬뽕,강원특별자치도 춘천시 동내면 춘천순환로 132
한식,하누마루,강원특별자치도 춘천시 동산면 조양길 192
한식,고모네삼계탕,"강원특별자치도 춘천시 신동면 순환대로 32, 1층"
한식,명월촌오리집,강원특별자치도 춘천시 서면 명월길 259
식육(숯불구이),정원,"강원특별자치도 춘천시 서부대성로 223, 3동 2,3층 (효자동)"
한식,오누이가든,강원특별자치도 춘천시 서면 납실길 159
기타,둥지,"강원특별자치도 춘천시 동부시장길 12-5, 1층 (운교동)"
한식,도원뚝배기짬뽕본점,강원특별자치도 춘천시 남춘로 63 (효자동)
통닭(치킨),네네치킨(교동후평점),"강원특별자치도 춘천시 성심로 23-1 (교동, (1층))"
호프/통닭,비비큐,"강원특별자치도 춘천시 남산면 강촌로 100, 1층"
한식,집밥처럼,강원특별자치도 춘천시 스포츠타운길 439 (삼천동)
식육(숯불구이),장군막창구이,강원특별자치도 춘천시 우석로79번길 16-25 (석사동)
한식,청해루,"강원특별자치도 춘천시 동내면 거두택지길4번길 35, 1층"
식육(숯불구이),육점오,강원특별자치도 춘천시 동내면 거두택지길 41-11
기타,이편한스크린골프,"강원특별자치도 춘천시 안마산로 110, 1동 4층 401호 (퇴계동)"
한식,말탕개미도리탕,"강원특별자치도 춘천시 후석로393번길 31-1, 1층 (후평동)"
기타,고릴라,"강원특별자치도 춘천시 남산면 강촌로 123, 1층"
한식,대암감자탕,강원특별자치도 춘천시 백령로 19 (효자동)
한식,팔호가보자토종순대국,"강원특별자치도 춘천시 금강로121번길 6, 1층 (운교동)"
한식,곤지암할매소머리국밥,강원특별자치도 춘천시 후석로 299 (후평동)
중국식,한신각,강원특별자치도 춘천시 후석로250번길 19 (후평동)
중국식,석사반점,"강원특별자치도 춘천시 효석로67번길 25, 석사근로복지아파트 (석사동)"
뷔페식,호반,"강원특별자치도 춘천시 스포츠타운길 376, 1층 (삼천동)"
호프/통닭,멕시카나후평점,"강원특별자치도 춘천시 후석로326번길 31, 상가동 1층 107호 (후평동, 현대3차아파트)"
분식,덕이네,"강원특별자치도 춘천시 영서로 2352-12, 풍물시장 5동 2,3호 (온의동)"
한식,퓨전카페,"강원특별자치도 춘천시 서부대성로 12, 1층 129,91호 (소양로2가, 신동아아파트)"
한식,행복한밥상,"강원특별자치도 춘천시 동내면 외솔길19번길 69, 1층"
통닭(치킨),꼬꼬스치킨,"강원특별자치도 춘천시 춘주로 174 (퇴계동, (그린타운상가 102호))"
한식,옛날솥뚜껑감자탕,"강원특별자치도 춘천시 효평길 103, 1층 (후평동)"
식육(숯불구이),바다향,강원특별자치도 춘천시 신동면 정족길 188
기타,육선도,"강원특별자치도 춘천시 보안길 73, 1층 (후평동)"
기타,9우미닭갈비만천점,"강원특별자치도 춘천시 동면 만천로143번길 46-4, 1층"
한식,평창손왕정,"강원특별자치도 춘천시 효자로14번길 9, 1층 (퇴계동)"
중국식,중국성,"강원특별자치도 춘천시 영서로 2301, 1층 (온의동)"
한식,춘천장스무숲본점,"강원특별자치도 춘천시 스무숲1길 40, 1층 (석사동)"
기타,비비큐(BBQ)춘천조양점,"강원특별자치도 춘천시 시청길12번길 14, 1층 (조양동)"
기타,마라천향미마라탕,"강원특별자치도 춘천시 중앙로67번길 18, 4동 2층 4206호 (죽림동, 브라운가)"
한식,흔적,"강원특별자치도 춘천시 중앙로77번길 41, 2층 (운교동)"
기타,후평포차,"강원특별자치도 춘천시 춘천로 340, B동 1층 (후평동)"
한식,황금보쌈,"강원특별자치도 춘천시 후석로 395, 1층 (후평동)"
한식,아우와,"강원특별자치도 춘천시 동면 춘천순환로 720, 1층"
경양식,스테이블,"강원특별자치도 춘천시 영서로 2662, 2~3층 (근화동)"
기타,식신,"강원특별자치도 춘천시 충열로16번길 14, 1층 (우두동)"
한식,섬마을,강원특별자치도 춘천시 효자문길 18 (효자동)
기타,치즈보이,"강원특별자치도 춘천시 백령로147번길 13, 1층 (효자동)"
한식,참조은보리밥,"강원특별자치도 춘천시 효제길 13-1, 1층 (효자동)"
식육(숯불구이),조은숯불구이,"강원특별자치도 춘천시 남산면 한치로 110, 1층"
호프/통닭,챤스,강원특별자치도 춘천시 가연길 7 (소양로4가)
한식,유정손만두,강원특별자치도 춘천시 신동면 김유정로 1421
한식,유봉해물찜,"강원특별자치도 춘천시 퇴계로 63-1, 1층 (퇴계동)"
분식,진선미포차,"강원특별자치도 춘천시 스포츠타운길 529-7 (온의동, 1층)"
한식,춘자,"강원특별자치도 춘천시 백령로138번길 40, 1층 (효자동)"
한식,배가네,"강원특별자치도 춘천시 동내면 학곡동길 4, 1층"
한식,돌담갈매기살,강원특별자치도 춘천시 보안길 21 (후평동)
한식,봄내뜰한정식,"강원특별자치도 춘천시 동면 소양강로 136, 1층"
한식,다울막국수,강원특별자치도 춘천시 동산면 영서로 905
한식,보릿고개춘천점,"강원특별자치도 춘천시 동면 서부대성로 483, 1층"
호프/통닭,누구나홀딱반한닭춘천우두점,"강원특별자치도 춘천시 우두6길 21, B동 1층 (우두동)"
경양식,산토리니,강원특별자치도 춘천시 동면 순환대로 1154-97 (2층)
횟집,바닷가,"강원특별자치도 춘천시 퇴계로69번길 24, 1층 (퇴계동)"
식육(숯불구이),고기마루,"강원특별자치도 춘천시 옛경춘로 740, 주건축물제3동 1층 (삼천동)"
한식,우석갈비,"강원특별자치도 춘천시 동면 만천로 145, 1층"
호프/통닭,원주일미통닭1호점,"강원특별자치도 춘천시 동내면 거두택지길 87-16, 1층"
한식,로하스,"강원특별자치도 춘천시 서면 툇골길 7, 1층"
호프/통닭,하데스,강원특별자치도 춘천시 우묵들길 38 (퇴계동)
한식,오노트(5NOTE),강원특별자치도 춘천시 스포츠타운길 347-9 (삼천동)
기타,샐러디온의점,"강원특별자치도 춘천시 춘천로17번길 31, 1층 102호 (온의동, 더스위트캐슬)"
기타,감,"강원특별자치도 춘천시 퇴계로146번길 8-1, 1층 좌측1호 (퇴계동)"
한식,민물나라,"강원특별자치도 춘천시 서부대성로63번길 20, 1층 (옥천동)"
호프/통닭,길상이네돈가스/통닭,"강원특별자치도 춘천시 신동면 김유정로 1417, A동 1층 103호"
중국식,길림성,강원특별자치도 춘천시 새롬공원길 24 (석사동)
한식,디토피아,강원특별자치도 춘천시 충혼길18번길 9 (온의동)
한식,춘천왕감자탕,"강원특별자치도 춘천시 보안길 3, 1층 (후평동)"
기타,디스틸드,"강원특별자치도 춘천시 공지로252번길 12, 1층 (효자동)"
식육(숯불구이),가장맛있는족발(후평점),"강원특별자치도 춘천시 후석로 278, 1층 (후평동)"
까페,해븐,"강원특별자치도 춘천시 동면 순환대로 1154-18 (가동 1층, 나동 2층)"
한식,동해곰치,강원특별자치도 춘천시 동면 만천로 57
중국식,대수타,강원특별자치도 춘천시 동면 만천로 97
한식,일미제비추리,강원특별자치도 춘천시 김유정로 1852-1 (퇴계동)
기타,처방전,"강원특별자치도 춘천시 중앙로77번길 23-4, 1층 (죽림동)"
기타,그빵집비비,"강원특별자치도 춘천시 서부대성로 132, 1층 (운교동)"
분식,청춘꼬마김밥 신사우점,"강원특별자치도 춘천시 우두1길 101, 1층 108호 (우두동)"
기타,책방 바라타리아,"강원특별자치도 춘천시 당간지주길74번길 5, 1층 (근화동)"
기타,원더월(WONDERWALL),"강원특별자치도 춘천시 칠전서길 5-2, 1층 (칠전동)"
한식,흙고을,강원특별자치도 춘천시 동면 가산로 160-69
뷔페식,디너출장뷔폐,강원특별자치도 춘천시 동면 소양강로 240
한식,은파정,강원특별자치도 춘천시 동산면 영서로 287-17 (1리)
횟집,회양횟집,"강원특별자치도 춘천시 서면 삿갓봉길 21, 1층"
일식,해마,"강원특별자치도 춘천시 춘천로 380-1, 1층 (후평동)"
식육(숯불구이),대판,"강원특별자치도 춘천시 영서로 2885, 1층 (사농동)"
한식,바오밥,강원특별자치도 춘천시 신동로 69-4 (신동)
기타,프렌치쪽갈비춘천스무숲점,"강원특별자치도 춘천시 스무숲3길 2, 1층 (석사동)"
한식,한방전주콩나물국밥효자점,"강원특별자치도 춘천시 공지로 216, 1층 (효자동)"
한식,남촌막국수,강원특별자치도 춘천시 당간지주길 71-15 (근화동)
호프/통닭,주현,강원특별자치도 춘천시 애막골길3번길 30 (석사동)
한식,만천한식뷔페,"강원특별자치도 춘천시 동면 만천로 179, 2층"
한식,복건성,강원특별자치도 춘천시 충열로7번길 19 (우두동)
분식,정성카츠춘천퇴계점,"강원특별자치도 춘천시 남춘로5번길 28-2, 1층 (퇴계동)"
한식,신영이네칼국수,"강원특별자치도 춘천시 춘주로187번길 18, 1층 (퇴계동)"
한식,강원녹두삼계탕,"강원특별자치도 춘천시 동내면 거두택지길 41-38, 1층"
식육(숯불구이),샘밭촌놈,강원특별자치도 춘천시 동내면 외솔길19번길 49-29
한식,갯골흑염소,강원특별자치도 춘천시 동내면 춘천순환로72번길 34-13
식육(숯불구이),고니,"강원특별자치도 춘천시 대양당길 27, 1동 1층 (후평동)"
분식,광판팔뚝김밥우두점,"강원특별자치도 춘천시 충열로 1-16, 1층 좌측첫번째호 (우두동)"
한식,군자숯불닭갈비,강원특별자치도 춘천시 동산면 종자리로 148-6
식육(숯불구이),춘천일품양숯불양갈비양꼬치무한리필,"강원특별자치도 춘천시 영서로 2763, 1층 (우두동)"
한식,조부자매운순대가,"강원특별자치도 춘천시 공원3길 23, 1층 (퇴계동)"
한식,별식당강원대점,"강원특별자치도 춘천시 서부대성로 241, 지하1층 (효자동)"
한식,신매닭갈비막국수,강원특별자치도 춘천시 서면 박사로 1409-4
한식,맛있으면돼지,강원특별자치도 춘천시 남춘로36번길 53 (퇴계동)
기타,우정죽강대병원점,"강원특별자치도 춘천시 백령로 157, 3동 2층 (효자동)"
한식,한상차림,"강원특별자치도 춘천시 남면 충효로 815, 2층"
탕류(보신용),경춘흑염소탕,"강원특별자치도 춘천시 춘천로 65, 1층 (효자동)"
기타,청담피자춘천점,"강원특별자치도 춘천시 춘천로17번길 31, 1층 117호 (온의동)"
한식,연희내칼국수,강원특별자치도 춘천시 남춘로51번길 5-2 (효자동)
식육(숯불구이),국내산흑염소전문점,"강원특별자치도 춘천시 우두상리길 37, 1층 (우두동)"
경양식,러브존레스토랑,"강원특별자치도 춘천시 수변공원길 45, 1층 (삼천동)"
식육(숯불구이),전통한우백년,"강원특별자치도 춘천시 동면 만천로 91, 1층"
까페,하라르,강원특별자치도 춘천시 신북읍 율문길 59
호프/통닭,비비큐춘천퇴계타운점,"강원특별자치도 춘천시 안마산로 199, 1층 (퇴계동)"
호프/통닭,후라이드참잘하는집,"강원특별자치도 춘천시 춘천로 222, 1층 (효자동)"
식육(숯불구이),대양부양꼬치,"강원특별자치도 춘천시 백령로 217-20, 1층 (후평동)"
기타,케밥하우스,"강원특별자치도 춘천시 서부대성로239번길 19, 1층 (효자동)"
통닭(치킨),자담치킨춘천강북점,"강원특별자치도 춘천시 마장길 60, 상가동 1층 103호 (사농동, 춘천 롯데캐슬 더 퍼스트 2단지)"
한식,빽가네,"강원특별자치도 춘천시 행촌로32번길 5-15, 1층 (퇴계동)"
기타,피에스타펜션,"강원특별자치도 춘천시 남산면 서백길 496-20, 1층"
한식,통나무집닭갈비남춘천점,"강원특별자치도 춘천시 남산면 종자리로 19, 종자리로 21 1층"
한식,봄을담아,"강원특별자치도 춘천시 금강로62번길 14 (1,2층) ,명동길13-1(2,3층) (조양동)"
한식,두거리우신탕춘천점,"강원특별자치도 춘천시 공지로 157-1, 1층 (석사동)"
기타,지내리기름집,"강원특별자치도 춘천시 신북읍 금광길 1, 1층"
기타,빽다방춘천강북점,"강원특별자치도 춘천시 충열로 1, 1층 102호 (우두동)"
호프/통닭,별하키친,강원특별자치도 춘천시 벌말길 97 (석사동)
기타,두바퀴쉼터,"강원특별자치도 춘천시 서면 박사로 914-24, 1층"
한식,해월,"강원특별자치도 춘천시 벌말길 104-1, 1층 (석사동)"
호프/통닭,투다리후평3동점,강원특별자치도 춘천시 후석로 254 (후평동)
식육(숯불구이),춘천애막골닭마루닭갈비,강원특별자치도 춘천시 애막골길11번길 38 (석사동)
한식,나들김밥,강원특별자치도 춘천시 동광길 11-1 (후평동)
식육(숯불구이),성우닭갈비,강원특별자치도 춘천시 동내면 춘천순환로 110
일식,여기머야,"강원특별자치도 춘천시 백령로 225, 1층 101호 (후평동)"
기타,열두달평양손만두,"강원특별자치도 춘천시 서부대성로44번길 19-2, 1층 (요선동)"
중국식,하정식당,강원특별자치도 춘천시 소양로120번길 18-1 (소양로3가)
기타,태양곱창춘천후평점,강원특별자치도 춘천시 보안길 23 (후평동)
까페,롱플레이,"강원특별자치도 춘천시 애막골길7번길 9, 1층 (석사동)"
기타,엄마생각,"강원특별자치도 춘천시 춘천순환로 42, 104호 (석사동, 삼익세라믹상가 )"
기타,피자헛석사점,"강원특별자치도 춘천시 우석로 6-1, 1층 (석사동)"
한식,귀틀촌,강원특별자치도 춘천시 동산면 가암1길 6-4 (가동1층)
호프/통닭,BHC한림대점,강원특별자치도 춘천시 삭주로80번길 45 (효자동)
호프/통닭,반반한닭춘천점,강원특별자치도 춘천시 보안길 37 (후평동)
중국식,우묵길닭갈비전문점,"강원특별자치도 춘천시 우묵길74번길 14, 1층 (퇴계동)"
일식,진소갈비,"강원특별자치도 춘천시 남춘로36번길 81, 1층 중앙상가호 (퇴계동)"
한식,미라네해물칼국수,강원특별자치도 춘천시 충혼길44번길 18 (온의동)
기타,사이타마,"강원특별자치도 춘천시 후석로326번길 11, 1층 맨우측호 (후평동)"
한식,돼학로,"강원특별자치도 춘천시 향교옆길 24, 1층 (교동)"
기타,햄릿과올리브,"강원특별자치도 춘천시 신동면 풍류1길 60, 1층"
기타,명동뭉텅찌개,"강원특별자치도 춘천시 춘주로92번길 3, 1층 (온의동)"
기타,오르미,"강원특별자치도 춘천시 전원길 27-1, 1~2층 (효자동)"
한식,웰빙닭갈비,"강원특별자치도 춘천시 승지골길 3-6, 1층 (퇴계동)"
기타,프랭크치즈버거(춘천우두점),"강원특별자치도 춘천시 충열로 1, 1층 101호 (우두동)"
기타,공지천,"강원특별자치도 춘천시 수변공원길 11, 3층 (삼천동)"
중국식,매운사랑중식빠,"강원특별자치도 춘천시 벌말길 86, 1층 좌측상가호 (석사동)"
통닭(치킨),미쳐버린파닭(춘천점),강원특별자치도 춘천시 춘주로187번길 3 (퇴계동)
호프/통닭,한림골,"강원특별자치도 춘천시 성심로 5-1, 지하층 (교동)"
한식,을지로연탄구이춘천퇴계점,"강원특별자치도 춘천시 우묵길78번길 20, 1층 (퇴계동)"
한식,햇고을푸드,"강원특별자치도 춘천시 남산면 햇골길 28, 1층"
식육(숯불구이),돼지마루,"강원특별자치도 춘천시 충열로16번길 5-19, 1층 (우두동)"
기타,명가호반닭갈비막국수(퇴계점),강원특별자치도 춘천시 승지골길13번길 17 (퇴계동)
호프/통닭,사쿠사쿠낭만포차,강원특별자치도 춘천시 충열로20번길 4 (우두동)
한식,일호식당,강원특별자치도 춘천시 충열로67번길 13 (우두동)
한식,갱스터펍앤피자,강원특별자치도 춘천시 영서로2756번길 16 (우두동)
한식,천진동만두전골,"강원특별자치도 춘천시 영서로2756번길 14-1, 1층 (우두동)"
기타,데일리왓더버거,"강원특별자치도 춘천시 퇴계로93번길 4-8, 1층 101호 (퇴계동)"
탕류(보신용),한들집,강원특별자치도 춘천시 신동면 김유정로 1263-13 (2리)
한식,옹달샘막국수닭갈비,강원특별자치도 춘천시 동내면 순환대로 656
한식,자연속으로,"강원특별자치도 춘천시 동산면 종자리로 341, 1층"
일식,쿄시로,"강원특별자치도 춘천시 애막골길11번길 29, 1층 (석사동)"
분식,더조은명가손만두온의점,"강원특별자치도 춘천시 방송길 77, 1층 1119,1131호 (온의동, 춘천 센트럴타워 푸르지오)"
한식,이홍정코다리,"강원특별자치도 춘천시 스무숲2길 10, 지하1층 (석사동)"
기타,청평산장,"강원특별자치도 춘천시 북산면 오봉산길 661, 1층"
식육(숯불구이),수라상,"강원특별자치도 춘천시 소양고개길 47, 1층 (요선동)"
분식,신전떡볶이강원대점,"강원특별자치도 춘천시 서부대성로 234, 1층 (효자동)"
한식,앗싸곱창우두점,강원특별자치도 춘천시 충열로16번길 21-3 (우두동)
중국식,보문각,강원특별자치도 춘천시 약사고개길 42 (약사동)
한식,부자네토종순대국,"강원특별자치도 춘천시 삭주로 62-1, 1층 (교동)"
한식,원식이네손칼국수,강원특별자치도 춘천시 후석로 591 (소양로1가)
횟집,파도횟집,강원특별자치도 춘천시 서부대성로 65 (옥천동)
식육(숯불구이),춘천1번지닭갈비막국수,"강원특별자치도 춘천시 신동면 김유정로 1397, 1,2층"
호프/통닭,네네치킨강북점,강원특별자치도 춘천시 충열로 78-3 (우두동)
한식,네네치킨효자점,강원특별자치도 춘천시 서부대성로 194 (효자동)
까페,커피인,강원특별자치도 춘천시 신북읍 율문길 81-4
기타,뚝심이네보쌈족발,"강원특별자치도 춘천시 춘천로 182-1, 1층 (효자동)"
분식,만두이섬춘천후평점,"강원특별자치도 춘천시 후석로326번길 11, 1층 (후평동)"
기타,샐러디춘천퇴계점,"강원특별자치도 춘천시 퇴계농공로 11, 106호 (석사동)"
기타,카페맑은물,"강원특별자치도 춘천시 충열로16번길 35, 2층 (우두동)"
한식,우리동네전포차,"강원특별자치도 춘천시 효석로89번길 27, 1층 (석사동)"
한식,남촌막국수분점,"강원특별자치도 춘천시 신북읍 신북로 187, 1층"
횟집,우리동네횟집,"강원특별자치도 춘천시 삭주로 195, 1-2층 (후평동)"
기타,한상가득박사로점,"강원특별자치도 춘천시 서면 박사로 929, 2층"
식육(숯불구이),램스테이블,강원특별자치도 춘천시 국사봉길 102 (퇴계동)
한식,박스소고기얼크니국밥,"강원특별자치도 춘천시 지내고탄로 5, 1층 (신동)"
기타,토스트뱅크,"강원특별자치도 춘천시 중앙로 32, 1층 105호 (요선동)"
기타,스윙까페앤베이커리,"강원특별자치도 춘천시 남산면 남이섬길 1, 1층"
한식,주상옥,"강원특별자치도 춘천시 스무숲4길 10, 1층 (석사동)"
경양식,주동아리,강원특별자치도 춘천시 백령로138번길 26 (효자동)
한식,꼬꼬포차,"강원특별자치도 춘천시 춘천로296번길 7, 1층 (후평동)"
기타,홍농댁,"강원특별자치도 춘천시 소양로 12, 1,2층 (근화동)"
기타,뀨,"강원특별자치도 춘천시 춘천로 212-1, 1층 가운데상가호 (효자동)"
한식,육향가득한소담송하,"강원특별자치도 춘천시 동내면 춘천순환로 135, 1층"
호프/통닭,다락,강원특별자치도 춘천시 동내면 춘천순환로72번길 37
식육(숯불구이),돈연가연탄,"강원특별자치도 춘천시 사우로 144, 1층 (우두동)"
기타,우리돈까스 용천옛날통닭,"강원특별자치도 춘천시 방송길 77, 1층 1102호 (온의동, 춘천 센트럴타워 푸르지오)"
기타,joc젤라또(journey of cream),"강원특별자치도 춘천시 중앙로 88, 1층 (중앙로2가)"
식육(숯불구이),육회본가퇴계점,"강원특별자치도 춘천시 우묵길78번길 30, 1층 (퇴계동)"
분식,엉터리해장국춘천점,"강원특별자치도 춘천시 동내면 거두택지길14번길 6, 1층"
한식,삽자루든돼지,"강원특별자치도 춘천시 삭주로 89-4 (후평동, 현대상가 204호)"
기타,수환닭발,"강원특별자치도 춘천시 국사봉길 12, 1층 8호 (퇴계동)"
기타,샌드소양,"강원특별자치도 춘천시 번개시장길 32, 110호 (소양로1가)"
기타,카페로퍼,"강원특별자치도 춘천시 세실로208번길 8-21, 1층 왼쪽상가호 (후평동)"
기타,피자나라치킨공주춘천우두점,"강원특별자치도 춘천시 우두5길 36, 1층 106호 (우두동)"
한식,소양강농원황금장어,강원특별자치도 춘천시 신북읍 신샘밭로 388-8
한식,명품참숯불닭갈비,강원특별자치도 춘천시 남산면 강촌로 144
식육(숯불구이),초원가,강원특별자치도 춘천시 보안길 71 (후평동)
한식,대전흑염소국밥,강원특별자치도 춘천시 닥나무길 16 (효자동)
한식,은담숯불닭갈비,"강원특별자치도 춘천시 남산면 한치로 62, 1층"
한식,오두막집,강원특별자치도 춘천시 신북읍 서원말길 25
분식,돈기부여후평점,"강원특별자치도 춘천시 후석로 395, 1층 (후평동)"
한식,엄마의부엌,"강원특별자치도 춘천시 중앙로 166, 1층 103호 (근화동)"
기타,잔잔디식당,강원특별자치도 춘천시 중앙로 60 (중앙로2가)
통닭(치킨),처갓집양념치킨석사점,"강원특별자치도 춘천시 후석로45번길 13, 1층 (석사동)"
식육(숯불구이),옹해야숯불닭발,"강원특별자치도 춘천시 후만로 5, 1층 (효자동)"
식육(숯불구이),산수야,"강원특별자치도 춘천시 우두길 71-52, 1층 (사농동)"
기타,춘천장어선생,"강원특별자치도 춘천시 동내면 영서로 1787, 1층"
한식,연산골막국수,강원특별자치도 춘천시 동면 연산골길 105-12
한식,신남불고기,강원특별자치도 춘천시 신동면 김유정로 1430-1
식육(숯불구이),신마포갈매기,강원특별자치도 춘천시 우석로79번길 16-4 (석사동)
기타,최고집순대국왕감자탕,"강원특별자치도 춘천시 춘천로 188, 1층 116~120호 (효자동)"
한식,서현옛날밥상,"강원특별자치도 춘천시 공단로 16, 1층 (후평동)"
한식,얼사랑홍삼청국장,강원특별자치도 춘천시 동면 구룡당길 45
기타,와우당냉면,"강원특별자치도 춘천시 운교길 7, 1층 (운교동)"
한식,고은밥상,"강원특별자치도 춘천시 동내면 고은길 53, 1층"
기타,시즌즈(SEASONS),"강원특별자치도 춘천시 전원길 24, 1층 102호 (효자동)"
기타,사이라,"강원특별자치도 춘천시 퇴계로93번길 21, 1층 (퇴계동)"
기타,백령,"강원특별자치도 춘천시 백령로138번길 38, 1층 (효자동)"
분식,달떡볶이후평점,"강원특별자치도 춘천시 보안길 64-1, 1층 (후평동)"
한식,수다쟁이낙지,"강원특별자치도 춘천시 효평길 90 (후평동, 1층)"
한식,라데나골프클럽1,강원특별자치도 춘천시 신동면 칠전동길 72
탕류(보신용),경북집,강원특별자치도 춘천시 스포츠타운길 415 (삼천동)
기타,그린그라스스무숲길점,"강원특별자치도 춘천시 안마산로 324-10, 1층 (석사동)"
분식,만남의장소,"강원특별자치도 춘천시 남면 소주고개로 67, 2동 1층"
기타,본도시락춘천점,"강원특별자치도 춘천시 춘천로151번길 2, 1층 (운교동)"
기타,쉬러와,"강원특별자치도 춘천시 신북읍 지내고탄로 246, 1,2층"
횟집,경포대횟집,강원특별자치도 춘천시 새롬공원길 20 (석사동)
한식,한우가,"강원특별자치도 춘천시 스무숲3길 18, 1.2동 1층 (석사동)"
호프/통닭,레겐보겐,강원특별자치도 춘천시 춘주로187번길 16-1 (퇴계동)
식육(숯불구이),(주)에이치비푸드,"강원특별자치도 춘천시 우묵길52번길 10, 1층 3호 (퇴계동)"
한식,춘천월드온천,강원특별자치도 춘천시 신북읍 장본길 35
한식,초밥어때,"강원특별자치도 춘천시 부안길6번길 34 (후평동, 1층, 좌측)"
분식,불닭발동대문엽기떡볶이강원대점,"강원특별자치도 춘천시 백령로138번길 54, 1층 (효자동)"
분식,미미한식,"강원특별자치도 춘천시 애막골길3번길 10, 1층 (석사동)"
기타,시율,"강원특별자치도 춘천시 후석로 395, 1층 (후평동)"
한식,라데나골프클럽(Lake),강원특별자치도 춘천시 신동면 칠전동길 72
한식,춘천장군봉박사마을닭갈비,강원특별자치도 춘천시 서면 금산2길 34-2
식육(숯불구이),경상돈,"강원특별자치도 춘천시 금강로 113, 1층 (운교동)"
기타,비밀기지,"강원특별자치도 춘천시 후만로 75, 1층 (후평동)"
식육(숯불구이),우미닭갈비인공폭포점,"강원특별자치도 춘천시 후만로 81, 1~2층 (후평동)"
"외국음식전문점(인도,태국등)",베트남쌀국수,"강원특별자치도 춘천시 명동길 47, 2층 (죽림동)"
기타,브라이드그룸,"강원특별자치도 춘천시 동내면 거두택지길 87-4, 1층"
식육(숯불구이),종가집숯불구이,"강원특별자치도 춘천시 공원4길 21, 1층 (퇴계동)"
일식,만강,강원특별자치도 춘천시 동내면 외솔길19번길 61
호프/통닭,짝패,"강원특별자치도 춘천시 우석로79번길 12-13 (석사동, (1층 우측))"
분식,삼첩분식우두점,"강원특별자치도 춘천시 새청말길 23, 1층 102호 (우두동)"
한식,삼포가는길,"강원특별자치도 춘천시 신동면 김유정로 1060-25, 1층"
기타,연들레,"강원특별자치도 춘천시 남산면 서백길 512, 1층"
한식,우리동네포차,강원특별자치도 춘천시 보안길 15 (후평동)
탕류(보신용),따봉한우곱창후평우미린점,"강원특별자치도 춘천시 보안길 92 (후평동, 1층)"
까페,쟈티,강원특별자치도 춘천시 서부대성로184번길 14 (효자동)
한식,월남선생춘천씨지브이점(CGV점),"강원특별자치도 춘천시 퇴계농공로 20, 1층 104호 (석사동, 종로타워)"
한식,경강막국수,강원특별자치도 춘천시 남산면 서백길 62-4
식육(숯불구이),춘천낙원닭갈비,"강원특별자치도 춘천시 낙원길 34, 1층 (중앙로2가)"
기타,강촌삼겹살,강원특별자치도 춘천시 남산면 강촌로 66 (2리)
호프/통닭,최승희불맛쭈꾸미,강원특별자치도 춘천시 서면 박사로 1210 (3리)
한식,운봉산장,강원특별자치도 춘천시 사북면 화악지암1길 113
기타,커피브라운,"강원특별자치도 춘천시 애막골길7번길 6-1, 1층 101호 (석사동)"
한식,몽우해장국,강원특별자치도 춘천시 공단로 44 (후평동)
호프/통닭,산천리짜장&치킨,"강원특별자치도 춘천시 신북읍 구리고개길 5, 2동 1층 101호"
경양식,알마,"강원특별자치도 춘천시 우두5길 2, 1층 (우두동)"
기타,단편,"강원특별자치도 춘천시 백령로 1, 1층 (효자동)"
한식,예손푸드,"강원특별자치도 춘천시 동면 만천로 179, 1층"
한식,102국밥,"강원특별자치도 춘천시 신북읍 영서로 3278, 1층"
식육(숯불구이),제주돈내코,강원특별자치도 춘천시 퇴계로77번길 19-40 (퇴계동)
한식,포리골,강원특별자치도 춘천시 신북읍 맥국3길 15-28
탕류(보신용),은재흑염소전문점,"강원특별자치도 춘천시 충혼길8번길 9-7, 1층 (퇴계동)"
식육(숯불구이),도세기,"강원특별자치도 춘천시 우석로79번길 15-4, 1층 (석사동)"
호프/통닭,김서방닭발,"강원특별자치도 춘천시 보안길 16, 1층 (후평동)"
횟집,마케집,"강원특별자치도 춘천시 동내면 공지로 70-51, 1층 101호"
한식,송암손칼국수,"강원특별자치도 춘천시 옛경춘로 425-5, 지하1층 (칠전동)"
식육(숯불구이),화화돼지왕갈비퇴계점,강원특별자치도 춘천시 남춘천길 33-1 (퇴계동)
한식,양철집,"강원특별자치도 춘천시 퇴계로 207-1, 1층 (석사동)"
호프/통닭,야시시,"강원특별자치도 춘천시 스무숲4길 12, 1층 (석사동)"
한식,대상소몰이,"강원특별자치도 춘천시 남산면 강촌로 260, 1층"
기타,서가네매운갈비찜,"강원특별자치도 춘천시 충혼길8번길 19, 1층 (온의동)"
한식,우물막국수,강원특별자치도 춘천시 공지로 57-12 (석사동)
한식,부원곱창,강원특별자치도 춘천시 김유정로 1852-5 (퇴계동)
기타,굿손춘천엔타점,"강원특별자치도 춘천시 후석로 120, 212호 (석사동)"
기타,24h디저트하우스(24h Dessert House),"강원특별자치도 춘천시 백령로 123, A동 1층 101호 (효자동)"
한식,조부자순대가,강원특별자치도 춘천시 남산면 강촌로 107 (1리)
한식,신남큰집,강원특별자치도 춘천시 신동면 김유정로 1412-1 (1리1반)
식육(숯불구이),돼생이,"강원특별자치도 춘천시 동면 춘천로449번길 14-1, 1층"
중국식,룽타우객잔후평점,"강원특별자치도 춘천시 춘천로 349-2, 1,2층 (후평동)"
호프/통닭,국가대표푸드마켓,강원특별자치도 춘천시 춘천로204번길 8 (효자동)
한식,륭림닭발,"강원특별자치도 춘천시 소양고개길 51, 1층 (요선동)"
식육(숯불구이),이모네불막창소양점,"강원특별자치도 춘천시 서부대성로 12, 1층 (소양로2가, (40,41,42,43))"
기타,홍천메밀부침,"강원특별자치도 춘천시 영서로 2352-24, 풍물시장 (온의동)"
한식,두하막국수,"강원특별자치도 춘천시 서부대성로 191-1, 1층 (효자동)"
호프/통닭,호식이두마리치킨남춘천점,"강원특별자치도 춘천시 충혼길52번길 6-4, 1층 (온의동)"
한식,서대문김치찜&김치찌개춘천점,"강원특별자치도 춘천시 서부대성로 201, 1층 (효자동)"
식육(숯불구이),유리네돌판생삼겹,"강원특별자치도 춘천시 충혼길8번길 5, 1층 (퇴계동)"
한식,남춘천시골청국장,"강원특별자치도 춘천시 동산면 종자리로 302, 1층"
한식,채선당행복가마솥밥롯데마트춘천점,"강원특별자치도 춘천시 방송길 84, 롯데마트 2층 (온의동)"
기타,포지티브즈(Positives),"강원특별자치도 춘천시 서부대성로205번길 10, 1층 (효자동)"
기타,주식회사더테라리움,"강원특별자치도 춘천시 지석로 80, 9층 (퇴계동, 춘천시너스카펠라복합빌딩)"
한식,칠전밥집,"강원특별자치도 춘천시 칠전서길 15-1, 1층 (칠전동)"
한식,속초항한마리동태찌개(속초항메들집),강원특별자치도 춘천시 서부대성로48번길 21 (요선동)
식육(숯불구이),돈푸대부속구이,"강원특별자치도 춘천시 삭주로80번길 46, 3동 1층 (효자동)"
호프/통닭,카페바람꽃,강원특별자치도 춘천시 신동면 한치로 609 (2리)
분식,강촌스넥,강원특별자치도 춘천시 남산면 강촌로 60-1
한식,장학막국수,"강원특별자치도 춘천시 동면 가래울길 57, 1층"
기타,도넛앤커피,"강원특별자치도 춘천시 지석로 75, 110호 (석사동, 프라임빌딩)"
한식,미스터빠삭춘천온의점,"강원특별자치도 춘천시 춘천로17번길 21, 춘천강남하이엔드 1층 109호 (온의동)"
한식,크라크라농어촌민박,"강원특별자치도 춘천시 서면 율장길 266, 5동"
분식,대원,강원특별자치도 춘천시 번개시장길 31-1 (소양로1가)
한식,의정부부대찌개,"강원특별자치도 춘천시 서부대성로44번길 18 (요선동, 1층)"
한식,더티파머스,"강원특별자치도 춘천시 서면 오미길 29-3, 1층"
한식,정케어푸드,"강원특별자치도 춘천시 퇴계로146번길 8-6, 1층 (퇴계동)"
식육(숯불구이),일선갈비,"강원특별자치도 춘천시 애막골길7번길 31, 1층 (석사동)"
기타,보울릭포케&아사이볼,"강원특별자치도 춘천시 방송길 77, 상가동 1층 1302호 (온의동, 춘천 센트럴타워 푸르지오)"
기타,프렌즈스크린퀸텀애막골점,"강원특별자치도 춘천시 우석로 32, 4층 410호 (석사동)"
호프/통닭,지정환임실치즈피자,"강원특별자치도 춘천시 퇴계로 245, 1층 (석사동)"
기타,맘인더가든스카이워크점,"강원특별자치도 춘천시 영서로 2668-22, 2층 (소양로1가)"
한식,인생건어물맥주팔호점,"강원특별자치도 춘천시 춘천로 174-1, 1층 (운교동)"
식육(숯불구이),팔뚝갈비,"강원특별자치도 춘천시 동면 공단로 110, 1,2층"
호프/통닭,프랭크버거춘천석사점,"강원특별자치도 춘천시 퇴계로 221, 1층 102호 (석사동)"
경양식,오너스골프클럽,강원특별자치도 춘천시 남산면 동촌로 667 (1동 지상1)
호프/통닭,푸라닭춘천퇴계점,강원특별자치도 춘천시 퇴계로145번길 7-13 (퇴계동)
호프/통닭,지코바퇴계1호점,"강원특별자치도 춘천시 안마산로 114, 지하1층 106호 (퇴계동)"
한식,나주곰탕대패집(삼겹살) 춘천명동점,강원특별자치도 춘천시 시청길12번길 6-1 (조양동)
기타,더벤티강원대점,강원특별자치도 춘천시 서부대성로 228 (효자동)
한식,하하산꼼장어,"강원특별자치도 춘천시 우석로 35, 1층 (석사동)"
한식,진주식당,"강원특별자치도 춘천시 사우벌길 107, 2동 1층 (우두동)"
기타,거제해녀집,"강원특별자치도 춘천시 신흥길 11, 1층 (우두동)"
한식,사또설렁탕,강원특별자치도 춘천시 동면 춘천순환로 764
식육(숯불구이),맑은농가셀프식당,"강원특별자치도 춘천시 동내면 학곡서3길 4, 1층 좌측상가호"
호프/통닭,찍찍이네,"강원특별자치도 춘천시 우석로79번길 12-10, 1층 (석사동)"
기타,신북클래식,"강원특별자치도 춘천시 신북읍 상천3길 21, 1,2층"
한식,델리와구,"강원특별자치도 춘천시 서부대성로 136, 1층 (운교동)"
기타,전여사푸드,"강원특별자치도 춘천시 남춘로51번길 10-1, 1층 (효자동)"
기타,일리터,"강원특별자치도 춘천시 중앙로68번길 3, 1,2층 (중앙로2가)"
분식,또또아스넥,강원특별자치도 춘천시 명동길 49 (죽림동)
통닭(치킨),이서방양념치킨한림분점,강원특별자치도 춘천시 삭주로 126 (후평동)
한식,함흥냉면옥,강원특별자치도 춘천시 시청길 16-1 (조양동)
한식,메밀촌닭갈비막국수,강원특별자치도 춘천시 동면 금촌로 397-3
한식,아이엠어바텐더(Im a Bartender),"강원특별자치도 춘천시 금강로121번길 15, 1층 (효자동)"
호프/통닭,꾸브라꼬숯불두마리치킨,"강원특별자치도 춘천시 효자로 61, 1층 (효자동)"
기타,냇가가든,"강원특별자치도 춘천시 서면 납실길 17, 1층"
기타,편편집 춘천삼천점,"강원특별자치도 춘천시 스포츠타운길 432, 2층 204, 205호 (삼천동)"
한식,대박네집,강원특별자치도 춘천시 효자로 62-1 (효자동)
통닭(치킨),또봉이통닭후평점,"강원특별자치도 춘천시 삭주로 130, 1층 (후평동)"
분식,든든돈가스앤드분식,"강원특별자치도 춘천시 춘천로 159, 1층 (운교동)"
한식,삼악산막국수,"강원특별자치도 춘천시 스포츠타운길 245, 2층 (삼천동)"
중국식,정성루,"강원특별자치도 춘천시 효명길 12, 1층 (효자동)"
한식,돈오락쪽갈비춘천점,"강원특별자치도 춘천시 공지로 272, 1층 101호 (효자동)"
한식,어화담92,"강원특별자치도 춘천시 동내면 거두택지길 93-3, 1층"
한식,불새닭발,"강원특별자치도 춘천시 영서로 2918, 103호 (사농동, 현대아파트상가)"
한식,단골집,"강원특별자치도 춘천시 후석로 472-1, 1층 (후평동)"
한식,황토집소머리곰탕,"강원특별자치도 춘천시 동내면 원창고개길 109, 1층"
분식,아담만두춘천석사점,"강원특별자치도 춘천시 지석로 75, 1층 111호 (석사동)"
한식,백세추어탕,강원특별자치도 춘천시 춘천로 346 (후평동)
한식,정담채,"강원특별자치도 춘천시 동면 춘천순환로 469, 1층"
한식,햇고을,강원특별자치도 춘천시 남산면 햇골길 30
호프/통닭,용두동할매쭈꾸미,강원특별자치도 춘천시 스무숲1길 12 (석사동)
한식,토대력남부시장점(투다리남부시장점),"강원특별자치도 춘천시 춘천로 72-1 (효자동, 1층)"
식육(숯불구이),팔도숯불구이,강원특별자치도 춘천시 춘주로92번길 9-3 (온의동)
한식,팔도해장국,"강원특별자치도 춘천시 영서로2279번길 24, 1층 (온의동)"
식육(숯불구이),명동명물닭갈비,"강원특별자치도 춘천시 금강로62번길 8, 1층 (조양동)"
까페,아이앤지(ING),강원특별자치도 춘천시 스무숲1길 38-6 (석사동)
한식,왕손(해물전문점),"강원특별자치도 춘천시 승지골길 7-7, 1층 (퇴계동)"
기타,준독라운지,"강원특별자치도 춘천시 효자로150번길 11-1, 1층 (효자동)"
경양식,레코드랩,"강원특별자치도 춘천시 퇴계로93번길 20-17, 1층 (퇴계동)"
중국식,진미중식당,"강원특별자치도 춘천시 사북면 영서로 4805, 1층"
한식,서면누각,"강원특별자치도 춘천시 서면 유천길 9, 1층"
식육(숯불구이),대구참숯막창,강원특별자치도 춘천시 영서로 2668-12 (소양로1가)
한식,명월집,"강원특별자치도 춘천시 남춘로5번길 16, 2층 (퇴계동)"
한식,통큰장어,강원특별자치도 춘천시 퇴계로69번길 12 (퇴계동)
중국식,신촌짬뽕,"강원특별자치도 춘천시 동내면 향군길 11, 1층 우측호"
분식,스텔라떡볶이강원춘천퇴계온의점,"강원특별자치도 춘천시 퇴계로 240, 1층 102호 (석사동)"
한식,다맛골,"강원특별자치도 춘천시 옛경춘로 549, 1층 (칠전동)"
한식,육회본가우두점,"강원특별자치도 춘천시 영서로2756번길 12-1, 1층 (우두동)"
기타,반주,"강원특별자치도 춘천시 영서로 2352-28, 풍물시장 1층 45, 46호 (온의동)"
기타,심야화로우두점,"강원특별자치도 춘천시 영서로 2763-1, 1층 (우두동)"
기타,수작카츠엔드한스델리,"강원특별자치도 춘천시 중앙로67번길 9, 2층 (조양동)"
중국식,수타향,"강원특별자치도 춘천시 신북읍 문정길 6, 1층"
한식,희정장어구이전문가,강원특별자치도 춘천시 시청길 26 (조양동)
한식,일품양평해장국,"강원특별자치도 춘천시 안마산로 128, 1층 108호 (퇴계동)"
한식,고기듬뿍국물두루치기,"강원특별자치도 춘천시 서부대성로 207-1, 1층 우측상가호 (효자동)"
한식,낭만국시별관,"강원특별자치도 춘천시 명동길 30-2, 1층 (중앙로2가)"
한식,망우당,강원특별자치도 춘천시 공지로 442-23 (근화동)
한식,늘가원,강원특별자치도 춘천시 동내면 거두택지길 61-16
분식,주안이네왕만두,"강원특별자치도 춘천시 가연길 20, 1층 (낙원동)"
한식,봉의산막국수,"강원특별자치도 춘천시 후석로 447-2, 1층 (후평동)"
호프/통닭,병천청년순대국(춘천남면점),"강원특별자치도 춘천시 남면 한덕발산길 17, 1층"
식육(숯불구이),춘천산더덕숯불닭갈비,"강원특별자치도 춘천시 낙원길 34-1, 1층 (중앙로2가)"
통닭(치킨),호식이두마리치킨(후평동),"강원특별자치도 춘천시 춘천로296번길 21, 1층 105호 (후평동, 더샾아파트상가1동)"
기타,내가바로김밥이다,"강원특별자치도 춘천시 춘주로 174 (퇴계동, 그린@상가106호)"
한식,대영닭갈비,강원특별자치도 춘천시 충열로16번길 21-19 (우두동)
한식,뜨락,강원특별자치도 춘천시 서부대성로48번길 18 (요선동)
기타,그랑셰프(콘도),"강원특별자치도 춘천시 남산면 북한강변길 688, 엘리시안 강촌"
기타,케이에프씨춘천석사,"강원특별자치도 춘천시 영서로 2027, 1층 (석사동)"
호프/통닭,청년다방춘천CGV점,"강원특별자치도 춘천시 퇴계농공로 9 (석사동, 넥서스프라자 107호)"
기타,이야기,"강원특별자치도 춘천시 옛경춘로 837, 2층 (삼천동)"
한식,경복궁개성손만두요리전문점,"강원특별자치도 춘천시 동면 춘천순환로 420, 1층"
한식,감자골옹심이,강원특별자치도 춘천시 공지로317번길 24 (효자동)
한식,파라다이스,강원특별자치도 춘천시 백령로138번길 39 (효자동)
호프/통닭,디디치킨,"강원특별자치도 춘천시 후석로258번길 28, 1층 (후평동)"
경양식,이디야커피(춘천유앤아이구름다리점),강원특별자치도 춘천시 동면 후만로 167
식육(숯불구이),안골,"강원특별자치도 춘천시 효자로24번길 20, 1층 (퇴계동)"
중국식,이비가짬뽕춘천점,"강원특별자치도 춘천시 영서로 2652, 2층 (근화동)"
분식,찬이네통큰왕만두,"강원특별자치도 춘천시 중앙로68번길 38, 1층 (소양로3가)"
한식,강촌골능이능이백숙,"강원특별자치도 춘천시 남산면 소주고개로 680-40, 1층"
기타,툇골오리,"강원특별자치도 춘천시 동면 춘천로 492-14, 1층"
호프/통닭,슬로우캘리 춘천점,"강원특별자치도 춘천시 동내면 춘천순환로 133, 1층 102호"
통닭(치킨),맥시칸양념통닭(퇴계점),강원특별자치도 춘천시 춘주로187번길 7 (퇴계동)
한식,봄담은산채,"강원특별자치도 춘천시 선들길 38, 1층 (삼천동)"
한식,옥산포기사식당,강원특별자치도 춘천시 영서로 3058 (사농동)
기타,스넬커피로스터스,"강원특별자치도 춘천시 아침길 17-12, 1층 (조양동)"
기타,둘둘치킨,"강원특별자치도 춘천시 퇴계로93번길 8, 106호 (퇴계동)"
탕류(보신용),하남각,"강원특별자치도 춘천시 춘주로91번길 10 (온의동, 1층)"
한식,륭림닭발,"강원특별자치도 춘천시 스무숲1길 38-12, 1층 (석사동)"
경양식,어부야,"강원특별자치도 춘천시 부평길8번길 1, 1층 (후평동)"
한식,유정마을,강원특별자치도 춘천시 신동면 실레길 33 (3리)
식육(숯불구이),육존심,강원특별자치도 춘천시 우석로79번길 12-4 (석사동)
중국식,미래성,"강원특별자치도 춘천시 영서로2756번길 2, 1층 (우두동)"
한식,파전이랑막걸리랑,"강원특별자치도 춘천시 효자로 108, 1층 (효자동)"
기타,더모먼트(The moment),"강원특별자치도 춘천시 백령로138번길 34, 지하1층 (효자동)"
분식,아가사식당,"강원특별자치도 춘천시 춘천로151번길 21-2, 1층 102호 (운교동)"
분식,허밍면옥,"강원특별자치도 춘천시 충열로16번길 29, 1층 101호 (우두동)"
중국식,교동짬뽕,"강원특별자치도 춘천시 동내면 학곡동1길 8-13, 1층"
기타,온고갤러리카페,"강원특별자치도 춘천시 남산면 한치로 91, 1층"
한식,맥고을,강원특별자치도 춘천시 서부대성로44번길 11-1 (요선동)
한식,고산가,강원특별자치도 춘천시 동내면 너부래길 7
호프/통닭,지암물레방아,강원특별자치도 춘천시 사북면 화악지암길 370-51
통닭(치킨),오케이치킨(봄내점),"강원특별자치도 춘천시 퇴계로 243, 101호 (석사동)"
기타,짱인,강원특별자치도 춘천시 백령로 121-1 (효자동)
식육(숯불구이),석사돌삼겹,"강원특별자치도 춘천시 효석로89번길 31, 1층 (석사동)"
일식,삿포로우동집,"강원특별자치도 춘천시 동면 춘천로449번길 26-1, 1층"
한식,보돌미역춘천만천점,"강원특별자치도 춘천시 동면 춘천순환로 514, 1층"
식육(숯불구이),축제닭갈비,강원특별자치도 춘천시 동내면 외솔길19번길 49
식육(숯불구이),그린벨리바베큐,강원특별자치도 춘천시 서면 명월길 521
한식,물암골농원펜션식당,"강원특별자치도 춘천시 사북면 화악지암길 420-21, 1층"
기타,블루문,"강원특별자치도 춘천시 애막골길3번길 16, 1층 (석사동)"
중국식,도야,"강원특별자치도 춘천시 공지로 164, 1층 (석사동)"
호프/통닭,프라하,"강원특별자치도 춘천시 백령로 146, 지하1층 (효자동)"
분식,매콤달콤떡볶이,강원특별자치도 춘천시 후석로 257-1 (후평동)
호프/통닭,투다리장학점,강원특별자치도 춘천시 동면 춘천로449번길 11-1
식육(숯불구이),호반닭갈비,"강원특별자치도 춘천시 세실로 200 (후평동, 1층)"
한식,초래동제육전집,"강원특별자치도 춘천시 충열로16번길 12, 1층 (우두동)"
한식,대장푸드,강원특별자치도 춘천시 춘천로170번길 4-1 (운교동)
한식,골목집,"강원특별자치도 춘천시 공지로 162-3, 1층 (석사동)"
한식,봄내구이촌,"강원특별자치도 춘천시 공원3길 21, 1층 (퇴계동)"
한식,오솔길,강원특별자치도 춘천시 성심로 99 (효자동)
한식,서정가든,강원특별자치도 춘천시 동내면 순환대로 555
기타,러블리숑숑,"강원특별자치도 춘천시 근화길15번길 7, 1층 (근화동)"
한식,북창동순두부모다아울렛점,"강원특별자치도 춘천시 방송길 77, 1층 1108호 (온의동, 춘천 센트럴타워 푸르지오)"
한식,갯벌바지락칼국수,"강원특별자치도 춘천시 새롬공원길 13, 1층 (석사동)"
한식,사랑채,"강원특별자치도 춘천시 우석로67번길 9, 1층 (석사동)"
식육(숯불구이),춘천고깃집,강원특별자치도 춘천시 동면 금베이길 26-11
한식,안다미로,강원특별자치도 춘천시 우두상리4길 20 (우두동)
식육(숯불구이),어서오소,강원특별자치도 춘천시 백령로 142 (효자동)
한식,남춘천닭갈비,강원특별자치도 춘천시 충혼길5번길 4-3 (퇴계동)
중국식,달인각,"강원특별자치도 춘천시 백석골길 8-3, 1층 (퇴계동)"
호프/통닭,강대곱창타운,강원특별자치도 춘천시 백령로138번길 34 (효자동)
식육(숯불구이),병우네칼국수&효자오리바베큐,"강원특별자치도 춘천시 서부대성로44번길 12-1, 1층 (요선동)"
한식,준이네도시락,강원특별자치도 춘천시 춘천로213번길 4 (효자동)
한식,천하일미퇴계점,강원특별자치도 춘천시 행촌로32번길 5-3 (퇴계동)
기타,꼬삔이카페,"강원특별자치도 춘천시 서면 박사로 927, 1층"
한식,스타트하우스식당,강원특별자치도 춘천시 남산면 동촌로 501
한식,일단지 부침,강원특별자치도 춘천시 춘천로296번길 10 (후평동)
기타,방콕66,"강원특별자치도 춘천시 춘천로 340, 1층 (후평동)"
한식,느티나무집,"강원특별자치도 춘천시 동내면 대룡산길 44, 1층"
한식,명동우미닭갈비별관,"강원특별자치도 춘천시 영서로 2343, 1층 (온의동)"
호프/통닭,화사랑,강원특별자치도 춘천시 우석로79번길 12-3 (석사동)
한식,오필승닭발석사점,강원특별자치도 춘천시 벌말길 91 (석사동)
한식,운교집,"강원특별자치도 춘천시 금강로 91-1, 1층 (운교동)"
한식,대복갈매기살,강원특별자치도 춘천시 애막골길11번길 32-1 (석사동)
분식,응급실국물떡볶이춘천강원대점,"강원특별자치도 춘천시 백령로 137, 101호 (효자동)"
한식,티하우스1식당,강원특별자치도 춘천시 남산면 동촌로 501
한식,와송칼국수,강원특별자치도 춘천시 명동길 46-1 (중앙로3가)
분식,삭주면가,"강원특별자치도 춘천시 삭주로 190 (후평동, 1층)"
식육(숯불구이),남일닭갈비,강원특별자치도 춘천시 남산면 강촌구곡길 50-9
한식,해양수산부,"강원특별자치도 춘천시 우묵길56번길 25-1, 1층 (퇴계동)"
기타,송어회담,"강원특별자치도 춘천시 동내면 춘천순환로72번길 48, 1층"
기타,휴먼시아스크린휴게실,"강원특별자치도 춘천시 남춘로26번길 20, 5층 (퇴계동)"
일식,스시장,강원특별자치도 춘천시 가연길 11-1 (소양로4가)
식육(숯불구이),고래의꿈,"강원특별자치도 춘천시 남춘로36번길 59, 1층 (퇴계동)"
일식,스시노칸도춘천명동,"강원특별자치도 춘천시 금강로 68-12 (조양동, 6층)"
한식,양구재래식손두부,강원특별자치도 춘천시 동면 가산로 59
분식,보영이네해물칼국수(별관),"강원특별자치도 춘천시 효자로 42, 2동 1층 (효자동)"
중국식,주래등석사점,강원특별자치도 춘천시 벌말길 96 (석사동)
한식,진샘코다리춘천점,"강원특별자치도 춘천시 서부대성로 62, 1층 (옥천동)"
한식,육대장,강원특별자치도 춘천시 우묵길70번길 1 (퇴계동)
식육(숯불구이),사대부족발,강원특별자치도 춘천시 춘천로 175 (운교동)
중국식,온정,"강원특별자치도 춘천시 동면 가산로 165, 1층"
기타,생그레,강원특별자치도 춘천시 소양정길 28-1 (소양로1가)
한식,푸드박스,"강원특별자치도 춘천시 새롬공원길9번길 6-3, 1층 (석사동)"
경양식,백년카츠남춘천점,"강원특별자치도 춘천시 행촌로 34, 1층 (퇴계동)"
기타,초이랑,"강원특별자치도 춘천시 신북읍 배후령길 9, 가동 1층"
한식,양지식당,"강원특별자치도 춘천시 스무숲4길 5-1, 1층 (석사동)"
기타,미가득,강원특별자치도 춘천시 신흥길5번길 4-10 (우두동)
식육(숯불구이),옛터숯불닭갈비,강원특별자치도 춘천시 남산면 강촌구곡길 4
기타,계춘,"강원특별자치도 춘천시 신북읍 신샘밭로 710, 1층"
식육(숯불구이),항아리닭갈비막국수,강원특별자치도 춘천시 신북읍 신샘밭로 487
한식,중앙식당,강원특별자치도 춘천시 명동길 44 (중앙로3가)
탕류(보신용),가마솥소머리곰탕,강원특별자치도 춘천시 충열로 292-4 (우두동)
기타,인더파인,"강원특별자치도 춘천시 서면 납실길 60, 1층"
분식,멕시카나 효자점,"강원특별자치도 춘천시 효제길 13, 1층 (효자동)"
호프/통닭,깐부치킨후평점,"강원특별자치도 춘천시 후석로 247, 1층 (후평동, 후평프라자102호)"
한식,강촌뭉텅찌개,"강원특별자치도 춘천시 남산면 강촌로 62, 1층"
통닭(치킨),톡톡치킨피자,"강원특별자치도 춘천시 영서로 2922, 104호 (사농동, 뉴시티코아루상가)"
기타,윤스꼬 맥반석숯불문어와닭갈비,"강원특별자치도 춘천시 남산면 강촌구곡길 9, 1층"
기타,라라랜드,"강원특별자치도 춘천시 서부대성로 218, 2층 (효자동)"
식육(숯불구이),토종닭구이계륵우리집양평해장국,"강원특별자치도 춘천시 남산면 김유정로 351, 1층"
한식,옥이네콩탕,"강원특별자치도 춘천시 남춘로51번길 8, 1층 (효자동)"
한식,김밥나라봄내초교점,"강원특별자치도 춘천시 퇴계로 217, 1층 (석사동)"
한식,역전우동0410춘천석사점,"강원특별자치도 춘천시 퇴계농공로 20, 1층 102호 (석사동)"
한식,오도순순대국,"강원특별자치도 춘천시 퇴계농공로 13, 1층 (석사동)"
한식,백일옥,"강원특별자치도 춘천시 새롬공원길9번길 2, 1층 (석사동)"
일식,갓포핫토,"강원특별자치도 춘천시 스무숲2길 8-1, 1층 (석사동)"
기타,오븐마루춘천후평점,"강원특별자치도 춘천시 후석로 278, 1층 (후평동)"
식육(숯불구이),이모네고깃집,강원특별자치도 춘천시 행촌로 48 (퇴계동)
한식,로하스테이,강원특별자치도 춘천시 서면 덕두원길 12
한식,우리감자탕,"강원특별자치도 춘천시 춘천로 396, 1동 1층 (후평동)"
한식,소양닭갈비(출장뷔페),"강원특별자치도 춘천시 안마산로 30, 1층, 2층 (온의동)"
통닭(치킨),삐에로치킨,"강원특별자치도 춘천시 퇴계로 172, 퇴계(2)주공아파트 (퇴계동)"
식육(숯불구이),화양객잔,"강원특별자치도 춘천시 삭주로47번길 3, 1층 (교동)"
기타,육회바른연어퇴계CGV점,"강원특별자치도 춘천시 지석로 75, 104호 (석사동)"
한식,거두리밥상,강원특별자치도 춘천시 동내면 춘천순환로 61-17
식육(숯불구이),마장동고기집,"강원특별자치도 춘천시 동면 금옥길 162, 1층"
한식,으뜸갈비,"강원특별자치도 춘천시 영서로 2319, 101호 (온의동, 금호3차아파트상가)"
기타,돈가스와육칼,"강원특별자치도 춘천시 남산면 강촌로 244, 1층"
호프/통닭,쭈노치킨석사점,"강원특별자치도 춘천시 새롬공원길5번길 13-1, 1층 (석사동)"
한식,제주은희네해장국퇴계점,"강원특별자치도 춘천시 춘천로 32, 1층 (퇴계동)"
호프/통닭,땡촌닭발,"강원특별자치도 춘천시 삭주로 128, 1동 1층 (후평동)"
김밥(도시락),김밥나라퇴계점,강원특별자치도 춘천시 춘주로 145-1 (퇴계동)
한식,남부순대국,"강원특별자치도 춘천시 효명길 7-66, 1층 (효자동)"
한식,물레방아,강원특별자치도 춘천시 신북읍 율문길 81-4 (5리)
한식,예술관,"강원특별자치도 춘천시 우석로79번길 16-15, 1층 (석사동)"
분식,25시김밥,"강원특별자치도 춘천시 안마산로 214 (퇴계동, (퇴계금호타운@상가1층3호))"
한식,경강손두부,"강원특별자치도 춘천시 남산면 서백길 28, 지하1,1층"
한식,원조춘천우미닭갈비본점,"강원특별자치도 춘천시 시청길10번길 15 (조양동, 1층)"
호프/통닭,옥탑방오봉자싸롱거두리점,"강원특별자치도 춘천시 동내면 거두택지길 12-1, 1층"
한식,삼남매,"강원특별자치도 춘천시 춘천로170번길 8, 1층 (운교동)"
경양식,라온(RAON),"강원특별자치도 춘천시 동내면 외솔길19번길 56-3, 1층"
한식,화덕생선구이청아랑,"강원특별자치도 춘천시 동면 만천로 81, 1층"
중국식,장은짬뽕(후평점),"강원특별자치도 춘천시 춘천로 306-5, 1층 104호 (후평동)"
한식,홍가네,"강원특별자치도 춘천시 춘주로187번길 20-7, 1층 (퇴계동)"
기타,별하네해마루,"강원특별자치도 춘천시 춘천로 58, 1층 (효자동)"
분식,려블랙,"강원특별자치도 춘천시 서부대성로48번길 20, 1층 (요선동)"
호프/통닭,비어스팟,"강원특별자치도 춘천시 안마산로 113, 이편한세상 춘천 한숲시티 상가비동 2층 B2-205,206,207,208호 (퇴계동)"
기타,도우도우,"강원특별자치도 춘천시 우석로85번길 9-17, 1층 (석사동)"
기타,페이크러버스,"강원특별자치도 춘천시 삭주로 41-1, 1층 (교동)"
한식,냠냠도시락,"강원특별자치도 춘천시 동면 춘천순환로 685, 1층"
기타,케이크베이크(cake bake),"강원특별자치도 춘천시 춘천로 232, 1층 (효자동)"
기타,공식술상,"강원특별자치도 춘천시 백령로138번길 30, 2, 3층 (효자동)"
기타,까페123,"강원특별자치도 춘천시 동면 연산골길 123, 1층"
호프/통닭,교촌치킨장학점,"강원특별자치도 춘천시 동면 춘천로449번길 12-1, 1층 101,102호"
횟집,와와수산,"강원특별자치도 춘천시 춘천로 330, 1층 (후평동)"
한식,길동우동춘천팔호광장점,"강원특별자치도 춘천시 춘천로 174, 1층 (운교동)"
분식,꽃심이네,"강원특별자치도 춘천시 지석로 11, 하나로마트(퇴계점) (퇴계동)"
한식,하주골,강원특별자치도 춘천시 동면 만천로 163
기타,파스따남,"강원특별자치도 춘천시 우석로4번길 15-1, 1층 (석사동)"
한식,양지촌,강원특별자치도 춘천시 남산면 서천길 145
한식,광판순두부,강원특별자치도 춘천시 남산면 김유정로 167
호프/통닭,서래맥주집,"강원특별자치도 춘천시 춘천로204번길 60, 2동 1층 (효자동)"
기타,돌다리야채곱창,"강원특별자치도 춘천시 서부대성로 211-1, 1층 (효자동)"
한식,소담촌춘천점,"강원특별자치도 춘천시 동면 만천로143번길 64, 1층"
기타,유캔두잇춘천효자점,"강원특별자치도 춘천시 남춘로45번길 40-14, 1층 (효자동)"
한식,평창한우,"강원특별자치도 춘천시 동면 춘천순환로 780, 1층"
한식,강원감자탕,강원특별자치도 춘천시 남산면 김유정로 322
한식,호치킨춘천우두점,강원특별자치도 춘천시 영서로2756번길 15 (우두동)
중국식,보경루,"강원특별자치도 춘천시 춘천로68번길 40, 1층 (효자동)"
식육(숯불구이),히든밸리,"강원특별자치도 춘천시 남산면 북한강변길 812-26, 1층"
분식,팔팔뚝배기,"강원특별자치도 춘천시 공지로 114, 가동 1층 (석사동)"
한식,산골소당2호점,"강원특별자치도 춘천시 삭주로 89-8 (후평동, 에리트@상가 106,107호)"
한식,짜장1번지,강원특별자치도 춘천시 춘천로 402 (후평동)
호프/통닭,노랑통닭석사점,"강원특별자치도 춘천시 후석로 14, 1층 101호 (석사동)"
한식,길목식당,"강원특별자치도 춘천시 소양정길 5, 1층 (소양로1가)"
한식,향토오리집,강원특별자치도 춘천시 남산면 강촌구곡길 17
기타,커넥트원원키친,"강원특별자치도 춘천시 동면 순환대로 1154-77, 4층"
분식,광판팔뚝김밥김유정역점,"강원특별자치도 춘천시 신동면 김유정로 1402, 1층"
한식,항아리집,강원특별자치도 춘천시 충열로 78-2 (우두동)
한식,부경감자탕,"강원특별자치도 춘천시 세실로192번길 11 (후평동, 1층)"
한식,솥뚜껑감자탕,"강원특별자치도 춘천시 동내면 거두택지길14번길 14, 1층"
통닭(치킨),통닭나라,강원특별자치도 춘천시 춘주로 94 (온의동)
까페,투썸플레이스 구봉산점,"강원특별자치도 춘천시 동면 순환대로 1154-105, 1,2층"
기타,아키친,"강원특별자치도 춘천시 방송길36번길 53-6, 1층 (근화동)"
한식,활어난전,"강원특별자치도 춘천시 후석로 382, 1동 (후평동)"
한식,후평칼국수,강원특별자치도 춘천시 춘천로 384 (후평동)
한식,실로암민물고기,강원특별자치도 춘천시 후석로 415-1 (후평동)
한식,페리하우스,강원특별자치도 춘천시 영서로2753번길 14 (우두동)
한식,장대박,"강원특별자치도 춘천시 새롬공원길 19, 1층 (석사동)"
한식,천제육,"강원특별자치도 춘천시 춘천로68번길 8, 1층 (효자동)"
분식,명가손만두김밥,"강원특별자치도 춘천시 보안길 25, 1층 (후평동)"
중국식,춘천반점,"강원특별자치도 춘천시 후석로45번길 11, 1층 (석사동)"
횟집,주식회사사거리에프앤비,"강원특별자치도 춘천시 춘천로 188, 1층 112,113호 (효자동)"
분식,떡볶이사냥춘천1호점,강원특별자치도 춘천시 춘천로 265 (후평동)
한식,서면손두부집,"강원특별자치도 춘천시 서면 당산길 31-11, A동"
분식,돈까스앤덮밥,"강원특별자치도 춘천시 퇴계로 95, 1층 104호 (퇴계동)"
한식,인생건어물 춘천스무숲점,"강원특별자치도 춘천시 스무숲1길 67, 1층 (석사동)"
통닭(치킨),페리카나팔호광장점,강원특별자치도 춘천시 효자로 152 (효자동)
기타,다옥(茶屋),"강원특별자치도 춘천시 벌말길 82, 1층 (석사동)"
한식,교원예움강원장례식장,강원특별자치도 춘천시 동내면 순환대로 877 (1층)
식육(숯불구이),"준호네오리,닭숯불구이",강원특별자치도 춘천시 동면 만군길 336
한식,춘천푸주옥(거두점),강원특별자치도 춘천시 동내면 세실로 34
한식,밀밭해물칼국수,강원특별자치도 춘천시 효자로 40 (효자동)
한식,조개마을,"강원특별자치도 춘천시 동내면 거두택지길 10, 1층"
기타,이상원미술관,"강원특별자치도 춘천시 사북면 화악지암길 99, 4층 (이상원미술관내)"
식육(숯불구이),착한곱한우곱창춘천2호석사점,"강원특별자치도 춘천시 춘천순환로 28, 1층 (석사동)"
호프/통닭,수옛날통닭애막골점,"강원특별자치도 춘천시 후석로186번길 6, 1층 (석사동)"
경양식,루,"강원특별자치도 춘천시 동면 춘천순환로 709, 1동 1층"
식육(숯불구이),맛있는닭갈비,"강원특별자치도 춘천시 동면 장학길 18, 1층"
기타,큭큭피자춘천점,"강원특별자치도 춘천시 효자로 92, 1층 (효자동)"
한식,윤식당,"강원특별자치도 춘천시 기와집길 8, 1층 (소양로2가)"
한식,은하식당,강원특별자치도 춘천시 공지로 367 (효자동)
식육(숯불구이),감돈,"강원특별자치도 춘천시 동내면 거두택지길4번길 7-13, 1층"
횟집,시민횟집,"강원특별자치도 춘천시 벌말길 84, 1층 (석사동)"
분식,대박포차,"강원특별자치도 춘천시 벌말길 92, 1층 (석사동)"
한식,해안황태시래기국밥,"강원특별자치도 춘천시 춘주로 193, 1층 (퇴계동)"
탕류(보신용),황골우족탕,강원특별자치도 춘천시 명주길5번길 29-1 (효자동)
한식,촌집족발,"강원특별자치도 춘천시 동내면 춘천순환로 112, 1층"
한식,바운스,"강원특별자치도 춘천시 동내면 외솔길19번길 49-30, 1층"
기타,블름한국다례문화원,"강원특별자치도 춘천시 서면 경춘로 1160, 3층 (외1필지)"
기타,바른양식당,"강원특별자치도 춘천시 중앙로67번길 18, 4동 2층 4205호 (죽림동, 브라운5번가)"
식육(숯불구이),달래해장춘천애막골점,"강원특별자치도 춘천시 우석로67번길 15, 1층 (석사동)"
경양식,올댓스테이크(강북점),"강원특별자치도 춘천시 영서로 2879, 2층 (사농동)"
식육(숯불구이),돈보따리,강원특별자치도 춘천시 삭주로 134 (후평동)
식육(숯불구이),대풍갈비,"강원특별자치도 춘천시 승지골길13번길 7-3, 1층 (퇴계동)"
중국식,손짜장면을 아시나요,강원특별자치도 춘천시 동내면 순환대로 722
한식,춘천돌짜장전문점,"강원특별자치도 춘천시 동면 만천로 126, 1층"
한식,청기와,"강원특별자치도 춘천시 후석로 427-2, 1층 (후평동)"
한식,산더미미성돼지국밥춘천삼천점,"강원특별자치도 춘천시 옛경춘로 779, 1층 (삼천동)"
한식,남춘천씨씨대식당,강원특별자치도 춘천시 신동면 오봉길 156
한식,남춘천씨씨그늘집,강원특별자치도 춘천시 신동면 오봉길 156
한식,불굴의차여사감자탕,"강원특별자치도 춘천시 동내면 춘천순환로 132, 좌측호"
호프/통닭,기영이 숯불두마리치킨 춘천소양점,"강원특별자치도 춘천시 소양로 190, 춘천역스마트하우스오피스텔 1층 111호 (소양로1가)"
한식,남춘천씨씨티하우스,강원특별자치도 춘천시 신동면 오봉길 156
호프/통닭,스테이(STAY),강원특별자치도 춘천시 퇴계로145번길 15-4 (퇴계동)
한식,2013대파집,강원특별자치도 춘천시 우석로79번길 12-6 (석사동)
통닭(치킨),치맥,강원특별자치도 춘천시 동내면 거두택지길 87-2
한식,금바위,강원특별자치도 춘천시 스포츠타운길 419 (삼천동)
통닭(치킨),굽네치킨애막골후평점,"강원특별자치도 춘천시 후석로 253, 1층 (후평동)"
일식,한배탄사람들,"강원특별자치도 춘천시 중앙로77번길 29, 1층 (죽림동)"
횟집,대진항,강원특별자치도 춘천시 퇴계로145번길 11-1 (퇴계동)
탕류(보신용),대월흑염소탕,"강원특별자치도 춘천시 신흥길 16, 1층 (우두동)"
기타,정식당,강원특별자치도 춘천시 동내면 춘천순환로72번길 63 (1층)
호프/통닭,누구나홀딱반한닭춘천한숲시티점,"강원특별자치도 춘천시 안마산로 111, 1층 (퇴계동)"
통닭(치킨),볶음밥도사&파스타,"강원특별자치도 춘천시 후석로45번길 15-1, 1층 (석사동)"
까페,파코도노,"강원특별자치도 춘천시 영서로 3189, 2층 (신동)"
호프/통닭,오돌이닭발,"강원특별자치도 춘천시 애막골길7번길 20, 1층 (석사동)"
탕류(보신용),옛날가마솥소머리곰탕,"강원특별자치도 춘천시 지내고탄로 21, 1층 (신동)"
기타,리네,"강원특별자치도 춘천시 백령로 126, 1,2층 (효자동)"
분식,스텔라떡볶이강원춘천강대후평점,"강원특별자치도 춘천시 백령로 215, 상가3동 1층 104호 (후평동, 춘천일성트루엘더퍼스트아파트)"
식육(숯불구이),불발탄,"강원특별자치도 춘천시 안마산로 213 (퇴계동, 춘천퇴계타운122호)"
한식,강촌식당,강원특별자치도 춘천시 남산면 강촌로 56
기타,카페라피스(cafe_Lapis),"강원특별자치도 춘천시 애막골길20번길 9-1, 1층 상가 (석사동)"
횟집,사거리횟집퇴계점,"강원특별자치도 춘천시 행촌로 39, 1층 (퇴계동)"
한식,남도식김치찜&김치찌개,"강원특별자치도 춘천시 후석로 68-1, 1층 (석사동)"
횟집,춘천행복수산,"강원특별자치도 춘천시 서부대성로 206, 1층 (효자동)"
기타,라비에벨 올드코스4T 그늘집식당,"강원특별자치도 춘천시 동산면 종자리로 436, 라비에벨 컨트리클럽"
식육(숯불구이),돼지한마리(후평점),"강원특별자치도 춘천시 후석로326번길 12, 2층 (후평동)"
기타,착한왕감자탕,"강원특별자치도 춘천시 춘천로310번길 37, 1층 (후평동)"
뷔페식,함지박이벤트,"강원특별자치도 춘천시 동내면 거두길 106-2, 1층 101호"
기타,카파베레카(Kaffa Bereka),"강원특별자치도 춘천시 애막골길3번길 18, 1층 (석사동)"
중국식,중화루,"강원특별자치도 춘천시 둥지길 5-17, 2,3층 (효자동)"
한식,본죽앤비빔밥춘천엔타점,"강원특별자치도 춘천시 후석로 120, 1층 107-1호 (석사동)"
한식,강연우동태찌개춘천점,"강원특별자치도 춘천시 우두5길 36, 1층 108,109호 (우두동)"
횟집,오리왕(王),"강원특별자치도 춘천시 춘천로223번길 4, 1층 (효자동)"
식육(숯불구이),황제돼지갈비효자점,"강원특별자치도 춘천시 춘천로176번길 9-1, 1층 (효자동)"
한식,홍대포,"강원특별자치도 춘천시 우묵길70번길 9, 1층 (퇴계동)"
한식,오공부대찌개,강원특별자치도 춘천시 석사길5번길 36 (석사동)
호프/통닭,유키바,"강원특별자치도 춘천시 백령로138번길 28, 2층 (효자동)"
기타,미담미채,"강원특별자치도 춘천시 동면 순환대로 1154-111, 1~2층"
한식,함지,"강원특별자치도 춘천시 동부시장길 8, 4호, 5호 (운교동, 동부시장현대아파트)"
뷔페식,꽃길행복한그날,"강원특별자치도 춘천시 동내면 춘천순환로 130, 5층"
호프/통닭,비에이치씨퇴계사거리점,"강원특별자치도 춘천시 퇴계로 166, 1층 105-1호 (퇴계동)"
식육(숯불구이),저팔계,강원특별자치도 춘천시 퇴계로 31 (퇴계동)
한식,원님밥상,강원특별자치도 춘천시 시청길12번길 10 (조양동)
한식,서해안생찜,"강원특별자치도 춘천시 공지로 345, 2층 (효자동, 수협마트)"
중국식,문란한솥뚜껑,"강원특별자치도 춘천시 삭주로 134-1, 지하1층 (후평동)"
식육(숯불구이),오필승닭발본사직영점,"강원특별자치도 춘천시 스무숲1길 4-12, 1층 (석사동)"
호프/통닭,라벨로페,"강원특별자치도 춘천시 안마산로 114-1, 1층 (퇴계동)"
한식,로데오골프,"강원특별자치도 춘천시 공지로 87, 춘천로데오 2층 (석사동)"
경양식,힘난다버거 롯데마트춘천점,"강원특별자치도 춘천시 방송길 84, 롯데마트 2층 (온의동)"
식육(숯불구이),청춘집,"강원특별자치도 춘천시 백령로138번길 28, 1층 (효자동)"
경양식,최고당돈가스(후평점),"강원특별자치도 춘천시 후석로 326, 엠타워 2층 205호 (후평동)"
한식,오페라가든,강원특별자치도 춘천시 동내면 원창고개길 125
한식,케이제이피자스테이션,강원특별자치도 춘천시 영서로2753번길 14 (우두동)
기타,춘천라모스버거,강원특별자치도 춘천시 옛경춘로 835 (삼천동)
기타,정원달빛,"강원특별자치도 춘천시 동내면 거두택지길 53, 1층 101호"
기타,여기빵집,"강원특별자치도 춘천시 남춘로26번길 16, 1층 101(우측)호 (퇴계동)"
기타,제이비(JB),강원특별자치도 춘천시 퇴계로93번길 12 (퇴계동)
호프/통닭,강정이기가막혀,"강원특별자치도 춘천시 우석로 11, 1층 (석사동)"
기타,맛자랑튀김,"강원특별자치도 춘천시 동부시장길 8 (운교동, 동부시장지하 21,22,27호)"
분식,멸치국수가참맛있는집,"강원특별자치도 춘천시 터미널길 10 (온의동, 1층)"
기타,버치앤브레드,"강원특별자치도 춘천시 동내면 순환대로 630, 1층"
기타,미분당춘천점,"강원특별자치도 춘천시 중앙로 32, 1층 103호 (요선동)"
기타,라비에벨 올드코스15T 그늘집식당,"강원특별자치도 춘천시 동산면 종자리로 436, 라비에벨 컨트리클럽"
기타,라비에벨 올드코스 스타트하우스식당,"강원특별자치도 춘천시 동산면 종자리로 436, 라비에벨 컨트리클럽"
통닭(치킨),페리카나퇴계점,"강원특별자치도 춘천시 행촌로32번길 5-6, 1층 (퇴계동)"
기타,라비에벨올드코스대식당,"강원특별자치도 춘천시 동산면 종자리로 436, 라비에벨 컨트리클럽"
식육(숯불구이),담가화로구이춘천퇴계점,"강원특별자치도 춘천시 퇴계로93번길 4-6, 1층 (퇴계동)"
식육(숯불구이),포대인대구막창퇴계점,강원특별자치도 춘천시 김유정로 1870 (퇴계동)
식육(숯불구이),촌닭집신북점,강원특별자치도 춘천시 신북읍 영서로 3748
한식,북방새우,강원특별자치도 춘천시 우묵길74번길 26 (퇴계동)
한식,일오삼해장국,"강원특별자치도 춘천시 퇴계로145번길 15-13, 1층 (퇴계동)"
식육(숯불구이),보영이네해물칼국수후평점,강원특별자치도 춘천시 공단로60번길 2 (후평동)
중국식,홍해아,강원특별자치도 춘천시 후만로98번길 16 (후평동)
한식,박사로냉면,"강원특별자치도 춘천시 서면 박사로 839, 1층"
기타,알린(AHLIN),"강원특별자치도 춘천시 후석로46번길 23, 1층 (석사동)"
기타,도그스테이블석사점,"강원특별자치도 춘천시 안마산로 294-30, 1층 (석사동)"
식육(숯불구이),춘천명물닭갈비막국수,강원특별자치도 춘천시 옛경춘로 807-1 (삼천동)
식육(숯불구이),춘자네닭갈비,강원특별자치도 춘천시 남산면 서백길 27-3
한식,퇴골오리숯불구이(만천점),강원특별자치도 춘천시 동면 만천로 80-3
한식,나능이능이버섯백숙만천점,강원특별자치도 춘천시 동면 만천로 94
분식,나폴리피자또래오래석사점,강원특별자치도 춘천시 애막골길20번길 35-1 (석사동)
식육(숯불구이),하나족발,"강원특별자치도 춘천시 퇴계로 184, 1층 (석사동)"
호프/통닭,88켄터키파크자이점,"강원특별자치도 춘천시 스포츠타운길 458, 춘천파크자이 상가동 2층 203,204호 (삼천동)"
식육(숯불구이),한지붕갈비석사점,강원특별자치도 춘천시 벌말길 74-1 (석사동)
한식,실비막국수,강원특별자치도 춘천시 소양고개길 25 (소양로2가)
한식,감미옥설렁탕,"강원특별자치도 춘천시 춘천로 217, 1층 (효자동)"
중국식,대원장,"강원특별자치도 춘천시 중앙로134번길 24-1, 1층 (소양로4가)"
한식,춘천원조1호닭갈비막국수(전남식당),강원특별자치도 춘천시 공지로 603-6 (근화동)
한식,별미당,강원특별자치도 춘천시 명동길 49 (죽림동)
한식,동원칼국수,강원특별자치도 춘천시 효자로 36 (효자동)
일식,칠전일식,강원특별자치도 춘천시 칠전서길 8 (칠전동)
기타,주주객잔,"강원특별자치도 춘천시 우묵길 32, 1층 102호 (퇴계동)"
기타,카쿠레가춘천점,"강원특별자치도 춘천시 시청길10번길 4, 1~2층 (조양동)"
기타,피콜로,"강원특별자치도 춘천시 스무숲2길 6, 1층 (석사동)"
경양식,비스트로마리오,강원특별자치도 춘천시 동내면 거두택지길 87-12
식육(숯불구이),수원성,강원특별자치도 춘천시 동면 춘천로 480
식육(숯불구이),돈아돈아숯불구이,"강원특별자치도 춘천시 영서로 2352-16, 10동 62호 (온의동, 풍물시장)"
식육(숯불구이),달려라맛집,"강원특별자치도 춘천시 서부대성로 140-1, 1층 (운교동)"
한식,배나무골가마솥칼국수,강원특별자치도 춘천시 국사봉길 2-9 (퇴계동)
한식,조부자매운순대가(명동점),강원특별자치도 춘천시 시청길12번길 11 (조양동)
기타,만애칼국수,"강원특별자치도 춘천시 중앙로 126, 1층 전면좌측첫째상가호 (소양로4가)"
기타,위찜우두점,"강원특별자치도 춘천시 우두1길 59, 1층 (우두동)"
식육(숯불구이),명륜진사갈비춘천효자점,"강원특별자치도 춘천시 춘천로 180, 1층 (효자동)"
기타,치킨포차,"강원특별자치도 춘천시 후만로126번길 31, 상가동 1층 107호 (후평동, 대우아파트)"
식육(숯불구이),동신 냉삼집,"강원특별자치도 춘천시 삭주로 67, 2층 (교동)"
한식,808명란,"강원특별자치도 춘천시 윗무린개길 26, 1층 (퇴계동)"
탕류(보신용),토종순대국밥,강원특별자치도 춘천시 우묵길 60 (퇴계동)
한식,정가붕어찜,강원특별자치도 춘천시 동면 지내양지길 41-9
한식,부산돼지국밥,"강원특별자치도 춘천시 성심로 98-1, 1층 (효자동)"
기타,와우,"강원특별자치도 춘천시 동내면 순환대로 622-9, 1층"
한식,유림칼국수,"강원특별자치도 춘천시 신북읍 율문2길 10, 1층"
한식,바보형제쭈꾸미춘천만천점,"강원특별자치도 춘천시 동면 춘천순환로 388, 1층"
식육(숯불구이),이모네불막창퇴계점,"강원특별자치도 춘천시 남춘로36번길 59, 1층 (퇴계동)"
한식,플로팅플로우,강원특별자치도 춘천시 남면 충효로 1219-110
한식,싸움의고수춘천명동점,"강원특별자치도 춘천시 중앙로67번길 18, 5동 1층 5107호 (죽림동, 브라운가)"
분식,왕만두,"강원특별자치도 춘천시 방송길 77, 지하1층 125호 (온의동, 춘천 센트럴타워 푸르지오)"
한식,형과아우,강원특별자치도 춘천시 애막골길 21 (석사동)
한식,옛날옛집,강원특별자치도 춘천시 동면 만천로 102
호프/통닭,사또호프치킨,강원특별자치도 춘천시 법원뒷길 41 (효자동)
한식,홍천강다슬기해장국,강원특별자치도 춘천시 스포츠타운길 443-1 (삼천동)
식육(숯불구이),연희네감자탕,강원특별자치도 춘천시 복골길 52 (후평동)
한식,초심,강원특별자치도 춘천시 동내면 거두택지길26번길 9-19
한식,황가네돈까스,"강원특별자치도 춘천시 후석로46번길 24-1, 1층 (석사동)"
기타,오늘엔,"강원특별자치도 춘천시 동내면 동내로 343-6, 1~2층"
한식,동부지짐이다정,"강원특별자치도 춘천시 동부시장길 8, 지하 1층 3호 (운교동, 동부시장현대아파트)"
식육(숯불구이),돈사돈,강원특별자치도 춘천시 춘천로44번길 14 (퇴계동)
기타,그대별처럼,"강원특별자치도 춘천시 남면 충효로 1364, 1,2층"
한식,대청마루,"강원특별자치도 춘천시 동면 만천로 26-1, 1층"
호프/통닭,큰골집,강원특별자치도 춘천시 후만로 11 (효자동)
기타,주식회사 글로벌콘텐츠그룹,"강원특별자치도 춘천시 중앙로67번길 18, 6동 롯데시네마춘천1층 (죽림동, 브라운가)"
한식,청년주점,"강원특별자치도 춘천시 우묵길52번길 7, 1층 (퇴계동)"
한식,특별미기사식당,"강원특별자치도 춘천시 공지로317번길 16 (효자동, 1층)"
한식,엄마손팥칼국수,"강원특별자치도 춘천시 동면 가산로 79, 1층"
기타,쉘터462(shelter 462),"강원특별자치도 춘천시 춘천로204번길 26, 1층 (효자동)"
기타,33떡볶이,"강원특별자치도 춘천시 동내면 춘천순환로 66, 1층"
한식,전주명가콩나물국밥석사점,"강원특별자치도 춘천시 퇴계로 199, 1층 (석사동)"
한식,동교리순대국춘천직영점,"강원특별자치도 춘천시 동면 만천로 81, 1층"
경양식,잭밀러,"강원특별자치도 춘천시 스무숲2길 1, 1층 (석사동)"
식육(숯불구이),황가네,"강원특별자치도 춘천시 충혼길5번길 9-1 (퇴계동, 1층)"
식육(숯불구이),마왕족발춘천우두점,강원특별자치도 춘천시 충열로16번길 6 (우두동)
통닭(치킨),멕시칸치킨(호반점),"강원특별자치도 춘천시 소양로 207-1 (소양로1가, 외2필지)"
호프/통닭,풀잎,강원특별자치도 춘천시 삭주로 75 (교동)
한식,풍류,"강원특별자치도 춘천시 벌말길 56, 1층 (석사동)"
한식,정아네죽집,"강원특별자치도 춘천시 영서로 2352-20 (온의동, 풍물시장상가13동107호)"
호프/통닭,맘스터치강대효자점,"강원특별자치도 춘천시 서부대성로 247, 2층 (효자동)"
기타,양지다방,"강원특별자치도 춘천시 후석로45번길 10, 1층 (석사동)"
기타,고유,"강원특별자치도 춘천시 동면 춘천순환로 383, 1층"
한식,그늘집1,"강원특별자치도 춘천시 남산면 경춘로 212-30, 제이드팰리스G.C."
한식,그늘집2,"강원특별자치도 춘천시 남산면 경춘로 212-30, 제이드팰리스G.C."
기타,거두108,"강원특별자치도 춘천시 동내면 춘천순환로 108, 좌측 1층"
기타,(주)유기농카페,"강원특별자치도 춘천시 신북읍 지내고탄로 184, 1층"
통닭(치킨),굽네치킨춘천소양점,"강원특별자치도 춘천시 서부대성로47번길 4, 1층 (요선동)"
식육(숯불구이),무릉화로,"강원특별자치도 춘천시 효석로9번길 4, 1층 1, 2호 (효자동, 윤일아파트)"
분식,점순이호떡앤분식까페,"강원특별자치도 춘천시 지석로 74-11, 퇴계시장형상가 1층 D18호 (퇴계동)"
한식,제갈덮밥,"강원특별자치도 춘천시 후석로393번길 33, 왼쪽상가 (후평동)"
한식,스타트하우스,"강원특별자치도 춘천시 남산면 경춘로 212-30, 제이드팰리스G.C. 1층 스타트하우스"
한식,대식당,"강원특별자치도 춘천시 남산면 경춘로 212-30, 제이드팰리스G.C."
한식,무릉도,"강원특별자치도 춘천시 퇴계로 24, 1층 (퇴계동)"
한식,원조신토불이,강원특별자치도 춘천시 우석로85번길 20-9 (석사동)
호프/통닭,파동,강원특별자치도 춘천시 백령로138번길 39-1 (효자동)
김밥(도시락),한솥도시락한림대앞점,강원특별자치도 춘천시 삭주로 68 (교동)
호프/통닭,보리울,강원특별자치도 춘천시 중앙로194번길 35 (근화동)
기타,밥풀릭스춘천점,"강원특별자치도 춘천시 서부대성로205번길 9-1, 1층 (효자동)"
기타,곱분이곱창&미친김치찜후평점,"강원특별자치도 춘천시 후석로 315, 1층 4, 5호 (후평동)"
기타,엠83대가,"강원특별자치도 춘천시 중앙로 194, 1, 2층 (근화동)"
한식,큰마당막국수,강원특별자치도 춘천시 옛경춘로 800 (삼천동)
한식,폭포집,강원특별자치도 춘천시 서면 경춘로 1401-27
호프/통닭,원주일미통닭,"강원특별자치도 춘천시 서부대성로 140-2, 1층 (운교동)"
호프/통닭,김종용누룽지통닭(춘천점),"강원특별자치도 춘천시 남춘로36번길 50, 1층 (퇴계동)"
호프/통닭,지코바후평1호점,"강원특별자치도 춘천시 동면 춘천로 451, 1층 104호"
한식,중원식당,강원특별자치도 춘천시 동부시장길 8 (운교동)
한식,태양숯불갈비,"강원특별자치도 춘천시 중앙로 176, 1층 (근화동)"
한식,춘천산닭 산속에닭갈비,"강원특별자치도 춘천시 옛경춘로 562-20, 가,나동 1층 (온의동)"
기타,춘천에서온편지,"강원특별자치도 춘천시 소양로110번길 11, 2층 (소양로3가)"
기타,도자기카페길,"강원특별자치도 춘천시 칠전동2길 14-11, 1층 (칠전동)"
식육(숯불구이),(주)춘천장어마을삼천동,"강원특별자치도 춘천시 구마니1길 36-11, 1층 (삼천동)"
횟집,위도횟집,강원특별자치도 춘천시 옥산포길 39-1 (사농동)
한식,콩쥐네식탁,"강원특별자치도 춘천시 새롬공원길 27, 1층 (석사동)"
횟집,팔각정,강원특별자치도 춘천시 서면 영서로 3876-28
식육(숯불구이),공지천우미닭갈비,강원특별자치도 춘천시 이디오피아길 13 (근화동)
중국식,화정,"강원특별자치도 춘천시 사북면 영서로 4775, E동 1층"
한식,(뉴)진수성찬,"강원특별자치도 춘천시 공지로 450, 1층 우측상가호 (근화동)"
한식,호반식당,강원특별자치도 춘천시 당간지주길 81 (소양로1가)
식육(숯불구이),남춘천명물닭갈비,강원특별자치도 춘천시 충혼길5번길 3 (퇴계동)
통닭(치킨),수내닭꼬치,강원특별자치도 춘천시 춘천로204번길 54-1 (효자동)
한식,소풍김밥,강원특별자치도 춘천시 아침길 9 (조양동)
한식,꽃도야,"강원특별자치도 춘천시 서부대성로 129, 1층 (운교동)"
한식,여의도기사식당,강원특별자치도 춘천시 남면 소주고개로 82
식육(숯불구이),강촌스카이,강원특별자치도 춘천시 남산면 서백길 80
식육(숯불구이),땡구땡구퇴계점,"강원특별자치도 춘천시 남춘로36번길 53, 1층 (퇴계동)"
일식,고우춘천점,"강원특별자치도 춘천시 금강로 126, 1층 (운교동)"
식육(숯불구이),장원닭갈비막국수춘천본점,"강원특별자치도 춘천시 우묵들길 35-6, 1층 (퇴계동)"
탕류(보신용),춘천왕감자탕(퇴계점),강원특별자치도 춘천시 승지골길13번길 21 (퇴계동)
한식,온돌집,강원특별자치도 춘천시 새롬공원길9번길 1 (석사동)
한식,우리집,강원특별자치도 춘천시 서부대성로43번길 14-4 (요선동)
식육(숯불구이),새명동구우미닭갈비,"강원특별자치도 춘천시 시청길10번길 16 (조양동, 1층)"
한식,부녀식당,"강원특별자치도 춘천시 명동길29번길 4-21, 1층 (죽림동)"
식육(숯불구이),토담숯불닭갈비,"강원특별자치도 춘천시 신북읍 신샘밭로 662 (1동,4동)"
한식,풍물바베큐,"강원특별자치도 춘천시 영서로 2352-38, 11동 1층 76호 (온의동, 풍물시장)"
식육(숯불구이),꽃등심삼겹살,"강원특별자치도 춘천시 애막골길3번길 50, 1층 (석사동)"
기타,카페줌,"강원특별자치도 춘천시 영서로 2881, B동 1, 2층 (사농동)"
한식,왕릉숯불갈비,강원특별자치도 춘천시 소양로163번길 36 (소양로2가)
한식,어머니순대국,강원특별자치도 춘천시 동부시장길 8 (운교동)
통닭(치킨),소양페리카나,강원특별자치도 춘천시 중앙로 126 (소양로4가)
기타,79대포춘천우두점,"강원특별자치도 춘천시 우두5길 36, 더채움 1층 102호 (우두동)"
기타,제육한상,"강원특별자치도 춘천시 영서로 2865, 1층 (사농동)"
한식,더나인식당,"강원특별자치도 춘천시 남산면 서백길 496-10, 1층"
한식,석사돈사무소,강원특별자치도 춘천시 후석로66번길 25 (석사동)
한식,장터뚝배기,강원특별자치도 춘천시 신북읍 율문3길 18-3
한식,소양강농원콩이랑두부랑,강원특별자치도 춘천시 사우벌길 15 (사농동)
중국식,초마미엔,"강원특별자치도 춘천시 후석로46번길 5, 1층 (석사동)"
호프/통닭,허수아비,강원특별자치도 춘천시 효석로89번길 35 (석사동)
중국식,신중화촌후평장학점,강원특별자치도 춘천시 동면 공단로 108
한식,진선미생삼겹살,"강원특별자치도 춘천시 스포츠타운길 529-3, 1층 (온의동)"
기타,빈스키친,"강원특별자치도 춘천시 충혼길24번길 18, 1층 (온의동)"
한식,옥희네메밀부침,"강원특별자치도 춘천시 명동길29번길 10, 1층 (죽림동)"
식육(숯불구이),토담화로구이,"강원특별자치도 춘천시 남춘로36번길 65 (퇴계동, 1층)"
식육(숯불구이),백암순대,"강원특별자치도 춘천시 동내면 영서로 1771, 1층"
기타,장학삼겹살,"강원특별자치도 춘천시 동면 춘천로449번길 24-6, 1층"
탕류(보신용),"환이네부대찌개,왕감자탕",강원특별자치도 춘천시 경춘로 2038-5 (칠전동)
한식,세종수산,강원특별자치도 춘천시 충열로16번길 3 (우두동)
한식,한남순대,"강원특별자치도 춘천시 춘천로 285, 1층 (후평동)"
기타,미순이네제과점,"강원특별자치도 춘천시 공지로441번길 9, 1층 (근화동)"
식육(숯불구이),선산곱창,"강원특별자치도 춘천시 충열로16번길 21-16, 1층 (우두동)"
한식,풍류31,"강원특별자치도 춘천시 신동면 풍류길 31, 1층 2호"
기타,백다시육,"강원특별자치도 춘천시 신동면 김유정로 1215-4, 1층"
분식,아빠가떡뽑는집,"강원특별자치도 춘천시 모수물길 64-2, 1층 (소양로2가)"
기타,무와다이닝,"강원특별자치도 춘천시 남산면 경춘로 212-28, 무와제이드 커뮤니티하우스동 지하1~지상2층"
중국식,봉림반점,강원특별자치도 춘천시 신북읍 신샘밭로 576
기타,벤치(cafe Bench),"강원특별자치도 춘천시 스포츠타운길 404, 1층 (삼천동)"
일식,하루일식,"강원특별자치도 춘천시 후석로 12, 5층 (석사동)"
한식,속초장칼,강원특별자치도 춘천시 동내면 외솔길19번길 56-13
한식,옛촌,"강원특별자치도 춘천시 향교앞길 4, 1층 (교동)"
분식,광판팔뚝김밥퇴계점,"강원특별자치도 춘천시 안마산로 42, 1층 (퇴계동)"
한식,온정삼계탕,"강원특별자치도 춘천시 우묵길78번길 3, 1층 (퇴계동)"
기타,명륜진사갈비춘천퇴계점,"강원특별자치도 춘천시 안마산로 128, 2층 201~205호 (퇴계동)"
기타,봄내농원춘천퇴계동본점,"강원특별자치도 춘천시 퇴계로 79, 1층 (퇴계동)"
식육(숯불구이),"일번가막국수,닭갈비",강원특별자치도 춘천시 신북읍 신샘밭로 771
호프/통닭,젊은어부,"강원특별자치도 춘천시 퇴계로145번길 4, 1층 (퇴계동, 퇴계(1)주공아파트상가동102호)"
식육(숯불구이),좌방산닭갈비토종닭,강원특별자치도 춘천시 남면 한덕발산길 1226
식육(숯불구이),강촌우미숯불닭갈비,강원특별자치도 춘천시 남산면 강촌로 159
일식,연이네초밥,강원특별자치도 춘천시 영서로 2250-8 (퇴계동)
한식,춘천소담막국수,강원특별자치도 춘천시 남산면 경춘로 138
한식,(주)아워홈 더플레이어스지씨(클럽하우스),강원특별자치도 춘천시 동산면 새술막길 438
분식,크루아 라다,"강원특별자치도 춘천시 서부대성로44번길 25, 1층 (요선동)"
식육(숯불구이),꾸석지돌판한우춘천거두점,"강원특별자치도 춘천시 동내면 거두택지길 55-7, 1층"
호프/통닭,투다리행복점,강원특별자치도 춘천시 퇴계로 29 (퇴계동)
한식,(주)아워홈더플레이어스지씨(스타트하우스),강원특별자치도 춘천시 동산면 새술막길 438
호프/통닭,더보리치킨,강원특별자치도 춘천시 서부대성로44번길 20-3 (요선동)
기타,도우,"강원특별자치도 춘천시 성심로47번길 75, 1층 (후평동)"
분식,할랄에스키샤하르(HALAL ESKISHAHAR),"강원특별자치도 춘천시 서부대성로206번길 19, 1층 (효자동)"
한식,춘석이네,강원특별자치도 춘천시 방송길7번길 12-1 (중앙로3가)
횟집,자갈치마당,강원특별자치도 춘천시 영서로 2757-1 (우두동)
호프/통닭,장작구이닭초,"강원특별자치도 춘천시 춘주로187번길 12-1, 1층 (퇴계동)"
식육(숯불구이),춘천제일닭갈비,"강원특별자치도 춘천시 새롬공원길 22-1, 1층 (석사동)"
한식,마포돼지갈비사농동,"강원특별자치도 춘천시 영서로 2847-4, 1층 (사농동)"
통닭(치킨),마인드치킨,"강원특별자치도 춘천시 남산면 한치로 88, 1층"
일식,요쇼쿠춘천점,"강원특별자치도 춘천시 방송길 77, 1층 1118, 1132호 (온의동, 춘천 센트럴타워 푸르지오)"
기타,예그리나,"강원특별자치도 춘천시 우묵길 30, 1층 (퇴계동)"
기타,젤리통통,"강원특별자치도 춘천시 후석로 120, 4층 (석사동)"
경양식,아워테이스트,"강원특별자치도 춘천시 옥천길40번길 14, 1층 (옥천동)"
식육(숯불구이),강산닭갈비막국수,강원특별자치도 춘천시 영서로2279번길 28 (온의동)
한식,이모네한식,"강원특별자치도 춘천시 후석로393번길 32, 1층 (후평동)"
한식,한끼덮밥,"강원특별자치도 춘천시 금강로 43, 1,2층 (요선동)"
한식,강촌스타밸리,강원특별자치도 춘천시 남산면 갯골길 112-11
식육(숯불구이),에이치케이커피로스터스,강원특별자치도 춘천시 신북읍 신샘밭로 746 (1층)
호프/통닭,하늘강,"강원특별자치도 춘천시 충열로16번길 3 (우두동, 지하1층)"
까페,탑플레이스(Top Place),강원특별자치도 춘천시 동면 순환대로 1154-115
한식,소주고개로닭갈비,"강원특별자치도 춘천시 남면 소주고개로 238, 1층"
한식,목장원,"강원특별자치도 춘천시 서면 오미길 6, 1층"
한식,본삼계탕,"강원특별자치도 춘천시 춘천로 338, 103호 (후평동)"
한식,한방장수왕족발,강원특별자치도 춘천시 충열로16번길 27-1 (우두동)
한식,문배마을장씨네,"강원특별자치도 춘천시 솟발1길 4-49, 1층 (퇴계동)"
중국식,홍콩반점,강원특별자치도 춘천시 동내면 영서로 1778 (2층)
까페,카페뽀앤쏘,"강원특별자치도 춘천시 만천로239번길 15-1, 1층 (후평동)"
식육(숯불구이),춘천꽃대패,강원특별자치도 춘천시 우묵들길 28 (퇴계동)
식육(숯불구이),사우진미닭갈비,강원특별자치도 춘천시 충열로16번길 21-13 (우두동)
식육(숯불구이),홍콩치킨아빠가만드는집밥,"강원특별자치도 춘천시 후석로 393, 1층 (후평동)"
기타,설아포차,"강원특별자치도 춘천시 춘주로187번길 16, 1층 (퇴계동)"
한식,위찜춘천후평점,"강원특별자치도 춘천시 보안길 75, 1층 (후평동)"
한식,서윤정식,"강원특별자치도 춘천시 소양강로 10, 1층 106호 (후평동)"
한식,마삼내막국수,"강원특별자치도 춘천시 스포츠타운길 278, 1층 (삼천동)"
한식,토핑스,"강원특별자치도 춘천시 서부대성로 214, 1층 우측상가호 (효자동)"
한식,조부자매운순대가(만천점),강원특별자치도 춘천시 동면 만천로143번길 50
한식,병천청년순대강원대점,"강원특별자치도 춘천시 서부대성로 210 (효자동, 1층)"
한식,흥부곱창,"강원특별자치도 춘천시 퇴계로 75, 1층 (퇴계동, 우측)"
통닭(치킨),닭장,"강원특별자치도 춘천시 서부대성로 216, 2층 (효자동)"
분식,레드빈,"강원특별자치도 춘천시 후석로228번길 5, 1층 (후평동)"
호프/통닭,"과일에반하다,프루타(춘천점)","강원특별자치도 춘천시 백령로 214, 1층 (후평동)"
기타,카페떼아뜨로(Cafe Teatro),"강원특별자치도 춘천시 신동면 풍류1길 34, 2층"
한식,옛날이야기식당,"강원특별자치도 춘천시 남산면 북한강변길 876, 1층"
기타,카페429-1지내리,"강원특별자치도 춘천시 신북읍 금광길 77, 1층"
기타,커피밀,"강원특별자치도 춘천시 백령로 146, 2층 (효자동)"
기타,엉클스게스트하우스,"강원특별자치도 춘천시 남산면 북한강변길 18, 1층"
통닭(치킨),페리카나치킨사우점,강원특별자치도 춘천시 영서로 2818 (사농동)
중국식,진(眞)짬뽕진(眞)자장,강원특별자치도 춘천시 공지로 246 (효자동)
한식,향갈비,"강원특별자치도 춘천시 동내면 외솔길19번길 67, 1층"
식육(숯불구이),일품대패춘천점,"강원특별자치도 춘천시 세실로208번길 4, 1층 (후평동)"
한식,옛날경성순대국춘천점,"강원특별자치도 춘천시 방송길 77, 상가동 1층 1122,1127호 (온의동, 춘천 센트럴타워 푸르지오)"
기타,더조은명가손만두퇴계점,"강원특별자치도 춘천시 안마산로 213, 1층 120호 (퇴계동)"
까페,산토리니,강원특별자치도 춘천시 동면 순환대로 1154-97
한식,우촌식당,강원특별자치도 춘천시 공지로451번길 11 (근화동)
호프/통닭,번짐,강원특별자치도 춘천시 남춘로36번길 60 (퇴계동)
식육(숯불구이),해돈,"강원특별자치도 춘천시 동내면 거두택지길 34, 1층"
한식,두찜 춘천우두점,강원특별자치도 춘천시 충열로 1-40 (우두동)
한식,조부자매운순대가거두점,"강원특별자치도 춘천시 동내면 거두택지길4번길 5, 1층"
식육(숯불구이),고굽녀,"강원특별자치도 춘천시 백석골길 12, 1층 (퇴계동)"
기타,쌈빠찹쌀강정,"강원특별자치도 춘천시 동내면 학곡동길 4, 1층"
기타,청계곱창,"강원특별자치도 춘천시 행촌로32번길 5-10, 1층 (퇴계동)"
식육(숯불구이),초설,"강원특별자치도 춘천시 우묵길52번길 11, 1층 (퇴계동)"
경양식,을찌로국물떡볶이춘천점,"강원특별자치도 춘천시 공지로 108, 1층 102호 (석사동)"
경양식,레오의숲,"강원특별자치도 춘천시 서면 당숲안길 139-1, 주1동,부1동"
기타,글렌테일,"강원특별자치도 춘천시 보안길 50, 2층 (후평동)"
호프/통닭,비비큐후평점,"강원특별자치도 춘천시 세실로 218, 1층 (후평동)"
기타,포레스트스크린,"강원특별자치도 춘천시 동면 춘천순환로 553, 3층"
기타,카페피콜라,"강원특별자치도 춘천시 동면 서부대성로 441-5, 1층"
경양식,덕수파스타 춘천온의점,"강원특별자치도 춘천시 방송길 77, 1층 1114,1136호 (온의동, 춘천 센트럴타워 푸르지오)"
호프/통닭,고바우통닭 춘천우두점,강원특별자치도 춘천시 충열로 1-40 (우두동)
기타,오소냉삼,"강원특별자치도 춘천시 춘주로179번길 6-12, 1층 (퇴계동)"
기타,오케이(OK)카페,"강원특별자치도 춘천시 후만로 81, 지하1층 (후평동)"
한식,콩사랑마을,"강원특별자치도 춘천시 우묵들길 35-14, 1,2층 (퇴계동)"
한식,바비랑이푸드,"강원특별자치도 춘천시 운교길 4, 1층 (운교동)"
기타,뮤즈앤브루,"강원특별자치도 춘천시 아침길 17-6, 1층 (조양동)"
한식,구정막국수,강원특별자치도 춘천시 구마니1길 36-2 (삼천동)
기타,모토모토,"강원특별자치도 춘천시 동면 순환대로 1156-19, 지하1,1,2층"
한식,요거프레소(춘천화목원점),강원특별자치도 춘천시 화목원길 9 (사농동)
한식,승도리네곱도리탕춘천점,"강원특별자치도 춘천시 우석로79번길 13, 1층 (석사동)"
식육(숯불구이),외양간,"강원특별자치도 춘천시 닥나무길9번길 2, 1층 (효자동)"
중국식,탕화쿵푸,"강원특별자치도 춘천시 명동길 20, 2층 (중앙로2가)"
한식,대구막창,강원특별자치도 춘천시 후석로 423-1 (후평동)
한식,종점순대국,"강원특별자치도 춘천시 중앙로 176, 1층 (근화동)"
한식,병천순대,"강원특별자치도 춘천시 삭주로 98, 1동 1층 (후평동)"
한식,양평해장국,"강원특별자치도 춘천시 효자로 20, 1층 (퇴계동)"
호프/통닭,백스비어춘천스무숲점,"강원특별자치도 춘천시 스무숲4길 7, 1층 (석사동)"
일식,블루핀,"강원특별자치도 춘천시 향교앞길 8, 1층 (교동)"
한식,도토리네집,"강원특별자치도 춘천시 스무숲1길 46-5, 1층 (석사동)"
한식,삼형제염소탕,강원특별자치도 춘천시 소양로183번길 18 (근화동)
기타,소소베이글,"강원특별자치도 춘천시 춘주로92번길 9-1, 오른쪽 1층 (온의동)"
기타,카페레이크뷰,"강원특별자치도 춘천시 상중도길 15-24, 1,2,3층 (중도동)"
호프/통닭,야차,강원특별자치도 춘천시 우묵길70번길 34 (퇴계동)
한식,동해막국수퇴계점,강원특별자치도 춘천시 퇴계로 23 (퇴계동)
탕류(보신용),장안해장국,강원특별자치도 춘천시 퇴계로 23 (퇴계동)
식육(숯불구이),도야족발남춘천역점,"강원특별자치도 춘천시 우묵길56번길 24, 1층 104호 (퇴계동)"
중국식,선차이,"강원특별자치도 춘천시 수변공원길 11, 대호빌딩 3동 2층 (삼천동)"
기타,토리키치남춘천점,"강원특별자치도 춘천시 퇴계로 41, 1층 나호 (퇴계동)"
한식,숨어있는고깃집,"강원특별자치도 춘천시 백령로138번길 56-1, 1층 (효자동)"
식육(숯불구이),춘천화람한우,"강원특별자치도 춘천시 수변공원길 11, 대호빌딩 3동 4층 (삼천동)"
호프/통닭,탈선장,"강원특별자치도 춘천시 애막골길11번길 20, 1층 (석사동)"
식육(숯불구이),풍물생고기,"강원특별자치도 춘천시 영서로 2352-48, 풍물시장 13동 1층 97~100호 (온의동)"
식육(숯불구이),백년족발(퇴계점),"강원특별자치도 춘천시 춘주로 162, 1층 (퇴계동, 현대1차아파트상가101호)"
탕류(보신용),진미감자탕순대국,"강원특별자치도 춘천시 칠전서길 46-19, 1층 (칠전동)"
호프/통닭,쏘마,강원특별자치도 춘천시 공지로 354 (효자동)
기타,하나축산정육식당,"강원특별자치도 춘천시 우묵길56번길 12, 1층 (퇴계동)"
한식,참새방앗간,"강원특별자치도 춘천시 석사길 9, 1층 (석사동)"
기타,그라시아,"강원특별자치도 춘천시 교동길9번길 10, 1,2층 (교동)"
호프/통닭,발닭발닭,"강원특별자치도 춘천시 동내면 거두택지길 26, 101호"
식육(숯불구이),다락,"강원특별자치도 춘천시 소양로 126, 1층 (소양로2가)"
한식,꼬꼬닭발,"강원특별자치도 춘천시 행촌로 56-1, 1층 (퇴계동)"
탕류(보신용),79네수육국밥춘천온의점,강원특별자치도 춘천시 스포츠타운길 523 (온의동)
한식,본가회냉면,강원특별자치도 춘천시 영서로 3199 (신동)
호프/통닭,학곡리옛날통닭,강원특별자치도 춘천시 동내면 영서로 1776
분식,이모집,"강원특별자치도 춘천시 영서로 2352-44, 12동 89호 (온의동, 풍물시장)"
분식,엄마손칼국수,강원특별자치도 춘천시 퇴계로145번길 7-7 (퇴계동)
식육(숯불구이),태가,강원특별자치도 춘천시 우묵길56번길 6 (퇴계동)
한식,훈이네식당,강원특별자치도 춘천시 우묵길70번길 7 (퇴계동)
한식,시골집,"강원특별자치도 춘천시 서면 수정길 170, 1층"
기타,대만족춘천점,"강원특별자치도 춘천시 애막골길7번길 24, 1층 (석사동)"
호프/통닭,비에이치씨춘천우두점,"강원특별자치도 춘천시 우두1길 40, 상가동 1층 101호 (우두동, 춘천우두엘에이치천년나무3단지)"
한식,오필승닭발장학점,"강원특별자치도 춘천시 동면 춘천로449번길 24-1, 1층"
한식,신의주찹쌀순대본사직영춘천점,"강원특별자치도 춘천시 영서로2279번길 16, 1층 (온의동)"
분식,냉면사낭꾼,"강원특별자치도 춘천시 후석로45번길 16, 1층 (석사동)"
기타,온의동베이커리,"강원특별자치도 춘천시 충혼길18번길 17, 1층 (온의동)"
분식,클라로,"강원특별자치도 춘천시 삭주로 57, 1층 (교동)"
한식,백채김치찌개춘천후평점,"강원특별자치도 춘천시 후석로326번길 13, 1층 101호 (후평동, 현대2차아파트)"
한식,원용식당,강원특별자치도 춘천시 동면 가락재로 1337
한식,올미닭갈비,강원특별자치도 춘천시 신동로 20 (신동)
식육(숯불구이),낙원동숯불닭갈비,강원특별자치도 춘천시 낙원길 25 (낙원동)
탕류(보신용),황가네염소탕집,"강원특별자치도 춘천시 방송길7번길 22, 1층 (중앙로3가)"
횟집,또또와수산,"강원특별자치도 춘천시 공원4길 19-1, 1층 (퇴계동)"
식육(숯불구이),가마솥순대국거두점,"강원특별자치도 춘천시 동내면 춘천순환로94번길 13, 1층 103,104호"
한식,대추나무막국수,강원특별자치도 춘천시 동면 연산골길 96
한식,옥골막국수,강원특별자치도 춘천시 동면 지내양지길 68
한식,밸브,강원특별자치도 춘천시 새롬공원길4번길 35 (석사동)
기타,이디야춘천애막골점,"강원특별자치도 춘천시 후석로186번길 18, 1층 (석사동)"
한식,옥산포코다리,강원특별자치도 춘천시 영서로 3048 (사농동)
한식,출렁다리,강원특별자치도 춘천시 남산면 강촌문배길 485-3
분식,카페테리아틴토이,강원특별자치도 춘천시 서면 박사로 854
식육(숯불구이),빨강머리이모닭갈비,"강원특별자치도 춘천시 금강로62번길 10, 1층 (조양동)"
분식,큐슈울트라아멘춘천명동점,"강원특별자치도 춘천시 중앙로67번길 9, A동 1층 (조양동)"
한식,먹고가,강원특별자치도 춘천시 동내면 순환대로 714
식육(숯불구이),대룡산닭갈비막국수,"강원특별자치도 춘천시 동내면 동내로 180, 1층"
기타,원더버거,"강원특별자치도 춘천시 남산면 북한강변길 688, 엘리시안 강촌 스키하우스 1층"
기타,일박이일명물돈갈비,"강원특별자치도 춘천시 남산면 소주고개로 465-7, 1층"
기타,더바른정국밥,"강원특별자치도 춘천시 서부대성로 327, 동아아파트 상가동 1층 104호 (후평동, 동아아파트)"
경양식,단하비,"강원특별자치도 춘천시 서부대성로 235, 2층 (효자동)"
한식,세월교푸줏간,강원특별자치도 춘천시 동면 금옥길 481
한식,춘천의달,"강원특별자치도 춘천시 서부대성로48번길 5, 1층 (요선동)"
한식,나능이능이버섯백숙춘천점,"강원특별자치도 춘천시 우묵길78번길 7, 1층 (퇴계동, 좌측)"
탕류(보신용),운수대통뼈다귀탕,강원특별자치도 춘천시 동내면 춘천순환로72번길 35
호프/통닭,노랑통닭 엘리시안강촌점,강원특별자치도 춘천시 남산면 북한강변길 688
식육(숯불구이),춘천장어빌리지,강원특별자치도 춘천시 신북읍 사랑말길 145
한식,소양손두부,"강원특별자치도 춘천시 소양로219번길 6, 1층 (소양로1가)"
기타,홍콩반점0410 춘천거두리점,"강원특별자치도 춘천시 동내면 춘천순환로94번길 13, 1층 101호"
호프/통닭,비에이치씨치킨춘천거두점,"강원특별자치도 춘천시 동내면 춘천순환로94번길 17, 1층"
기타,어구어,"강원특별자치도 춘천시 소양로183번길 1, 1층 (소양로2가)"
일식,야키토리무명,"강원특별자치도 춘천시 삭주로80번길 21, 1층 (교동)"
한식,진미가솥밭,"강원특별자치도 춘천시 삭주로 184, 1층 (후평동)"
한식,닭발어때,강원특별자치도 춘천시 보안길 17 (후평동)
한식,간이역후평대박역점,강원특별자치도 춘천시 백령로 188 (후평동)
까페,놀이카페조인,강원특별자치도 춘천시 백령로 9-1 (효자동)
기타,데이빗하우스,"강원특별자치도 춘천시 스무숲길 1, 1.4층 (석사동)"
기타,베어크리크춘천 클럽하우스대식당,"강원특별자치도 춘천시 신동면 김유정로 730, 클럽하우스대식당 1층"
기타,자갈치브라더스춘천후평점,"강원특별자치도 춘천시 보안길 36, 상가동 3동 101호 (후평동, 우미린뉴시티)"
호프/통닭,후라이드참잘하는집,"강원특별자치도 춘천시 퇴계로 139-1, 1층 102호 (퇴계동)"
식육(숯불구이),장터왕족발보쌈,"강원특별자치도 춘천시 사우로 31-20, 1층 (사농동)"
한식,보안감자탕앤호세야,"강원특별자치도 춘천시 보안길 62, 5층 (후평동)"
뷔페식,스카이컨벤션웨딩(주),"강원특별자치도 춘천시 동면 춘천순환로 770, 지하1,지상2,3층"
한식,권바우푸드시스템,강원특별자치도 춘천시 솟발1길 4-13 (퇴계동)
기타,멋갤러리카페,"강원특별자치도 춘천시 남춘로55번길 14, 1층 (효자동)"
식육(숯불구이),후동리닭갈비,"강원특별자치도 춘천시 남면 소주고개로 181-6, 1층"
기타,베어크리크춘천 스타트하우스,"강원특별자치도 춘천시 신동면 김유정로 730, 스타트하우스"
중국식,회빈장,강원특별자치도 춘천시 남춘로36번길 54 (퇴계동)
기타,그라시아브런치카페,"강원특별자치도 춘천시 우두5길 36, 1층 107호 (우두동)"
호프/통닭,bhc춘천학곡점,"강원특별자치도 춘천시 동내면 영서로 1787, 1층"
기타,플레이스103(은하수카페),"강원특별자치도 춘천시 중앙로 지하 50-2, 다7 (중앙로2가)"
한식,복순이아구찜,"강원특별자치도 춘천시 동면 춘천로449번길 15-2, 1층"
기타,해방,"강원특별자치도 춘천시 춘주로 129, 1층 (퇴계동)"
기타,수제버거락벅,"강원특별자치도 춘천시 새롬공원길 10, 1층 우측상가호 (석사동)"
식육(숯불구이),춘천함가네닭갈비,강원특별자치도 춘천시 영서로 2347 (온의동)
한식,준독(Joon Dog Training Center),"강원특별자치도 춘천시 서면 노동길 71, 1층"
호프/통닭,꼬방꼬방,"강원특별자치도 춘천시 안마산로 213, 퇴계금호타운상가 112,119호 (퇴계동)"
일식,스시요,"강원특별자치도 춘천시 중앙로67번길 8 (죽림동, 2층)"
한식,산까치가든,강원특별자치도 춘천시 서면 납실길 60
한식,신포리산채나물,강원특별자치도 춘천시 사북면 영서로 4595-4 (2리)
기타,단판,"강원특별자치도 춘천시 백령로138번길 29, 지하1층 (효자동)"
식육(숯불구이),(주)풍년,강원특별자치도 춘천시 중앙로107번길 15-6 (중앙로3가)
한식,낙지(樂地),강원특별자치도 춘천시 충열로16번길 33 (우두동)
탕류(보신용),화로불,"강원특별자치도 춘천시 백령로 171, 3동 1층 (효자동)"
기타,촌닭두마리,"강원특별자치도 춘천시 춘천로204번길 52, 3동 1층 (효자동)"
까페,작은갤러리,강원특별자치도 춘천시 동내면 학곡동1길 12-8
분식,너랑나랑,강원특별자치도 춘천시 명동길 46-1 (중앙로3가)
호프/통닭,일팔일구오,강원특별자치도 춘천시 사북면 매산골길 73
식육(숯불구이),좋은흑염소,강원특별자치도 춘천시 남춘천길 5 (퇴계동)
한식,반주,강원특별자치도 춘천시 남춘로36번길 81 (퇴계동)
한식,친친,강원특별자치도 춘천시 명동길 8 (중앙로2가)
식육(숯불구이),마장동,"강원특별자치도 춘천시 중앙로 160 (근화동, 1층)"
식육(숯불구이),사우나한돼지,강원특별자치도 춘천시 퇴계로 32 (퇴계동)
까페,청년팝업레스토랑미생,"강원특별자치도 춘천시 우석로 8, 1층 (석사동)"
한식,옛날막국수,"강원특별자치도 춘천시 중앙로77번길 25, 2층 (죽림동)"
한식,섬마을생선구이전문,"강원특별자치도 춘천시 복골길 1 (후평동, 1층)"
탕류(보신용),약선흑염소춘천점,강원특별자치도 춘천시 동내면 영서로 1745
한식,모녀밥상,"강원특별자치도 춘천시 공지로333번길 10, 1층 (효자동)"
일식,와다라멘춘천점,"강원특별자치도 춘천시 춘주로 187, 1층 전면 우측상가호 (퇴계동)"
한식,퇴계막국수,강원특별자치도 춘천시 영서로 2231 (퇴계동)
한식,다윤네집,"강원특별자치도 춘천시 서면 경춘로 647-56, 1층"
기타,프랭크버거춘천강원대점,"강원특별자치도 춘천시 서부대성로 239, 1층 (효자동)"
한식,미미즈(mimi's),"강원특별자치도 춘천시 보안길 42, 1층 (후평동)"
식육(숯불구이),원조마늘통닭집,강원특별자치도 춘천시 금강로 40 (낙원동)
식육(숯불구이),춘천사랑닭갈비,강원특별자치도 춘천시 낙원길 47-1 (낙원동)
한식,큰집닭갈비막국수,강원특별자치도 춘천시 영서로 2275 (퇴계동)
식육(숯불구이),장터왕족발,"강원특별자치도 춘천시 춘주로 192, 1층 (퇴계동)"
한식,동강막국수,강원특별자치도 춘천시 사북면 사내천로 1173
기타,봄내뒤뚜루,"강원특별자치도 춘천시 춘천로281번길 8, 1층 (후평동)"
호프/통닭,주안상춘천본점,"강원특별자치도 춘천시 스무숲1길 32-10, 1층 (석사동)"
중국식,천하짬뽕,"강원특별자치도 춘천시 솟발1길 4-71, 1층 (퇴계동)"
식육(숯불구이),일미곱창,강원특별자치도 춘천시 김유정로 1852-1 (퇴계동)
한식,장모집,강원특별자치도 춘천시 동내면 순환대로 622-7
한식,원조새술막막국수,강원특별자치도 춘천시 동산면 새술막길 697 (3리)
한식,횡성기사식당,강원특별자치도 춘천시 동내면 영서로 1768 (3리)
일식,스시원춘천온의점,"강원특별자치도 춘천시 방송길 98, 1층 (온의동)"
기타,버니하우스,"강원특별자치도 춘천시 서부대성로239번길 47-14, 1층 (후평동)"
기타,해물도,"강원특별자치도 춘천시 스무숲3길 26, 1층 (석사동)"
한식,노상치킨앤포차,"강원특별자치도 춘천시 삭주로 106, 1층 102호 (후평동)"
한식,가평펜션남이섬리조트비버네민박집,강원특별자치도 춘천시 남산면 방하로 637-8
식육(숯불구이),고기로53,"강원특별자치도 춘천시 근화길15번길 43, 1층 (근화동)"
중국식,남춘천중국집,강원특별자치도 춘천시 퇴계로 74 (퇴계동)
한식,오서방숯불갈비,강원특별자치도 춘천시 후석로 411-1 (후평동)
호프/통닭,계미,"강원특별자치도 춘천시 춘천로204번길 54, 1층 (효자동)"
한식,따봉한우곱창,강원특별자치도 춘천시 퇴계로 61-1 (퇴계동)
기타,카페알로하,"강원특별자치도 춘천시 서면 박사로 1539, 1층"
기타,프롬마인드(FROMMIND),"강원특별자치도 춘천시 백령로 105, 1층 (효자동)"
기타,페리토(perrito),"강원특별자치도 춘천시 동내면 금촌로 179, 1층"
식육(숯불구이),일미닭갈비,"강원특별자치도 춘천시 충혼길 7, 1층 (퇴계동)"
식육(숯불구이),생생삼겹살,강원특별자치도 춘천시 공원3길 21-1 (퇴계동)
식육(숯불구이),장학순대,강원특별자치도 춘천시 동면 춘천로449번길 24-4
식육(숯불구이),정석화로구이,강원특별자치도 춘천시 동면 춘천로449번길 14-2
한식,다옴,"강원특별자치도 춘천시 공지로 111, 상가동 1층 108호 (석사동, 석사신우아파트)"
기타,쪼바,"강원특별자치도 춘천시 동내면 거두택지길4번길 7-6, 1층"
식육(숯불구이),남춘천왕소금구이,"강원특별자치도 춘천시 퇴계로 71, 1층 (퇴계동)"
한식,오필승닭발퇴계주공1차점,강원특별자치도 춘천시 퇴계로145번길 11-4 (퇴계동)
식육(숯불구이),우성닭갈비,강원특별자치도 춘천시 우묵들길 33 (퇴계동)
한식,춘천본가닭갈비,"강원특별자치도 춘천시 금강로62번길 13 (조양동, 1층)"
경양식,돈까스와 뼈다귀,강원특별자치도 춘천시 충열로 282 (우두동)
까페,카페플로리안,강원특별자치도 춘천시 후석로 258 (후평동)
기타,올라,"강원특별자치도 춘천시 중앙로77번길 39-1, 1층 (죽림동)"
기타,츄러스아저씨,"강원특별자치도 춘천시 명동길 9, 1층 (조양동)"
분식,정성카츠춘천퇴계점,"강원특별자치도 춘천시 퇴계로93번길 10-8, 1층 101,102호 (퇴계동)"
기타,단우물카페,강원특별자치도 춘천시 신북읍 신북로 323
기타,도나커피,"강원특별자치도 춘천시 칠전동길 5, 1층 (칠전동)"
한식,춘천장칼국수,"강원특별자치도 춘천시 신동면 정족길 180, 1층"
한식,인생아구찜춘천점,"강원특별자치도 춘천시 백령로 215, 상가2동 106호 (후평동, 춘천일성트루엘더퍼스트아파트)"
횟집,홍어랑,"강원특별자치도 춘천시 영서로 2793, 1층 105호 (우두동, 두미르마을)"
분식,유부라동,"강원특별자치도 춘천시 백령로138번길 49, 1층 (효자동)"
기타,몬나니젤라또,"강원특별자치도 춘천시 퇴계농공로 9, 1층 109호 (석사동)"
뷔페식,메리키친,"강원특별자치도 춘천시 동면 금옥길 338, 1층"
한식,미가쭈꾸미앤삼겹살,"강원특별자치도 춘천시 우두6길 5, 1층 102호 (우두동)"
한식,돌집식당,강원특별자치도 춘천시 남면 한덕발산길 16-8
한식,브루조아,강원특별자치도 춘천시 남산면 오양골길 125
한식,밸리,강원특별자치도 춘천시 동산면 새술막길 438
기타,그래그래피자떡볶이춘천점,"강원특별자치도 춘천시 효평길 44, 1층 (효자동)"
한식,육림고개올챙이국수,"강원특별자치도 춘천시 중앙로77번길 38, 1층 (약사동)"
기타,아람푸드,"강원특별자치도 춘천시 칠전서2길 4, 1층 (칠전동)"
일식,스시욱,"강원특별자치도 춘천시 퇴계농공로 22, 1층 103호 (석사동)"
한식,춘양화로본점,"강원특별자치도 춘천시 스무숲2길 10, 1층 (석사동)"
기타,웨어커피,"강원특별자치도 춘천시 아침길 13, 1층 (조양동)"
기타,몰트앤뮤직,"강원특별자치도 춘천시 영서로 2261, 지하1층 (퇴계동)"
한식,유천냉면우두점,"강원특별자치도 춘천시 사우3길 33-14, 1층 (사농동)"
한식,마방,"강원특별자치도 춘천시 중앙로27번길 9-3, 1층 (옥천동)"
분식,만원푸드,"강원특별자치도 춘천시 소양로 214-1, 1층 (소양로1가)"
한식,홍두깨해물칼국수,강원특별자치도 춘천시 동면 만천로 86
기타,공지천제빵소,"강원특별자치도 춘천시 수변공원길 23, 1~2층 (삼천동)"
분식,그늘집,"강원특별자치도 춘천시 동면 춘천순환로 797, 1층"
기타,그라운댕,"강원특별자치도 춘천시 동면 금옥길 132, 1층"
기타,아써르티(ASSORTY),"강원특별자치도 춘천시 서부대성로 249, 1층 (효자동)"
식육(숯불구이),기와집,"강원특별자치도 춘천시 후석로 427, 1층 (후평동)"
기타,그루잠,강원특별자치도 춘천시 서면 박사로 233-9
한식,세무서구내식당,강원특별자치도 춘천시 중앙로 115 (중앙로3가)
한식,(주)케이알산업춘천(하)휴게소한식봇,강원특별자치도 춘천시 동내면 영서로 1432
한식,육쌈냉면(춘천명동점),강원특별자치도 춘천시 명동길 9 (조양동)
한식,순대박사,강원특별자치도 춘천시 영서로 2502 (근화동)
한식,본관남부막국수,"강원특별자치도 춘천시 춘천로81번길 16, 1,2층 (약사동)"
한식,강남해장국,강원특별자치도 춘천시 중앙로 170 (근화동)
호프/통닭,작업반장,강원특별자치도 춘천시 동내면 거두택지길14번길 4
"외국음식전문점(인도,태국등)",포랑춘천점,"강원특별자치도 춘천시 서부대성로205번길 8, 1층 (효자동)"
한식,강촌만남의광장,"강원특별자치도 춘천시 남산면 강촌로 96, 새마을금고강촌지점"
한식,유일관,강원특별자치도 춘천시 시청길 14 (조양동)
한식,반찬가게,"강원특별자치도 춘천시 칠전서길 34, 1층 (칠전동)"
한식,여주집,강원특별자치도 춘천시 중앙로 101 (중앙로3가)
한식,미가락,강원특별자치도 춘천시 성심로 8-2 (교동)
경양식,아름다운식당(춘천시니어클럽),"강원특별자치도 춘천시 애막골길20번길 7, 1층 (석사동)"
한식,의료법인 호반의료재단 춘천호반병원장례식장,"강원특별자치도 춘천시 옛경춘로 663, 지하1층 (삼천동)"
중국식,가화,강원특별자치도 춘천시 스포츠타운길 376 (삼천동)
한식,40년조면장장칼국수석사점,"강원특별자치도 춘천시 새롬공원길 8, 1층 (석사동)"
기타,카페다올,"강원특별자치도 춘천시 춘주로147번길 15, 1층 (퇴계동)"
한식,두향칠전점,"강원특별자치도 춘천시 칠전동길 74, 1층 (칠전동)"
한식,조부자매운순대가후평점,강원특별자치도 춘천시 보안길 54 (후평동)
분식,남부닭갈비,강원특별자치도 춘천시 공지로 357 (효자동)
기타,컵앤캔,"강원특별자치도 춘천시 공지로 162-1, 1층 (석사동)"
식육(숯불구이),경강오리구이후평점,"강원특별자치도 춘천시 춘천로296번길 24-1 (후평동, 1층)"
한식,장수숯불갈비,"강원특별자치도 춘천시 스포츠타운길 521 (온의동, 1층)"
김밥(도시락),온의김밥나라,"강원특별자치도 춘천시 영서로 2313 (온의동, 1층, 가운데)"
기타,더 쉘터,"강원특별자치도 춘천시 동산면 종자리로 224-24, 1층"
호프/통닭,바보형제쭈꾸미효자점,"강원특별자치도 춘천시 춘천로186번길 17, 1층 (효자동)"
식육(숯불구이),명가곱창,"강원특별자치도 춘천시 행촌로32번길 5-35, 1층 (퇴계동)"
분식,그날의우리,"강원특별자치도 춘천시 우묵길56번길 24, 1층 103호 (퇴계동)"
한식,춘천정통닭갈비,"강원특별자치도 춘천시 남면 충효로 815, 1층"
경양식,배고파,"강원특별자치도 춘천시 삭주로 30, 1층 (교동)"
기타,카페래빗가든(Cafe rabbit garden),"강원특별자치도 춘천시 후석로326번길 12-14, 1,2층 (후평동)"
기타,파쎄스위트,"강원특별자치도 춘천시 선들길 24-16, 1층 (삼천동)"
한식,4단지닭갈비,강원특별자치도 춘천시 후만로 81 (후평동)
한식,할매삼계탕,강원특별자치도 춘천시 백석골길22번길 34 (퇴계동)
한식,봄이네,"강원특별자치도 춘천시 신북읍 배후령길 303, 1층"
호프/통닭,굽네치킨CGV점,"강원특별자치도 춘천시 승지골길16번길 16, 퇴계7단지주공아파트 상가동 1층 107호 (퇴계동)"
호프/통닭,푸라닭춘천후평점,"강원특별자치도 춘천시 보안길 77, 1층 103호 (후평동)"
한식,롯데자율식당,"강원특별자치도 춘천시 공지로 387, 지하1층 (약사동)"
기타,카페로떤느,"강원특별자치도 춘천시 동내면 사래울1길 92, 2층"
식육(숯불구이),광창,"강원특별자치도 춘천시 남춘로26번길 5, 1층 (퇴계동)"
한식,호수별닭갈비,"강원특별자치도 춘천시 영서로 2529-45, 1층 (근화동)"
한식,대경식당,강원특별자치도 춘천시 닥나무길9번길 3 (효자동)
호프/통닭,누구나홀딱반한닭석사점,"강원특별자치도 춘천시 퇴계농공로 19, 106호,107호호 (석사동, 화인프라자 )"
기타,꿀꿀이수육국밥,"강원특별자치도 춘천시 춘천로310번길 25, 1층 (후평동)"
기타,프렌즈스크린사농동점,"강원특별자치도 춘천시 영서로 2938, 우호빌딩 2층 204호 (사농동)"
기타,지앤씨골프삼천동스크린,"강원특별자치도 춘천시 스포츠타운길 432, 4층 (삼천동)"
기타,모민(momin),"강원특별자치도 춘천시 망대길 13, 1층 (죽림동)"
호프/통닭,모두모여라,"강원특별자치도 춘천시 동내면 거두택지길 80, 401동 1층 101호 (호반베르디움에코)"
기타,코이코히,"강원특별자치도 춘천시 우석로67번길 9-1, 1층 (석사동)"
일식,별식당춘천거두점,"강원특별자치도 춘천시 동내면 춘천순환로94번길 17, 1층"
한식,복순이아구찜퇴계점,"강원특별자치도 춘천시 남춘로36번길 20, 1층 (퇴계동)"
한식,대진식당,강원특별자치도 춘천시 스포츠타운길 437-1 (삼천동)
한식,멍석갈비,"강원특별자치도 춘천시 춘주로91번길 18-1 (온의동, 1층)"
한식,두촌가마솥밥엔쭈꾸미춘천점,"강원특별자치도 춘천시 경춘로 2353, 이마트 1층 (온의동)"
분식,거두분식,"강원특별자치도 춘천시 동내면 거두택지길 24, 103호"
기타,오더히어버거,"강원특별자치도 춘천시 효석로9번길 4, 6호 (효자동, 윤일아파트)"
기타,타프로스터스,"강원특별자치도 춘천시 춘천로167번길 39, 1층 (조양동)"
기타,춘맥,"강원특별자치도 춘천시 백령로 222, 1층 (후평동)"
일식,춘천초밥,"강원특별자치도 춘천시 김유정로 1852-23, 1층 (퇴계동)"
한식,주식회사,"강원특별자치도 춘천시 춘주로147번길 13, 1층 (퇴계동)"
한식,모두숲,"강원특별자치도 춘천시 신동면 김유정로 1417, B동 1층 101-3호"
탕류(보신용),고기굽는마을,"강원특별자치도 춘천시 후석로228번길 9, 1층 (후평동)"
한식,오야,"강원특별자치도 춘천시 삭주로 42, 1층 (교동)"
기타,에이셉피자춘천점,"강원특별자치도 춘천시 명동길 26-1, 1층 (중앙로2가)"
식육(숯불구이),숯불닭갈비나라,"강원특별자치도 춘천시 충열로16번길 21-8, 1층 (우두동)"
기타,도손도손,"강원특별자치도 춘천시 동내면 거두택지길 87-8, 1층"
호프/통닭,쭈노치킨,"강원특별자치도 춘천시 행촌로32번길 5-2, 1층 (퇴계동)"
기타,투다리퇴계타운점,"강원특별자치도 춘천시 안마산로 213, 124호 (퇴계동, 퇴게타운상가)"
중국식,옥산반점,강원특별자치도 춘천시 영서로 3067 (사농동)
한식,구곡휴게소,강원특별자치도 춘천시 남산면 강촌구곡길 259
기타,아보카도,"강원특별자치도 춘천시 약사고개길50번길 25, 2층 (약사동)"
기타,미미카츠,"강원특별자치도 춘천시 효제길 26, 1층 (효자동)"
일식,찰랑찰랑,"강원특별자치도 춘천시 시청길10번길 15-1, 2층 (조양동)"
뷔페식,주현출장부페,"강원특별자치도 춘천시 후석로59번길 13-3, 1층 (석사동)"
중국식,황궁쟁반짜장우두점,강원특별자치도 춘천시 충열로 160 (우두동)
탕류(보신용),금자네해장국,강원특별자치도 춘천시 춘천로 179-1 (운교동)
기타,레일로드,강원특별자치도 춘천시 사북면 춘화로 385
한식,이가네추어탕,강원특별자치도 춘천시 동내면 학곡서3길 18
호프/통닭,솔바람,강원특별자치도 춘천시 북산면 북산로 730
한식,복돼지숯불갈비,"강원특별자치도 춘천시 보안길 81, 1층 (후평동)"
한식,대구네동태탕,강원특별자치도 춘천시 충열로 232 (우두동)
한식,동명막국수닭갈비,강원특별자치도 춘천시 영서로 3034 (사농동)
한식,시골밥집,강원특별자치도 춘천시 춘천로310번길 23 (후평동)
기타,메가펍,"강원특별자치도 춘천시 우묵길78번길 7, 2층 (퇴계동)"
한식,한방카페궁,"강원특별자치도 춘천시 동면 순환대로 1154-144, 1층"
한식,전이야기,"강원특별자치도 춘천시 춘천로 389, 1층 (후평동)"
식육(숯불구이),토담숯불닭갈비(신관),"강원특별자치도 춘천시 신북읍 신샘밭로 658, 1층 (외1필지 신샘밭로660)"
탕류(보신용),인생고기,"강원특별자치도 춘천시 승지골길 3-4, 1층 (퇴계동)"
한식,정가네소내장탕,강원특별자치도 춘천시 부평길8번길 1 (후평동)
김밥(도시락),한솥도시락한림성심대점,강원특별자치도 춘천시 동면 장학길 29
호프/통닭,도원,강원특별자치도 춘천시 남산면 서천길 159-1
한식,황소돌곱창구이,강원특별자치도 춘천시 우석로67번길 17 (석사동)
식육(숯불구이),만천고깃간,"강원특별자치도 춘천시 삭주로 198, 1동 1층 (후평동)"
기타,문배힐하우스,"강원특별자치도 춘천시 남산면 강촌문배길 496, 1층"
기타,쌈육정,"강원특별자치도 춘천시 후석로59번길 10-24, 1층 (석사동)"
한식,234산장가든,강원특별자치도 춘천시 남산면 서백길 86-9
호프/통닭,달몽,강원특별자치도 춘천시 벌말길 71 (석사동)
한식,손칼국수,강원특별자치도 춘천시 성심로 40 (효자동)
통닭(치킨),멕시칸치킨후평3분점,"강원특별자치도 춘천시 춘천로296번길 18 (후평동, 1층)"
한식,삼천동식당,"강원특별자치도 춘천시 자라우새길 68, 1층 (송암동)"
분식,엄마손분식,"강원특별자치도 춘천시 행촌로 11, 상가동 1층 106호 (퇴계동, 한성,한진아파트)"
기타,엘타코호초,"강원특별자치도 춘천시 삭주로 217, 1층 (후평동)"
식육(숯불구이),고기촌,"강원특별자치도 춘천시 벌말길 63, 1층 (석사동)"
한식,다미,"강원특별자치도 춘천시 향교옆길13번길 20, 1층 (옥천동)"
횟집,사거리횟집후평점,"강원특별자치도 춘천시 백령로 215, 1층 103호 (후평동, 춘천일성트루엘더퍼스트아파트)"
식육(숯불구이),육담,"강원특별자치도 춘천시 영서로 2153, 1층 101,102호 (퇴계동)"
기타,정가네오골계선생,"강원특별자치도 춘천시 퇴계로 50, 1층 (퇴계동)"
중국식,함흥집,"강원특별자치도 춘천시 스포츠타운길 529-7 (온의동, 1층)"
식육(숯불구이),오필승닭발팔호광장점,"강원특별자치도 춘천시 춘천로 171 (운교동, 1층)"
한식,해물마루,"강원특별자치도 춘천시 충혼길 9, 1층 (퇴계동)"
식육(숯불구이),닭먹으러다시오리,강원특별자치도 춘천시 서면 덕두원길 84
한식,성심로11-1,"강원특별자치도 춘천시 성심로 11-1 (교동, (1층))"
식육(숯불구이),재궁골토종닭,강원특별자치도 춘천시 동면 춘천로 527-50
한식,란(RAN),"강원특별자치도 춘천시 동면 춘천순환로 356, 1층"
기타,토마토도시락춘천한림대점,강원특별자치도 춘천시 삭주로 69 (교동)
한식,한우참맛갈비,"강원특별자치도 춘천시 만천로 237, 1층 (후평동)"
까페,안,강원특별자치도 춘천시 백령로 153 (효자동)
분식,가리미김밥석사세경점,"강원특별자치도 춘천시 남춘천새길 39, 1층 (효자동)"
분식,청춘꼬마김밥앤떡볶이본점,"강원특별자치도 춘천시 퇴계농공로 12, 1층 105호 (석사동, 로얄프라자)"
기타,팔봉스넥,"강원특별자치도 춘천시 교운길 1, 1층 (운교동)"
탕류(보신용),풍물영양탕,"강원특별자치도 춘천시 영서로 2352-24, 풍물시장 (온의동)"
탕류(보신용),광치해장국,"강원특별자치도 춘천시 소양로 108 (소양로3가, 1층)"
한식,진이식당,"강원특별자치도 춘천시 영서로 2352-44, 풍물시장 92, 93, 94호 (온의동)"
식육(숯불구이),화로상회 남춘천역점,"강원특별자치도 춘천시 우묵길52번길 10, 1층 (퇴계동)"
호프/통닭,메이,"강원특별자치도 춘천시 스무숲길 9, 6층 (석사동)"
한식,돈,"강원특별자치도 춘천시 신흥길 9-1, 1층 (우두동)"
한식,전주식당,"강원특별자치도 춘천시 동부시장길 8 (운교동, 동부시장상가 11,12,23,24호)"
분식,도스마스한림대점,강원특별자치도 춘천시 성심로 11 (교동)
한식,한라풍천장어,"강원특별자치도 춘천시 영서로 2883, 1층 (사농동)"
탕류(보신용),신촌리소머리곰탕,강원특별자치도 춘천시 동내면 향군길 2
한식,사거리순대국,"강원특별자치도 춘천시 신샘밭로 99, 1층 (사농동)"
기타,데이앤나이트식당,"강원특별자치도 춘천시 서부대성로 217, 2층 (효자동)"
한식,함흥냉면옥퇴계점,"강원특별자치도 춘천시 효자로24번길 8, 1층 (퇴계동)"
기타,맑음때때로비,"강원특별자치도 춘천시 애막골길20번길 18-1, 1층 (석사동)"
한식,장독마을,"강원특별자치도 춘천시 동면 연산골길 72, 1층"
한식,원할머니보쌈족발춘천후평점,"강원특별자치도 춘천시 백령로 188, 1층 우측호 (후평동)"
기타,속초회냉면,강원특별자치도 춘천시 동내면 거두택지길44번길 22
분식,청년분식춘천점,"강원특별자치도 춘천시 후석로46번길 16, 1층 (석사동)"
일식,풍류장,"강원특별자치도 춘천시 우묵길78번길 30, 1층 (퇴계동)"
한식,가락재정상쉼터,강원특별자치도 춘천시 동면 가락재로 1662
한식,산골쉼터,강원특별자치도 춘천시 동면 가락재로 1514
한식,춘식,"강원특별자치도 춘천시 애막골길11번길 25, 1층 (석사동)"
통닭(치킨),호식이두마리치킨퇴계점,"강원특별자치도 춘천시 안마산로 214 (퇴계동, 퇴계금호타운상가(지층20,21,22호1/2))"
식육(숯불구이),육림보쌈숯불구이후평점,강원특별자치도 춘천시 삭주로 120 (후평동)
식육(숯불구이),송암골막국수닭갈비,"강원특별자치도 춘천시 송암길 38, 1층 (송암동)"
분식,춘천소문난수제만두,"강원특별자치도 춘천시 행촌로32번길 1, 1층 코너상가호 (퇴계동)"
한식,유민이네부대찌개육개장,강원특별자치도 춘천시 동내면 영서로 1757
식육(숯불구이),큰지붕닭갈비,"강원특별자치도 춘천시 신북읍 신샘밭로 652, 1층"
일식,야키니쿠찬,"강원특별자치도 춘천시 낙원길 33, 1층 (낙원동)"
식육(숯불구이),육식사관학교 춘천석사점,"강원특별자치도 춘천시 효석로67번길 25, 석사근로복지아파트 상가동 1층 104호 (석사동)"
식육(숯불구이),일품대패일품장어,"강원특별자치도 춘천시 남춘로 6, 1층 (퇴계동)"
한식,만천막국수,강원특별자치도 춘천시 동면 만천로 187-8
한식,춘천호,강원특별자치도 춘천시 사북면 춘화로 350-14
호프/통닭,치킨마에스트로본점,"강원특별자치도 춘천시 춘천로 306-3, 1층 (후평동)"
분식,떡의작품남춘천점,"강원특별자치도 춘천시 안마산로 107-1, 에스엠프라자 1층 106호 (퇴계동)"
한식,담은등갈비,"강원특별자치도 춘천시 신동면 솟발1길 17, 1층"
호프/통닭,누구나홀딱반한닭 춘천온의점,"강원특별자치도 춘천시 스포츠타운길 523, 1층 (온의동)"
식육(숯불구이),착한복돼지,강원특별자치도 춘천시 애막골길7번길 15-1 (석사동)
한식,장가네더덕밥,강원특별자치도 춘천시 동면 소양강로 202
한식,팔뚝갈비학곡점,"강원특별자치도 춘천시 동내면 영서로 1759, 1층"
통닭(치킨),프랑킨숯불양념구이치킨,"강원특별자치도 춘천시 후석로45번길 23, 1층 (석사동)"
횟집,육회왕자연어공주춘천1호점,강원특별자치도 춘천시 애막골길7번길 28 (석사동)
한식,호수마을,강원특별자치도 춘천시 사북면 원평길 36-49
한식,춘천냉면,"강원특별자치도 춘천시 동내면 영서로 1785, 1층"
분식,영아미가,"강원특별자치도 춘천시 우두1길 43, 1층 (우두동)"
한식,용화산막국수,강원특별자치도 춘천시 사북면 춘화로 552 (2리)
한식,한식당,"강원특별자치도 춘천시 동면 만천로 147, 1층"
한식,골목전집,"강원특별자치도 춘천시 서부대성로48번길 24-1, 1층 (요선동)"
한식,공원삼겹살,"강원특별자치도 춘천시 동내면 춘천순환로72번길 50, 1층"
분식,마코토맨,"강원특별자치도 춘천시 퇴계로105번길 7, 1층 104호 (퇴계동)"
한식,황토숯불닭갈비,"강원특별자치도 춘천시 공지로 438 (근화동, 1층)"
한식,소란,강원특별자치도 춘천시 백령로 143 (효자동)
분식,733,"강원특별자치도 춘천시 신북읍 신샘밭로 733, 상가동 1층 101호"
식육(숯불구이),대박푸줏간,"강원특별자치도 춘천시 퇴계로77번길 7-13, 1층 (퇴계동)"
중국식,진시황제,"강원특별자치도 춘천시 후석로 326 (후평동, 엠타워빌딩 207호)"
한식,착한밥상,"강원특별자치도 춘천시 퇴계공단길 24, 1층 (퇴계동)"
한식,이모네한식,"강원특별자치도 춘천시 후석로45번길 11-1, 1층 (석사동)"
식육(숯불구이),본탄,"강원특별자치도 춘천시 애막골길11번길 5-1, 1층 (석사동)"
한식,성심식당,강원특별자치도 춘천시 중앙로68번길 11 (낙원동)
식육(숯불구이),청향오리,"강원특별자치도 춘천시 신북읍 영서로 3746-7, 1층"
뷔페식,저스트다이닝,"강원특별자치도 춘천시 공지로 480, 1층 (근화동)"
횟집,싱싱횟집,"강원특별자치도 춘천시 스포츠타운길 457, 2동 1층 (삼천동)"
기타,부산산꼼장어,강원특별자치도 춘천시 우석로79번길 16-3 (석사동)
중국식,영화루,"강원특별자치도 춘천시 옛경춘로 508-7 (온의동, 1층)"
한식,레드닥스(RED닥's),"강원특별자치도 춘천시 서부대성로 22, 1,2층 (소양로2가)"
한식,김밥박사,강원특별자치도 춘천시 대양당길 1 (후평동)
한식,황토숯불닭갈비,강원특별자치도 춘천시 보안길 15 (후평동)
식육(숯불구이),수정족발,"강원특별자치도 춘천시 영서로 2352-32 (온의동, 풍물시장10동56호)"
호프/통닭,투다리효자3점,강원특별자치도 춘천시 서부대성로 187 (효자동)
식육(숯불구이),큰이모소막창,강원특별자치도 춘천시 춘천로 273 (후평동)
호프/통닭,덤앤더머,"강원특별자치도 춘천시 근화길15번길 21, 2층 (근화동)"
한식,또바기,"강원특별자치도 춘천시 남춘천길 27, 1층 (퇴계동)"
한식,이사부,"강원특별자치도 춘천시 후석로344번길 9, 1층 (후평동)"
"외국음식전문점(인도,태국등)",태국시푸켓동,"강원특별자치도 춘천시 성심로 39, 1층 (효자동)"
탕류(보신용),원조춘천왕감자탕,강원특별자치도 춘천시 동면 만천로 88
식육(숯불구이),오거리곱창,강원특별자치도 춘천시 춘천로 375 (후평동)
한식,고향마차,"강원특별자치도 춘천시 효자로 62 (효자동, 2)"
한식,낙원뼈다귀전골,"강원특별자치도 춘천시 낙원길 37, 2층 (낙원동)"
기타,다래전마당,강원특별자치도 춘천시 안마산로 203 (퇴계동)
중국식,진미루,강원특별자치도 춘천시 동내면 영서로 1781
식육(숯불구이),산애그린,"강원특별자치도 춘천시 공지로 55, 1층 (석사동)"
분식,우리동네,"강원특별자치도 춘천시 영서로 2352-12, 5동 1호 (온의동, 풍물시장)"
분식,고모네장터,"강원특별자치도 춘천시 낙원길 37, 1층 (낙원동)"
탕류(보신용),장수순대국,"강원특별자치도 춘천시 서부대성로48번길 12-1, 1층 (요선동)"
호프/통닭,학곡리순대,"강원특별자치도 춘천시 동내면 영서로 1789, 1층"
기타,프랭크버거춘천퇴계점,"강원특별자치도 춘천시 안마산로 109-1, 1층 102호 (퇴계동)"
한식,한식밥상,"강원특별자치도 춘천시 후석로46번길 15, 1층 (석사동)"
한식,화산해물찜,"강원특별자치도 춘천시 스포츠타운길 506, 1층 (온의동)"
통닭(치킨),대박치킨,"강원특별자치도 춘천시 영서로 2352-12 (온의동, 온의동외23필지상가4동141호)"
호프/통닭,요선통닭,강원특별자치도 춘천시 소양고개길 49 (요선동)
식육(숯불구이),심야,"강원특별자치도 춘천시 우석로67번길 19, 1층 (석사동)"
횟집,해녀심청,"강원특별자치도 춘천시 우두5길 36, 110호 (우두동)"
김밥(도시락),마케집춘천점,"강원특별자치도 춘천시 퇴계로 20, 1층 (퇴계동)"
기타,각광,강원특별자치도 춘천시 보안길 46 (후평동)
기타,순대집,"강원특별자치도 춘천시 중앙로 91-1, 1층 (중앙로2가)"
기타,카페소소한,"강원특별자치도 춘천시 북산면 오봉산길 642, 1층"
한식,사랑말길100,강원특별자치도 춘천시 신북읍 사랑말길 100
기타,까몬 춘천점,"강원특별자치도 춘천시 옥천길 9, 1층 (중앙로1가)"
한식,맛드림도시락(춘천시니어클럽),"강원특별자치도 춘천시 후석로393번길 40-1, 1층 (후평동)"
기타,가로술길,"강원특별자치도 춘천시 춘천로 316, 춘천더샵아파트 상가동 지하1층 B101~B104호 (후평동)"
기타,락코피아,"강원특별자치도 춘천시 후석로 575, 2층 (소양로1가)"
기타,참좋은자리,"강원특별자치도 춘천시 후석로393번길 34 (후평동, 1층)"
중국식,신짬뽕,"강원특별자치도 춘천시 춘천로281번길 6, 나동 1층 (후평동)"
한식,거두리닭갈비,"강원특별자치도 춘천시 동내면 외솔길19번길 80-42, 1층"
기타,브릭스피자,"강원특별자치도 춘천시 서부대성로 255, 2층 (효자동)"
분식,달떡볶이퇴계점,"강원특별자치도 춘천시 국사봉길 12, 1층 10호 (퇴계동)"
호프/통닭,딱실내포장마차,강원특별자치도 춘천시 보안길 70 (후평동)
경양식,페스토,강원특별자치도 춘천시 동내면 외솔길19번길 80-54
기타,꽃담은,"강원특별자치도 춘천시 우묵길78번길 1, 1층 (퇴계동)"
한식,엄니밥상,"강원특별자치도 춘천시 약사고개길 13, 제일백화점 지하1층 13B/L4,5,6, 28B/L1,2,3,4호 (죽림동)"
기타,올데이브런치,"강원특별자치도 춘천시 동면 만천로 28-84, 1층"
한식,신의주찹쌀순대,강원특별자치도 춘천시 서부대성로44번길 25-1 (요선동)
한식,모리막국수,강원특별자치도 춘천시 신동면 순환대로 28
기타,정육식당우두길,"강원특별자치도 춘천시 우두1길 73, 1층 (우두동)"
기타,오늘도맑음,"강원특별자치도 춘천시 신동면 정족길 176, 1층"
한식,솥담순두부춘천만천점,"강원특별자치도 춘천시 동면 만천로 55, 1층"
기타,프랭크버거우두택지점,"강원특별자치도 춘천시 우두1길 101, 1층 113호 (우두동)"
한식,친구집,"강원특별자치도 춘천시 후석로393번길 28, 1층 (후평동)"
식육(숯불구이),강촌찐해물칼국수,"강원특별자치도 춘천시 남산면 강촌구곡길 46, 1층"
한식,육대장근화점,"강원특별자치도 춘천시 소양로 12, 1층 (근화동)"
한식,은희네웰빙튀김집,"강원특별자치도 춘천시 춘천로296번길 13, 1층 (후평동)"
식육(숯불구이),은주식당,"강원특별자치도 춘천시 춘천로186번길 19, 1층 (효자동)"
한식,셰프앤파티(chef & party),"강원특별자치도 춘천시 동면 공단로70번길 219, 1층"
기타,신북커피,"강원특별자치도 춘천시 신북읍 신샘밭로 622-7, 1층"
중국식,호담,"강원특별자치도 춘천시 서부대성로 159, 1층 (효자동)"
한식,남춘천명가,"강원특별자치도 춘천시 충혼길 4, 1층 (퇴계동)"
기타,풍류365,"강원특별자치도 춘천시 영서로 2352-38, 11동 1층 73호 (온의동, 풍물시장)"
한식,온유정,"강원특별자치도 춘천시 수변공원길 25, 1층 (삼천동)"
기타,마하싯다커리,"강원특별자치도 춘천시 중앙로67번길 18, 2동 2층 2201~4호 (죽림동, 브라운상가)"
호프/통닭,한식카야한야,"강원특별자치도 춘천시 후석로326번길 5 (후평동, 101호)"
한식,아지트,강원특별자치도 춘천시 춘천로 277-1 (후평동)
한식,호손만두,"강원특별자치도 춘천시 춘천로296번길 4, 1층 (후평동)"
"외국음식전문점(인도,태국등)",하노이별퇴계점,"강원특별자치도 춘천시 퇴계농공로 12, 107호 (석사동)"
호프/통닭,남부옛날통닭,"강원특별자치도 춘천시 효명길 7-24, 1층 (효자동)"
중국식,특미원,"강원특별자치도 춘천시 백령로 138, 1층 (효자동)"
일식,닝교초식당(후평점),"강원특별자치도 춘천시 후석로 326, 206호 (후평동)"
식육(숯불구이),큰집한우,"강원특별자치도 춘천시 서부대성로 135, 2층 (운교동)"
분식,가람스넥,강원특별자치도 춘천시 봉의산길22번길 30-1 (교동)
한식,나눔아뜰리에(Nanum Atelier),강원특별자치도 춘천시 신북읍 신샘밭로 666 (4리)
기타,춘천막국수체험박물관,"강원특별자치도 춘천시 신북읍 신북로 264, 2층"
횟집,뼈가네순대,"강원특별자치도 춘천시 스무숲1길 75, 1층 (석사동)"
한식,샘토명물닭갈비본점,"강원특별자치도 춘천시 충열로 175, 1,2동 1층 (우두동)"
탕류(보신용),삼천포돼지국밥,강원특별자치도 춘천시 신북읍 율문3길 71 (5리)
기타,골프존파크퇴계이안점,"강원특별자치도 춘천시 영서로 2153, 3층 (퇴계동)"
한식,풍물나들이,"강원특별자치도 춘천시 영서로 2352-48, 풍물시장 13동 1층 96호 (온의동)"
한식,딱조아92막창,"강원특별자치도 춘천시 동면 만천로 261, 102호, 103호"
호프/통닭,올리,"강원특별자치도 춘천시 백령로138번길 39, 지하층 (효자동)"
탕류(보신용),청진동감자탕,"강원특별자치도 춘천시 가연길5번길 41-6 (근화동, 1층)"
한식,도원갈비,"강원특별자치도 춘천시 동면 춘천로 502, 2층"
한식,풍물옹심이,강원특별자치도 춘천시 닥나무길9번길 5 (효자동)
중국식,북경반점,"강원특별자치도 춘천시 후석로 451, 1층 (후평동)"
한식,뭉텅찌개,"강원특별자치도 춘천시 영서로 2352-44, 12동 1층 95호 (온의동, 풍물시장)"
한식,대복소갈비살,강원특별자치도 춘천시 동부시장길 8-4 (운교동)
중국식,대박탕수육,"강원특별자치도 춘천시 전원길 50, 1층 (효자동)"
한식,올레흑돈,강원특별자치도 춘천시 퇴계로93번길 12 (퇴계동)
분식,봉실스넥,강원특별자치도 춘천시 서부대성로239번길 8 (효자동)
한식,명지식당,강원특별자치도 춘천시 신북읍 신북로 20
한식,고래밥상,"강원특별자치도 춘천시 신북읍 신북로 38, 1층"
횟집,다도해횟집,"강원특별자치도 춘천시 충혼길5번길 14, 1층 (퇴계동)"
분식,이타리아떡볶이,강원특별자치도 춘천시 서부대성로206번길 19 (효자동)
한식,대룡산가든,"강원특별자치도 춘천시 동내면 동내로 375-7, 1층"
경양식,수제돈가스,"강원특별자치도 춘천시 명동길 43, 1층 (죽림동)"
까페,비치클레따,강원특별자치도 춘천시 영서로 2652 (근화동)
통닭(치킨),bbq춘천장학지구점,강원특별자치도 춘천시 동면 춘천로449번길 20-2
까페,정원달빛,강원특별자치도 춘천시 서부대성로227번길 23 (효자동)
한식,올훼의땅,"강원특별자치도 춘천시 옥천길 25 (옥천동, 1층)"
한식,모해식당,"강원특별자치도 춘천시 영서로 2879, 1층 (사농동)"
기타,오얏나무주막,"강원특별자치도 춘천시 승지골길13번길 3-2, 1층 (퇴계동)"
중국식,신만리장성,강원특별자치도 춘천시 금강로 103-1 (운교동)
한식,원순두부,강원특별자치도 춘천시 서부대성로48번길 19 (요선동)
호프/통닭,닭발친구,강원특별자치도 춘천시 퇴계로145번길 7-2 (퇴계동)
한식,246한식선,"강원특별자치도 춘천시 후석로 246, 농협후평지소 1층 (후평동)"
호프/통닭,수옛날통닭,"강원특별자치도 춘천시 퇴계로 97, 1층 102호 (퇴계동)"
분식,오백국수,"강원특별자치도 춘천시 남춘로5번길 18-5, 1층 (퇴계동)"
한식,춘천닭갈비웅쓰남춘천역점,"강원특별자치도 춘천시 남춘로36번길 79, 1층 (퇴계동)"
기타,향리원마라탕춘천우두점,"강원특별자치도 춘천시 우두1길 101, 2층 206호 (우두동)"
한식,춘천맛집 종로1973,강원특별자치도 춘천시 동내면 춘천순환로72번길 33-14
식육(숯불구이),훈짬뽕,강원특별자치도 춘천시 효자로14번길 7 (퇴계동)
식육(숯불구이),대구참숯막창,강원특별자치도 춘천시 세실로 190 (후평동)
한식,한뚝수육국밥,"강원특별자치도 춘천시 퇴계로 80, 1층 (퇴계동)"
호프/통닭,깐부치킨춘천온의롯데캐슬점,"강원특별자치도 춘천시 방송길 70, 117동 1층 121호 (온의동, 롯데캐슬스카이클래스)"
분식,수작,"강원특별자치도 춘천시 동내면 거두택지길44번길 25, 1층"
기타,청년다방춘천온의점,"강원특별자치도 춘천시 춘천로17번길 21, 춘천강남하이엔드 1층 106호 (온의동)"
한식,주식회사통나무집숯불닭갈비,"강원특별자치도 춘천시 신북읍 신샘밭로 655, 1,2층"
기타,로티보이춘천점,"강원특별자치도 춘천시 동면 춘천로449번길 9-1, 1층"
한식,소양강맛집곤드레나물밥,"강원특별자치도 춘천시 신북읍 신샘밭로 433, 1층"
호프/통닭,투다리거두부영점,강원특별자치도 춘천시 동내면 거두택지길 22 (1층우측)
식육(숯불구이),춘천일품양무한리필,"강원특별자치도 춘천시 스무숲1길 4-8, 1층 (석사동)"
전통찻집,해가빛,"강원특별자치도 춘천시 동면 하일길 186-5, 1층"
기타,라데나골프클럽(Nature),강원특별자치도 춘천시 신동면 칠전동길 72
기타,라데나골프클럽(Garden),강원특별자치도 춘천시 신동면 칠전동길 72
한식,정가네,"강원특별자치도 춘천시 공지로451번길 12, 1층 102호 (근화동)"
횟집,방월리전점,"강원특별자치도 춘천시 벌말길 72-1, 1층 (석사동)"
기타,태리로제춘천강원대점,"강원특별자치도 춘천시 서부대성로 247, 1층 (효자동)"
기타,꺄호(carreau),"강원특별자치도 춘천시 애막골길16번길 16-7, 101호 (석사동)"
한식,풍천숯불갈비,강원특별자치도 춘천시 동내면 거두택지길26번길 26
식육(숯불구이),퇴계풍물생고기양푼이동태탕,강원특별자치도 춘천시 춘주로187번길 8 (퇴계동)
기타,역전솥뚜껑삼겹살,"강원특별자치도 춘천시 퇴계로 74, 1층 (퇴계동)"
중국식,복성원,강원특별자치도 춘천시 춘천로 195 (효자동)
경양식,이디오피아집(벳),"강원특별자치도 춘천시 이디오피아길 7, 2층 (근화동)"
식육(숯불구이),스푼더구이락,강원특별자치도 춘천시 백령로75번길 2 (효자동)
한식,(주)호반월드,"강원특별자치도 춘천시 백령로 18 (효자동, 336-2)"
한식,로맨스호프,강원특별자치도 춘천시 효자로 115 (효자동)
식육(숯불구이),춘천민물장어,강원특별자치도 춘천시 동내면 거두택지길 41-93
기타,그랑블루(바다향기칼국수),"강원특별자치도 춘천시 동내면 고은길 168, 3층"
까페,열한시십구분(11:19),"강원특별자치도 춘천시 동내면 거두택지길26번길 16-14, 1층"
식육(숯불구이),착한돼지춘천명동점,"강원특별자치도 춘천시 중앙로67번길 18, 6201,6202호 (죽림동, 브라운상가 )"
한식,밥한끼,강원특별자치도 춘천시 후석로393번길 51 (후평동)
분식,국수나무춘천후평점,강원특별자치도 춘천시 보안길 70-2 (후평동)
호프/통닭,보리와마루,"강원특별자치도 춘천시 동면 춘천로449번길 24-3, 1층"
한식,우물집,강원특별자치도 춘천시 남산면 한치로 105
한식,일흥불고기,"강원특별자치도 춘천시 서부대성로44번길 15 (요선동, 1층)"
한식,어촌,"강원특별자치도 춘천시 서부대성로44번길 7-7, 1층 (요선동)"
까페,레스토랑라운지,"강원특별자치도 춘천시 백령로138번길 38 (효자동, 지하1층)"
한식,한양왕족발보쌈,"강원특별자치도 춘천시 새롬공원길 19-1, 1층 (석사동)"
한식,무공해식당,강원특별자치도 춘천시 남면 충효로 1350
한식,짱이닭최고닭,"강원특별자치도 춘천시 춘주로91번길 13, 1층 2호 (온의동)"
한식,도쿄밥상본점,"강원특별자치도 춘천시 삭주로 112, 1층 (후평동)"
한식,왕가,강원특별자치도 춘천시 석사길 15 (석사동)
식육(숯불구이),장안돌구이,"강원특별자치도 춘천시 후석로46번길 10, 1층 (석사동)"
한식,영구네식당,강원특별자치도 춘천시 외솔길 24 (석사동)
한식,본가호반닭갈비 · 막국수,강원특별자치도 춘천시 동내면 춘천순환로72번길 34-15
중국식,현대반점,"강원특별자치도 춘천시 모수물길 54, B동 07,08호 (소양로2가, 현대아파트 상가)"
한식,곽만근갈비탕,"강원특별자치도 춘천시 퇴계농공로 13, 1층 (석사동)"
한식,강촌이모네,"강원특별자치도 춘천시 남산면 강촌구곡길 51, 1층"
한식,김영자원조나주곰탕춘천점,"강원특별자치도 춘천시 서부대성로 108, 1층 (조양동)"
한식,전주한방콩나물해장국후평점,"강원특별자치도 춘천시 후석로 280, 1층 (후평동)"
식육(숯불구이),춘천이동갈비,"강원특별자치도 춘천시 춘주로201번길 4, 1층 (퇴계동)"
식육(숯불구이),태림갈비,"강원특별자치도 춘천시 신북읍 사랑말길 120, 1층"
한식,오늘산책,"강원특별자치도 춘천시 전원안길33번길 8-5, 1층 (교동)"
호프/통닭,투썸플레이스한림대점,"강원특별자치도 춘천시 성심로 5-1, 1층 (교동)"
호프/통닭,오꼬만(후평점),"강원특별자치도 춘천시 보안길 61 (후평동, 1층)"
기타,공감,"강원특별자치도 춘천시 춘천로176번길 4, 1층 (운교동)"
한식,멍텅구리,강원특별자치도 춘천시 서부대성로43번길 6 (요선동)
식육(숯불구이),경강오리구이,강원특별자치도 춘천시 남산면 서백길 65
기타,88포장마차,"강원특별자치도 춘천시 우두1길 31, 103, 104호 (우두동)"
기타,101번지남산돈까스이마트춘천점,"강원특별자치도 춘천시 경춘로 2353, 이마트 1층 (온의동)"
기타,레이아웃,"강원특별자치도 춘천시 중앙로 140, A동 1층 (소양로4가)"
기타,청사초롱,강원특별자치도 춘천시 공지로 367 (효자동)
한식,바비앤드밥,"강원특별자치도 춘천시 후석로46번길 8, 1층 (석사동)"
식육(숯불구이),참한고깃집,"강원특별자치도 춘천시 후석로46번길 24-1, 1층 (석사동)"
한식,장군닭갈비,강원특별자치도 춘천시 춘주로147번길 12-6 (퇴계동)
한식,원주토정추어탕,강원특별자치도 춘천시 신동면 김유정로 1746
기타,연경손만두,강원특별자치도 춘천시 춘주로147번길 10 (퇴계동)
한식,강원돈,"강원특별자치도 춘천시 충혼길44번길 22-1, 1층 (온의동)"
한식,민희네감자탕,"강원특별자치도 춘천시 스포츠타운길 519, 1층 (온의동)"
기타,위시,"강원특별자치도 춘천시 후석로 387, 1층 좌측상가호 (후평동)"
한식,상록회관춘천점,강원특별자치도 춘천시 동내면 춘천순환로72번길 33-2
기타,콘스델리춘천시청점,"강원특별자치도 춘천시 옥천길 3, 1층 (중앙로1가)"
분식,소풍꼬마김밥,"강원특별자치도 춘천시 춘천로 175-1, 1층 (운교동)"
기타,대청마루거두점,"강원특별자치도 춘천시 동내면 공지로 70-63, 1층"
중국식,하나로반점,강원특별자치도 춘천시 안마산로 213 (퇴계동)
분식,가고파닭발,"강원특별자치도 춘천시 후석로 421, 1층 (후평동)"
통닭(치킨),영구네통닭,"강원특별자치도 춘천시 춘천로407번길 24-1, 1층 (후평동)"
호프/통닭,닭발마녀,"강원특별자치도 춘천시 동내면 외솔길19번길 36, 1층"
한식,땡촌닭발(근화온의점),강원특별자치도 춘천시 공지로439번길 22 (근화동)
기타,풀사이드,"강원특별자치도 춘천시 남산면 소주고개로 378, 2층"
기타,페티엉 P'etillant,"강원특별자치도 춘천시 방송길 94-7, 2층 (온의동)"
식육(숯불구이),춘천왕갈비,"강원특별자치도 춘천시 김유정로 1875, 1층 (퇴계동)"
한식,참나무숯불닭갈비,"강원특별자치도 춘천시 신북읍 신샘밭로 715, 1층"
한식,향토진미닭갈비,"강원특별자치도 춘천시 후만로116번길 6-1, 1층 (후평동)"
기타,후평고깃집,"강원특별자치도 춘천시 삭주로 110, 1층 103호 (후평동)"
식육(숯불구이),돈장군,"강원특별자치도 춘천시 영서로2756번길 11, 1층 (우두동)"
기타,보디,"강원특별자치도 춘천시 둥지길 31, 1층 (효자동)"
한식,구마족발한림대점,"강원특별자치도 춘천시 성심로 7, 1층 (교동)"
한식,삼락,강원특별자치도 춘천시 벌말길 82-1 (석사동)
한식,한울타리,"강원특별자치도 춘천시 중앙로 167, 1층 (근화동)"
"외국음식전문점(인도,태국등)",위안바오(YUAN BAO),"강원특별자치도 춘천시 명동길 21, 2층 (죽림동)"
기타,삼태기,"강원특별자치도 춘천시 중앙로 167, 2층 (근화동)"
기타,흥주푸드,"강원특별자치도 춘천시 동면 춘천로449번길 26-2, 1층"
한식,부산아지매 생선구이,"강원특별자치도 춘천시 솟발1길 4-37, 1층 (퇴계동)"
기타,역전할머니맥주춘천애막골점,강원특별자치도 춘천시 애막골길11번길 28 (석사동)
까페,블레스(Bless),강원특별자치도 춘천시 동내면 거두택지길 50 (1층)
기타,효자곳간,"강원특별자치도 춘천시 성심로 51, 2동 1층 (효자동)"
기타,리프(leaf),"강원특별자치도 춘천시 춘천로255번길 7, 1층 (효자동)"
한식,소양강,강원특별자치도 춘천시 남산면 김유정로 307
한식,미반,"강원특별자치도 춘천시 충열로 1-39, 1층 (우두동)"
호프/통닭,바른치킨춘천석사점,"강원특별자치도 춘천시 퇴계농공로 11, 101호 (석사동, 스타플러스빌딩)"
식육(숯불구이),춘천뒷고기,강원특별자치도 춘천시 우묵길 52 (퇴계동)
기타,왕빈자삼파전,"강원특별자치도 춘천시 애막골길11번길 23, 2층 (석사동)"
기타,강촌또오리,"강원특별자치도 춘천시 남산면 강촌구곡길 157, 1층"
기타,호주에서온스시,"강원특별자치도 춘천시 공지로 153, 1층 (석사동)"
중국식,일홍,"강원특별자치도 춘천시 남면 소주고개로 19, 1층"
기타,일단지시장돈까스,"강원특별자치도 춘천시 춘천로296번길 10, 1층 (후평동)"
한식,복땡이솥뚜껑삼겹살,"강원특별자치도 춘천시 충열로16번길 23, 1층 (우두동)"
분식,후평 김밥나라,강원특별자치도 춘천시 후석로 298 (후평동)
통닭(치킨),교촌치킨후평사거리점,"강원특별자치도 춘천시 춘천로 282, 1층 우측호 (후평동)"
식육(숯불구이),삼삼구이,"강원특별자치도 춘천시 스무숲1길 8-2, 1층 (석사동)"
중국식,황금교동짬뽕,"강원특별자치도 춘천시 경춘로 2353, 이마트 1층 (온의동)"
식육(숯불구이),배나무집툇골오리,강원특별자치도 춘천시 경춘로 2297-33 (온의동)
기타,카페캐빈,"강원특별자치도 춘천시 남면 버들길 60-7, 1층"
한식,홍가네,"강원특별자치도 춘천시 춘천로310번길 39, 1층 (후평동)"
호프/통닭,바른치킨춘천온의롯데캐슬점,"강원특별자치도 춘천시 방송길 70, 117동 1층 116호 (온의동, 롯데캐슬스카이플레스)"
횟집,부부횟집,"강원특별자치도 춘천시 효자로 22, 1층 (퇴계동)"
식육(숯불구이),백년회관서서갈비퇴계점,강원특별자치도 춘천시 역전옛길 9 (퇴계동)
식육(숯불구이),삼천동숯불갈비,강원특별자치도 춘천시 스포츠타운길 443 (삼천동)
한식,춘천명가호반닭갈비본점,강원특별자치도 춘천시 동내면 춘천순환로72번길 34-8
분식,슈퍼크리스피춘천석사점,"강원특별자치도 춘천시 퇴계농공로 20, 101호 (석사동, 종로타워)"
식육(숯불구이),백년족발보쌈,"강원특별자치도 춘천시 후석로 232, 1층 (후평동)"
식육(숯불구이),제주안방갈비석사점,"강원특별자치도 춘천시 후석로45번길 32, 1층 (석사동)"
한식,자매식당,"강원특별자치도 춘천시 서부대성로 12, 1층 4,5,16,17호 (소양로2가, 신동아아파트)"
탕류(보신용),강촌어부네매운탕,강원특별자치도 춘천시 남산면 한치로 185
호프/통닭,오케이치킨온의점,"강원특별자치도 춘천시 방송길 70, 117동 1층 117호 (온의동, 롯데캐슬스카이클래스)"
한식,가우숲딜리버리,"강원특별자치도 춘천시 시청길10번길 15-1, 2층 (조양동)"
식육(숯불구이),먹새통,"강원특별자치도 춘천시 스무숲길 17, 1층 (석사동)"
기타,화양연화커피,"강원특별자치도 춘천시 후석로46번길 11, 1층 (석사동)"
통닭(치킨),후평2동페리카나,"강원특별자치도 춘천시 후만로 37, 일반점포동 1층 1호 (후평동, 주공6단지아파트)"
한식,대왕감자탕,강원특별자치도 춘천시 춘천로 345 (후평동)
식육(숯불구이),즐거운하루숯불생고기,"강원특별자치도 춘천시 세실로 100-32, 1층 (석사동)"
한식,풍경닭갈비,강원특별자치도 춘천시 안마산로 9 (온의동)
한식,강남참숯불구이,강원특별자치도 춘천시 칠전서길 38-15 (칠전동)
식육(숯불구이),마왕족발퇴계점,"강원특별자치도 춘천시 안마산로 114, 1층 (퇴계동)"
식육(숯불구이),인생동태탕,"강원특별자치도 춘천시 승지골길13번길 15, 1층 (퇴계동)"
식육(숯불구이),하누마루,"강원특별자치도 춘천시 동내면 영서로 1771, 1층"
식육(숯불구이),고바우숯불갈비,"강원특별자치도 춘천시 안마산로 169-9, 1층 (퇴계동)"
호프/통닭,처갓집양념치킨강대점,"강원특별자치도 춘천시 서부대성로 182-1, 1층 (효자동)"
횟집,활어회포차,"강원특별자치도 춘천시 백령로138번길 16, 1층 (효자동)"
경양식,엄마손식당,"강원특별자치도 춘천시 삭주로 67, 지하1층 (교동)"
까페,월든(Walden),강원특별자치도 춘천시 동면 노루목길 11-6
식육(숯불구이),오부자닭갈비막국수,강원특별자치도 춘천시 안마산로 22 (온의동)
분식,쌀러뷰,"강원특별자치도 춘천시 옥천길54번길 26, 1층 (옥천동)"
호프/통닭,자담치킨거두봄내점,강원특별자치도 춘천시 동내면 공지로 70-51
한식,발래골식당,강원특별자치도 춘천시 남산면 북한강변길 964
한식,문배마을이씨네집,"강원특별자치도 춘천시 남산면 강촌문배길 514, 1층"
한식,주작,"강원특별자치도 춘천시 뒷들길 46-1, 1동 1층 (후평동)"
탕류(보신용),촌닭곰탕,강원특별자치도 춘천시 동내면 영서로 1776
통닭(치킨),육회야문연어춘천점,"강원특별자치도 춘천시 서부대성로 207 (효자동, 1층)"
뷔페식,더클래식,강원특별자치도 춘천시 동내면 공지로 76
식육(숯불구이),장수닭갈비,"강원특별자치도 춘천시 안마산로 11 (온의동, 1층)"
한식,문배마을촌집,"강원특별자치도 춘천시 남산면 강촌문배길 502, 1층"
한식,만미정,"강원특별자치도 춘천시 중앙로 28-8, 1,2층 (요선동, 외1필지)"
기타,어라운드마켓,"강원특별자치도 춘천시 시청길12번길 17-1, 1.2층 (조양동)"
한식,손수해물칼국수,강원특별자치도 춘천시 충혼길34번길 12 (온의동)
기타,춘천숯불닭갈비,"강원특별자치도 춘천시 낙원길 28, 1층 (중앙로2가)"
경양식,러스틱컴포트본점,"강원특별자치도 춘천시 후석로186번길 24-1, 지하1층 (석사동)"
한식,남도갈비탕,"강원특별자치도 춘천시 영서로 2543, 정면 중앙, 우측호 (근화동)"
한식,장호더그릴,"강원특별자치도 춘천시 신북읍 신샘밭로 682, 1~2층"
기타,부스부스,"강원특별자치도 춘천시 스무숲1길 44, 1층 (석사동)"
호프/통닭,투다리공대점,"강원특별자치도 춘천시 백령로 65 (효자동, 2동)"
한식,가림,"강원특별자치도 춘천시 남산면 강촌로 159, 1층"
한식,육해공직판장강원대점,"강원특별자치도 춘천시 성심로 97, 1층 (효자동)"
기타,백리옥,"강원특별자치도 춘천시 남산면 종자리로 29-3, 1층"
한식,김선달,강원특별자치도 춘천시 춘주로147번길 22 (퇴계동)
한식,송학가든,강원특별자치도 춘천시 북산면 오봉산길 638
기타,숲소리담은차,"강원특별자치도 춘천시 행촌로32번길 5-31, 1층 (퇴계동)"
기타,폭풍장어,"강원특별자치도 춘천시 동내면 순환대로 872, 1층"
기타,주식회사소울로스터리,"강원특별자치도 춘천시 동면 소양강로 538, 1, 2층"
기타,디어라운더,"강원특별자치도 춘천시 화목원길 37, 1층 (사농동)"
통닭(치킨),굽네치킨 춘천효자점,"강원특별자치도 춘천시 서부대성로 180-1, 1층 (효자동)"
식육(숯불구이),호돈,"강원특별자치도 춘천시 춘천로44번길 18, 1층 (퇴계동)"
식육(숯불구이),798삼천동고깃집,"강원특별자치도 춘천시 옛경춘로 798, 1층 (삼천동)"
한식,고은가든,강원특별자치도 춘천시 동내면 고은길 161
식육(숯불구이),고기혁명춘천점,"강원특별자치도 춘천시 남춘로61번길 17, 1층 (효자동)"
한식,오적회관춘천퇴계점,"강원특별자치도 춘천시 솟발1길 12, 1층 (퇴계동)"
기타,정스커피로스터스,"강원특별자치도 춘천시 세실로 188, 1층 (후평동)"
식육(숯불구이),퇴계일번지닭갈비퇴계점,"강원특별자치도 춘천시 우묵길78번길 18, 1층 (퇴계동)"
식육(숯불구이),주식회사육설모춘천점,"강원특별자치도 춘천시 영서로2279번길 16, 1층 (온의동)"
한식,아구듬뿍&알곤마니우두점,"강원특별자치도 춘천시 충열로16번길 21-5, 1층 (우두동)"
한식,닭갈비짱,"강원특별자치도 춘천시 스무숲1길 38-9, 1층 (석사동)"
한식,삼오촌두부,강원특별자치도 춘천시 남산면 소주고개로 426
한식,대박조은날포차,강원특별자치도 춘천시 공원4길 10 (퇴계동)
기타,메가박스남춘천점,"강원특별자치도 춘천시 춘천로17번길 17, 2층 (온의동)"
분식,바탕골분식,강원특별자치도 춘천시 서부대성로48번길 20 (요선동)
식육(숯불구이),배떡춘천점,"강원특별자치도 춘천시 공지로 244, 1층 (효자동)"
한식,소반애,"강원특별자치도 춘천시 동면 춘천로 527-58, 1층"
기타,브릭스트릿카페(Brick Street Cafe),"강원특별자치도 춘천시 하중도길 128, 1층 (중도동)"
한식,서면순대국,"강원특별자치도 춘천시 서면 박사로 906, 가동"
기타,라르고,"강원특별자치도 춘천시 춘주로147번길 17, 1층 (퇴계동)"
호프/통닭,조선땡초옛날통닭,"강원특별자치도 춘천시 공지로 102, 1층 (석사동)"
한식,천하풍천민물장어,강원특별자치도 춘천시 퇴계로69번길 10 (퇴계동)
한식,금화왕돈까스 춘천만천점,"강원특별자치도 춘천시 동면 춘천순환로 515, 1층 102호"
식육(숯불구이),상호네숯불닭갈비돼지갈비,강원특별자치도 춘천시 동내면 거두길 20-20
기타,네모커피(Nemo coffee),"강원특별자치도 춘천시 전원길 49-1, 1층 (효자동)"
까페,꽃피는하루,"강원특별자치도 춘천시 칠전서길 5-1, 1층 (칠전동)"
기타,무사피르(MUSAFIR),"강원특별자치도 춘천시 공지로252번길 22, 1층 (효자동)"
기타,정족리동치미카페도씨,"강원특별자치도 춘천시 신동면 김유정로 1772, 1동 2층"
한식,착한낙지춘천점,"강원특별자치도 춘천시 국사봉길 98, 1층 (퇴계동)"
기타,오심오,"강원특별자치도 춘천시 신동면 김유정로 1407, 2층"
탕류(보신용),팔호냉삼집본점,"강원특별자치도 춘천시 효자로150번길 11-4, 1층 (효자동)"
식육(숯불구이),꼬꼬메이플가든,"강원특별자치도 춘천시 동내면 동내로 195, 1,2층"
기타,나비드,"강원특별자치도 춘천시 남면 박암관천길 431-6, B동"
분식,엄마의손길,"강원특별자치도 춘천시 공지로 218, 1층 (효자동)"
중국식,만리향,"강원특별자치도 춘천시 명동길29번길 4-5, 1층 (죽림동)"
기타,뽁밥,강원특별자치도 춘천시 중앙로 125 (중앙로3가)
기타,가평솥뚜껑닭볶음탕춘천점,"강원특별자치도 춘천시 우두벌5길 82, 1층 (우두동)"
식육(숯불구이),돼지바,"강원특별자치도 춘천시 동내면 외솔길19번길 56-20, 1층"
기타,경안,"강원특별자치도 춘천시 약사고개길 13, 제일백화점 지하 1층 1B/L 1호 (죽림동)"
김밥(도시락),김밥나라만천점,"강원특별자치도 춘천시 춘천로 381-2, 1층 (후평동)"
중국식,중화요리죽향,"강원특별자치도 춘천시 효제길 55, 2동 1층 (효자동)"
분식,간식대장,"강원특별자치도 춘천시 승지골길16번길 49, 뜨란채아파트상가동 104호 (퇴계동)"
한식,숟가락과젓가락,"강원특별자치도 춘천시 신동면 김유정로 1417, 유정프라자 B동 102호"
중국식,연,"강원특별자치도 춘천시 동내면 춘천순환로 135, 1층"
기타,셰프의연어,"강원특별자치도 춘천시 서부대성로 212, 2층 (효자동)"
식육(숯불구이),치킨플러스춘천후평만천점,강원특별자치도 춘천시 세실로317번길 2 (후평동)
한식,모란집,강원특별자치도 춘천시 부안길6번길 33 (후평동)
한식,제주돈통,"강원특별자치도 춘천시 스무숲1길 38-11, 1층 (석사동)"
일식,성심로11,강원특별자치도 춘천시 성심로 11 (교동)
까페,마이카페(My cafe),강원특별자치도 춘천시 동내면 거두택지길 65-11 (1층)
호프/통닭,천호,강원특별자치도 춘천시 후석로393번길 52 (후평동)
분식,본가김밥,강원특별자치도 춘천시 삭주로 33-1 (교동)
기타,선주가남춘천역점,"강원특별자치도 춘천시 우묵들길 8, 1층 (퇴계동)"
한식,장학리굽자네,강원특별자치도 춘천시 동면 춘천로449번길 24-7
기타,일미에프앤비,"강원특별자치도 춘천시 소양고개길 45, 1층 (요선동)"
한식,홍가,"강원특별자치도 춘천시 명동길29번길 8-8, 1층 (죽림동)"
기타,자가제빵선명희피자춘천효자점,"강원특별자치도 춘천시 서부대성로 222-1, 1층 오른쪽상가호 (효자동)"
한식,전주장작불곰탕춘천1호점,"강원특별자치도 춘천시 신북읍 영서로 3258, 1층"
한식,진진칼국수,"강원특별자치도 춘천시 동내면 거두택지길 39, 1층 105호"
한식,너울숲,"강원특별자치도 춘천시 동부시장길 8, 84호 (운교동, 동부시장현대아파트)"
한식,콩새알,"강원특별자치도 춘천시 동부시장길 8-4, 1층 (운교동)"
식육(숯불구이),미도숯불갈비,"강원특별자치도 춘천시 효자로 104, 2동 1층 (효자동)"
한식,만천다슬기해장국,"강원특별자치도 춘천시 삭주로 216-1, 1층 (후평동)"
기타,밀앤커피,"강원특별자치도 춘천시 춘천로17번길 31, 2층 202호 (온의동)"
분식,봄테이블(춘천점),"강원특별자치도 춘천시 공지로 322, 1층 우측상가호 (효자동)"
호프/통닭,엄마네,강원특별자치도 춘천시 서부대성로239번길 33 (후평동)
호프/통닭,노랑통닭남춘천점,강원특별자치도 춘천시 퇴계로 5 (퇴계동)
한식,설악추어탕,"강원특별자치도 춘천시 우석로4번길 15, 1층 (석사동)"
호프/통닭,곱창이야기,강원특별자치도 춘천시 우석로79번길 12-3 (석사동)
한식,향리원 마라탕,강원특별자치도 춘천시 성심로 8 (교동)
한식,오닭발,"강원특별자치도 춘천시 영서로 2352-12, 풍물시장 5동 6, 7호 (온의동)"
식육(숯불구이),춘천명물닭갈비,강원특별자치도 춘천시 옛경춘로 813 (삼천동)
기타,핵밥춘천명동점,"강원특별자치도 춘천시 중앙로67번길 18, 6동 1층 6101호 (죽림동, 브라운가)"
기타,불스커피로스터스,"강원특별자치도 춘천시 우두5길 18, 1층 (우두동)"
한식,해안막국수,강원특별자치도 춘천시 백령로147번길 10 (효자동)
분식,배떡춘천명동점,"강원특별자치도 춘천시 중앙로67번길 18, 5동 1층 5109호 (죽림동, 브라운가)"
한식,엄마손감자탕,강원특별자치도 춘천시 우묵길78번길 24 (퇴계동)
한식,명동산골닭갈비,"강원특별자치도 춘천시 금강로62번길 7, 1,2층 (조양동)"
한식,도도리감자국,"강원특별자치도 춘천시 동면 춘천로449번길 15-1, 1층"
식육(숯불구이),우리정육식당,강원특별자치도 춘천시 우석로67번길 21 (석사동)
호프/통닭,노랑통닭우두점,"강원특별자치도 춘천시 우두1길 140, 210동 110호 (우두동, 춘천우두 EG the1 2차)"
기타,밍구네해물포차,"강원특별자치도 춘천시 영서로 2250-8, 1층 (퇴계동)"
한식,더만찬,"강원특별자치도 춘천시 퇴계로 241, 1층 (석사동)"
기타,온이,"강원특별자치도 춘천시 영서로 2297, 1층 (온의동)"
기타,감자밭카페,"강원특별자치도 춘천시 신북읍 신샘밭로 674, ,676-1 1,2층"
한식,진미닭갈비본점,강원특별자치도 춘천시 백령로 51 (효자동)
한식,대박이네막창춘천1호점,"강원특별자치도 춘천시 보안길 50 (후평동, 1층)"
기타,파인트리,"강원특별자치도 춘천시 소양로 16, 1층 (근화동)"
호프/통닭,퇴계맥주,"강원특별자치도 춘천시 안마산로 169-6, 101호 (퇴계동)"
한식,시루,"강원특별자치도 춘천시 신동면 실레길 47, 1층"
경양식,마드레(Madre),강원특별자치도 춘천시 동내면 외솔길19번길 49-28 (102호)
한식,메주와장독,"강원특별자치도 춘천시 삭주로 102 (후평동, 지하)"
한식,오사카데스춘천근화점,강원특별자치도 춘천시 근화길15번길 43 (근화동)
기타,크레이지빙수춘천당충전핫플점,"강원특별자치도 춘천시 남춘로 23, 1층 101호 (퇴계동)"
기타,인생건어물맥주춘천퇴계점,"강원특별자치도 춘천시 김유정로 1891, 1층 (퇴계동)"
식육(숯불구이),목구멍춘천점,"강원특별자치도 춘천시 스무숲1길 79 (석사동, 1층)"
식육(숯불구이),이걸굽네,강원특별자치도 춘천시 애막골길11번길 29-1 (석사동)
한식,낙원잔치국수,"강원특별자치도 춘천시 낙원길 46, 1층 (중앙로2가)"
기타,소램360양식당,"강원특별자치도 춘천시 동면 금촌로 397-20, 1층"
분식,나들김밥,"강원특별자치도 춘천시 공지로 43, 1층 102호 (석사동, 극동아파트상가)"
한식,엔젤보트장,"강원특별자치도 춘천시 이디오피아길 15, 1층 (근화동, 공지천 엔젤보트장내)"
한식,이디오피아보트장,"강원특별자치도 춘천시 이디오피아길 7, 1층 (근화동, 공지천이디오피아보트장내)"
분식,닝교초식당,"강원특별자치도 춘천시 중앙로67번길 15, 지하1층 (조양동)"
기타,더로컬,"강원특별자치도 춘천시 영서로 2529-13, 1층 101호 (근화동)"
까페,봉의산가는길,강원특별자치도 춘천시 소양정길 47 (소양로1가)
식육(숯불구이),명동숯불닭갈비,"강원특별자치도 춘천시 금강로62번길 10, 1층 (조양동)"
한식,아침못오리,강원특별자치도 춘천시 신북읍 아침못길 230-24
횟집,풍물수산,"강원특별자치도 춘천시 영서로 2352-32, 10동 67,68호 (온의동, 풍물시장상가)"
기타,까페마루,"강원특별자치도 춘천시 동면 가래울길 24-8, 1층"
기타,아사도(ASADO),"강원특별자치도 춘천시 영서로 2600, 2층 (근화동)"
기타,쌩김치찜,"강원특별자치도 춘천시 서부대성로239번길 21, 미래빌딩 103호 (효자동)"
기타,고연본점,"강원특별자치도 춘천시 충열로16번길 5-3, 1층 (우두동)"
기타,춘천냉삼회관,"강원특별자치도 춘천시 행촌로32번길 4, 1층 (퇴계동)"
한식,안가네밥집,"강원특별자치도 춘천시 남춘로25번길 4-1, 1층 (퇴계동)"
기타,자매칼국수,강원특별자치도 춘천시 효제길 17-1 (효자동)
기타,비욘드,"강원특별자치도 춘천시 후석로186번길 18, 5층 (석사동)"
중국식,프라미스,강원특별자치도 춘천시 삭주로 197 (후평동)
뷔페식,벨라스테이호텔뷔페,"강원특별자치도 춘천시 춘천로 352, 2층 202,203호 (후평동)"
한식,언니야아구찜,"강원특별자치도 춘천시 후석로 291, 2층 (후평동)"
경양식,키친2571(KITCHEN 2571),"강원특별자치도 춘천시 영서로 2571, A동 2층 (근화동)"
한식,정족리손두부집,"강원특별자치도 춘천시 신동면 정족길 186, 1층"
한식,내고향풍천장어,"강원특별자치도 춘천시 남면 소주고개로 111, 1층"
한식,계근상춘천점,"강원특별자치도 춘천시 공지로 104, 1층 (석사동)"
기타,케이푸드(K- 푸드),"강원특별자치도 춘천시 백령로 4, 1층 101호 (효자동)"
일식,돈카미거두점,"강원특별자치도 춘천시 동내면 춘천순환로116번길 7, 지하1층 우측호"
한식,메뉴없는밥집,"강원특별자치도 춘천시 남산면 한치로 96, 1층"
호프/통닭,1KG탕수육,"강원특별자치도 춘천시 서부대성로239번길 21, 1층 (효자동)"
한식,대박식당,"강원특별자치도 춘천시 소양로 216-1, 가동 1층 (소양로1가)"
한식,회향,"강원특별자치도 춘천시 대양당길 27, 1층 (후평동)"
김밥(도시락),한솥도시락,강원특별자치도 춘천시 서부대성로 251 (효자동)
기타,시민커피,"강원특별자치도 춘천시 공지로 29, 1,2층 (석사동)"
한식,굴봉산식당,"강원특별자치도 춘천시 남산면 서백길 295, 1층"
기타,바이트앤다이브,"강원특별자치도 춘천시 남산면 소주고개로 376, 지하1층"
경양식,상린,"강원특별자치도 춘천시 교동길17번길 11, 1층 101호 (교동)"
경양식,돈카돈까장학점,"강원특별자치도 춘천시 동면 춘천로 502, 3층"
한식,김포식당,강원특별자치도 춘천시 사우로 31-14 (사농동)
분식,올블루,"강원특별자치도 춘천시 후만로 91, 1층 (후평동)"
통닭(치킨),번개치킨,강원특별자치도 춘천시 벌말길 86-1 (석사동)
분식,국수나무춘천우두점,"강원특별자치도 춘천시 영서로 2767, 1층 (우두동)"
호프/통닭,삐오옛날통닭,"강원특별자치도 춘천시 춘주로 201, 1층 (퇴계동)"
식육(숯불구이),정원본가직영점,"강원특별자치도 춘천시 우묵길60번길 22, 1층 101호 (퇴계동)"
호프/통닭,또래오래춘천사북점,"강원특별자치도 춘천시 사북면 영서로 4797-1, 1층"
호프/통닭,파파야,강원특별자치도 춘천시 백령로138번길 39 (효자동)
식육(숯불구이),팔도제일닭갈비엔스물넷마카롱,강원특별자치도 춘천시 안마산로 15 (온의동)
한식,구명동닭갈비,강원특별자치도 춘천시 춘주로92번길 29-4 (온의동)
기타,미소만족,"강원특별자치도 춘천시 새롬공원길5번길 12, 1층 (석사동)"
호프/통닭,지코바치킨근화점,"강원특별자치도 춘천시 근화길15번길 22, 신성미소지움아파트 상가동 1층 103호 (근화동)"
일식,스무바다,"강원특별자치도 춘천시 스무숲1길 59, 1층 (석사동)"
한식,박대감,"강원특별자치도 춘천시 스무숲1길 26, 1층 (석사동)"
분식,우리집도시락,"강원특별자치도 춘천시 동면 만천로 155, 1층"
경양식,딤섬하오,"강원특별자치도 춘천시 동내면 춘천순환로 131, 1층"
기타,로컬가치연구소 호미,"강원특별자치도 춘천시 서면 툇골길 9, 1층"
식육(숯불구이),삼대닭갈비,강원특별자치도 춘천시 남춘로5번길 18-1 (퇴계동)
한식,군자타운,"강원특별자치도 춘천시 동산면 종자리로 331-21, 2층 (춘천안식원)"
한식,리버팰리스,"강원특별자치도 춘천시 남산면 방하로 451, 1층"
한식,맷돌손두부,"강원특별자치도 춘천시 동내면 춘천순환로 106-7, 1층"
탕류(보신용),도담도담,"강원특별자치도 춘천시 남춘로36번길 85, 1층 (퇴계동)"
식육(숯불구이),진교동춘천점,"강원특별자치도 춘천시 퇴계로 175, 1층 (퇴계동)"
기타,수향흑염소장학점,"강원특별자치도 춘천시 동면 춘천로 455, 1층 101호"
기타,부어치킨우두점,"강원특별자치도 춘천시 우두1길 21, 1층 104호 (우두동)"
일식,와라쿠라멘애막골점,"강원특별자치도 춘천시 애막골길7번길 19, 1층 (석사동)"
한식,강촌힐스,"강원특별자치도 춘천시 서면 경춘로 584 (1층,2층)"
한식,숲,"강원특별자치도 춘천시 북산면 오봉산길 661, 1층"
일식,오오모리,"강원특별자치도 춘천시 효자상길 47, 1층 (효자동)"
기타,블래터,"강원특별자치도 춘천시 동내면 금촌로 84-58, 2층"
한식,서영이네맛집,"강원특별자치도 춘천시 옥천길 27, 1층 (옥천동)"
복어취급,청명복집,강원특별자치도 춘천시 동면 도토골길 36-11
한식,숙이네해물칼국수,"강원특별자치도 춘천시 후석로 367-1, 1동 1층 (후평동)"
호프/통닭,퇴계보디가드,강원특별자치도 춘천시 행촌로 53 (퇴계동)
한식,미가쭈꾸미퇴계점,강원특별자치도 춘천시 행촌로32번길 5-6 (퇴계동)
기타,성수커피,"강원특별자치도 춘천시 낙원길 25-1, 1, 2, 3층 (낙원동)"
기타,르규옹,"강원특별자치도 춘천시 안마산로 169-13, 2층 (퇴계동)"
식육(숯불구이),도담족발,"강원특별자치도 춘천시 춘주로187번길 5, 1층 (퇴계동)"
한식,광장칼국수보쌈,"강원특별자치도 춘천시 효석로25번길 18, 2동 (효자동)"
분식,다미김밥,"강원특별자치도 춘천시 춘주로 153, 1층 (퇴계동)"
기타,오늘은삼겹살,"강원특별자치도 춘천시 안마산로 169-13, 1층 (퇴계동)"
기타,육회만드는사람들,"강원특별자치도 춘천시 후석로45번길 30, 1층 (석사동)"
분식,옛날손장칼국수,강원특별자치도 춘천시 영서로 3045-3 (사농동)
분식,동부튀김,"강원특별자치도 춘천시 동부시장길 8 (운교동, 동부시장 지하23호)"
중국식,황산차이나,"강원특별자치도 춘천시 공지로 149-1, 2층 (석사동)"
호프/통닭,킴스더블린,"강원특별자치도 춘천시 스포츠타운길 432, 1층 109호 (삼천동)"
기타,오월고기집,"강원특별자치도 춘천시 퇴계로145번길 7-5, 1층 (퇴계동)"
기타,카페유나브라이튼춘천점(Caffe Youna Brighton),"강원특별자치도 춘천시 백령로119번길 4, 1층 (효자동)"
횟집,춘천회센타,"강원특별자치도 춘천시 동면 춘천로449번길 26, 1층"
경양식,그락스,"강원특별자치도 춘천시 동면 춘천순환로 471, 1층"
한식,수라죽석사점,"강원특별자치도 춘천시 퇴계로 187, 1층 (석사동)"
식육(숯불구이),유명한맛돼지,"강원특별자치도 춘천시 지석로 89, 1층 102,103,104호 (석사동, 더퍼스트)"
한식,함바집,"강원특별자치도 춘천시 동내면 장안길 13, 1층"
탕류(보신용),남원본가맛추어탕,강원특별자치도 춘천시 영서로 2841 (사농동)
한식,퇴계자연석돌구이,강원특별자치도 춘천시 충혼길5번길 1 (퇴계동)
중국식,하림각,강원특별자치도 춘천시 신북읍 신북로 34
한식,이조바지락칼국수,강원특별자치도 춘천시 시청길12번길 18 (조양동)
한식,장수뚝배기장수감자탕,강원특별자치도 춘천시 보안길 55 (후평동)
한식,오부장치킨,"강원특별자치도 춘천시 보안길 61 (후평동, 1층)"
한식,와돈왕뚜껑생삼겹,"강원특별자치도 춘천시 충열로16번길 21-20, 2층 (우두동)"
경양식,샹츠마라,"강원특별자치도 춘천시 명동길 17-1, 2.3층 (조양동)"
식육(숯불구이),약사천가든,강원특별자치도 춘천시 중앙로67번길 57-1 (약사동)
한식,2린닭갈비,"강원특별자치도 춘천시 서부대성로239번길 47-26, 2층 (후평동)"
한식,후평1번지닭갈비,"강원특별자치도 춘천시 후석로 247 (후평동, 후평프라자 201호-206호)"
기타,해산해물찜,강원특별자치도 춘천시 후석로 433 (후평동)
기타,제주일품순대국,"강원특별자치도 춘천시 충열로 10-9, 1층 102호 (우두동)"
식육(숯불구이),한옥갈비,강원특별자치도 춘천시 약사고개길 17-1 (죽림동)
통닭(치킨),오늘통닭,"강원특별자치도 춘천시 행촌로 11 (퇴계동, 한진한성아파트상가 (104호~105호))"
기타,딘,"강원특별자치도 춘천시 신동면 김유정로 1630, 1,2층"
경양식,피제리아제이파파,"강원특별자치도 춘천시 장고개길 5, 1층 (삼천동)"
한식,구봉농원,강원특별자치도 춘천시 동면 만군길 155
기타,육회본가후평점,"강원특별자치도 춘천시 보안길 19, 1층 (후평동)"
횟집,소문난횟집,강원특별자치도 춘천시 서면 박사로 211
한식,큰집장대박,"강원특별자치도 춘천시 효자로14번길 11, 1층 (퇴계동)"
식육(숯불구이),후평왕족발,"강원특별자치도 춘천시 춘천로 293 (후평동, 1층)"
중국식,장한반점,강원특별자치도 춘천시 공지로439번길 2 (근화동)
한식,장군이네밥집,"강원특별자치도 춘천시 신흥길 8, 1층 (우두동)"
중국식,강짬뽕,"강원특별자치도 춘천시 후석로344번길 3, 1층 (후평동)"
냉면집,이서냉면,강원특별자치도 춘천시 우석로 14-1 (석사동)
한식,죽림빈대떡,강원특별자치도 춘천시 명동길29번길 22 (죽림동)
호프/통닭,매니아,"강원특별자치도 춘천시 중앙로 182 (근화동, 지하1층)"
횟집,숙성회마트,"강원특별자치도 춘천시 안마산로 107, 마디온빌딩 1층 110호 (퇴계동)"
식육(숯불구이),만객루양꼬치,"강원특별자치도 춘천시 승지골길 7-6, 1층 (퇴계동)"
일식,그래도스시,"강원특별자치도 춘천시 삭주로 96-1, 1층 (후평동)"
한식,하늘마루,"강원특별자치도 춘천시 서부대성로48번길 24-2, 1층 (요선동)"
식육(숯불구이),정재우고깃집,강원특별자치도 춘천시 후석로326번길 11-9 (후평동)
일식,해미연풍우가,"강원특별자치도 춘천시 퇴계농공로 14 (석사동, 2층)"
호프/통닭,짱구네숫불닭발,"강원특별자치도 춘천시 소양로 184, 1층 (소양로1가)"
한식,조부자매운순대가,강원특별자치도 춘천시 소양정길 16-24 (소양로1가)
한식,송주불냉면(운교점),강원특별자치도 춘천시 춘천로 185 (운교동)
호프/통닭,인생건어물(춘천7호점),"강원특별자치도 춘천시 우두6길 5, 1층 103호 (우두동)"
분식,국수나무한숲시티점,"강원특별자치도 춘천시 안마산로 113, e편한세상 춘천 한숲시티 상가B동 1층 B2-108호 (퇴계동)"
기타,광장먹거리,"강원특별자치도 춘천시 춘천로 187-1, 1층 102호 (운교동)"
한식,진선미돌솥비빔밥,"강원특별자치도 춘천시 방송길 77, 2층 2119호 (온의동, 춘천 센트럴타워 푸르지오)"
기타,아주르봄(ajourBom),"강원특별자치도 춘천시 영서로 2529-38, 1~2층 (근화동)"
횟집,청춘활어조개구이,강원특별자치도 춘천시 퇴계로 16 (퇴계동)
중국식,유동짬뽕,"강원특별자치도 춘천시 충혼길52번길 9, 1층 (온의동)"
분식,명랑회관춘천점,"강원특별자치도 춘천시 수변공원길 11, 3동 1층 101호 (삼천동)"
기타,오늘춘천,"강원특별자치도 춘천시 시청길 22, 1층 (조양동)"
한식,어방어점,"강원특별자치도 춘천시 우묵길78번길 20, 1층 (퇴계동)"
식육(숯불구이),곱창수월래,"강원특별자치도 춘천시 행촌로 58, 1층 (퇴계동)"
기타,쌈촌CGV석사점,"강원특별자치도 춘천시 퇴계농공로 20, 2층 202호 (석사동, 종로타워)"
기타,소근소근사랑방,"강원특별자치도 춘천시 소양로171번길 11, 1층 (소양로2가)"
한식,거두리진코다리찜,"강원특별자치도 춘천시 동내면 춘천순환로72번길 33-15, 1층"
한식,봄내찬,"강원특별자치도 춘천시 동내면 춘천순환로72번길 72, 1층"
한식,양지사골곰탕,"강원특별자치도 춘천시 퇴계로 129-19, 1층 101,102호 (퇴계동)"
호프/통닭,60계강원춘천후평점,"강원특별자치도 춘천시 백령로 190, 상가동 101호, 102호 (후평동)"
기타,한가족숯불닭갈비,"강원특별자치도 춘천시 신동면 실레길 10, 1층"
기타,설악막국수춘천닭갈비강촌점,"강원특별자치도 춘천시 남면 충효로 801, 1층"
통닭(치킨),동명카츠춘천우두점,"강원특별자치도 춘천시 충열로 39 (우두동, 1층120호)"
한식,새서울해장국,"강원특별자치도 춘천시 백령로 146, 3동 (효자동)"
식육(숯불구이),큰손숯불구이,강원특별자치도 춘천시 우묵길78번길 20 (퇴계동)
한식,옛날순대국,강원특별자치도 춘천시 당간지주길 71-11 (근화동)
탕류(보신용),양평신내서울해장국,"강원특별자치도 춘천시 우석로4번길 11, 1층 (석사동)"
한식,퇴계인,"강원특별자치도 춘천시 우묵길 26, 1,2층 (퇴계동)"
분식,홍대김밥,강원특별자치도 춘천시 삭주로 104 (후평동)
한식,장호막국수.닭갈비,강원특별자치도 춘천시 신북읍 신샘밭로 676
기타,일공공샤브앤드편백찜춘천점,"강원특별자치도 춘천시 후석로 120, 2층 214호 (석사동)"
한식,돼지놀이터,"강원특별자치도 춘천시 서면 박사로 1194, 1~2층"
식육(숯불구이),하남돼지집춘천퇴계점,"강원특별자치도 춘천시 김유정로 1893, 1층 (퇴계동)"
호프/통닭,더(The)711,"강원특별자치도 춘천시 공지로 452-8, 1층 (근화동)"
한식,솔내음닭갈비,"강원특별자치도 춘천시 영서로2756번길 14, 1층 (우두동)"
한식,명가막국수,강원특별자치도 춘천시 신북읍 상천3길 8
한식,예송두부마을,"강원특별자치도 춘천시 남산면 서천길 13, 1층"
기타,믹스테이블리저브(MIX TABLE RESERVE),"강원특별자치도 춘천시 터미널길 8-2, 1층 (온의동)"
한식,엄마집밥,"강원특별자치도 춘천시 서부대성로173번길 3, 지하1층 (효자동)"
기타,샐러바웃샐러드앤드포케후평점,"강원특별자치도 춘천시 후석로 346, 1층 (후평동)"
기타,장원식당,"강원특별자치도 춘천시 우두5길 34, 1층 (우두동)"
한식,봄봄주먹밥(춘천시니어클럽),"강원특별자치도 춘천시 백령로 127, 1층 (효자동)"
기타,에딧플레이버,"강원특별자치도 춘천시 우묵길52번길 20, 1층 (퇴계동)"
통닭(치킨),맘스터치(석사점),강원특별자치도 춘천시 공지로 155 (석사동)
호프/통닭,근무중이상무닭쳐,"강원특별자치도 춘천시 애막골길11번길 26 (석사동, 1층)"
분식,춘천돈까스,"강원특별자치도 춘천시 춘천로 306-5, 1층 101,102호 (후평동)"
식육(숯불구이),구이가(강원대점),"강원특별자치도 춘천시 서부대성로239번길 7 (효자동, 2층,3동)"
분식,두찜 춘천강원대점,"강원특별자치도 춘천시 서부대성로 228, 3동 1층 (효자동)"
분식,중앙분식,"강원특별자치도 춘천시 중앙로 108-1, 1층 (낙원동)"
일식,온의교집,"강원특별자치도 춘천시 방송길 70, 117동 122호 (온의동, 온의 롯데캐슬 스카이클래스)"
식육(숯불구이),백년족발석사씨지브이점,"강원특별자치도 춘천시 지석로 22, 1층 (퇴계동)"
탕류(보신용),양평해장국,"강원특별자치도 춘천시 남산면 강촌로 258, 1층"
한식,카페모락,강원특별자치도 춘천시 춘천로204번길 56-1 (효자동)
식육(숯불구이),정호닭갈비,강원특별자치도 춘천시 남산면 서백길 140
식육(숯불구이),문가네한우곱창,"강원특별자치도 춘천시 남춘로25번길 16-1, 1층 (퇴계동)"
기타,카페리베,"강원특별자치도 춘천시 서부대성로 209, 2층 (효자동)"
한식,애막골동치미막국수,"강원특별자치도 춘천시 동면 서부대성로 438, 1층"
한식,퓨전안동찜닭,"강원특별자치도 춘천시 서부대성로 214, 1층 (효자동)"
기타,주)춘천시민장례식장,"강원특별자치도 춘천시 영서로 2970, 강원도새마을회관 4층 (사농동)"
한식,찌개공방,"강원특별자치도 춘천시 후석로46번길 14, 1층 (석사동)"
한식,쌍용막국수곰탕,"강원특별자치도 춘천시 중앙로68번길 22-2, 1층 (소양로3가)"
식육(숯불구이),3939,"강원특별자치도 춘천시 후석로186번길 30-7, 1층 (석사동)"
호프/통닭,로얄치킨호프본점,"강원특별자치도 춘천시 애막골길11번길 33, 1층 (석사동)"
한식,브라더한정식도시락춘천효자점,"강원특별자치도 춘천시 두하길 22, 상가동 1층 104호 (효자동, 일성아파트)"
한식,정족리밥집,"강원특별자치도 춘천시 남춘로26번길 16, 1층 102호 (퇴계동)"
기타,준희얼큰이족탕,강원특별자치도 춘천시 후석로 284 (후평동)
기타,핀든하우스,"강원특별자치도 춘천시 춘천로167번길 6-1, 1층 (운교동)"
식육(숯불구이),춘유록,강원특별자치도 춘천시 신북읍 신샘밭로 656-9
한식,엄니식당,"강원특별자치도 춘천시 안마산로 222, 지하층 (퇴계동)"
한식,춘향,"강원특별자치도 춘천시 서부대성로239번길 7, 1층 (효자동)"
통닭(치킨),또래오래치킨강촌점,"강원특별자치도 춘천시 남산면 강촌로 121, 1층"
한식,왕터,강원특별자치도 춘천시 남면 박암관천길 183-27
기타,클릭,"강원특별자치도 춘천시 남산면 북한강변길 68-5, 1층"
경양식,이디야춘천고은점,"강원특별자치도 춘천시 동내면 고은길 168, 1,2층"
한식,더(The)송어,"강원특별자치도 춘천시 퇴계로 26, 1층 (퇴계동)"
한식,오공복이남춘천점,"강원특별자치도 춘천시 춘천로17번길 17, 104호 (온의동)"
호프/통닭,자담치킨 춘천온의공지천점,"강원특별자치도 춘천시 퇴계로 13, 용봉빌딩 1층 102호 (퇴계동)"
호프/통닭,팔팔반점,"강원특별자치도 춘천시 신북읍 신북로 237, 1층"
한식,국밥백서춘천강대점,"강원특별자치도 춘천시 백령로 3, 1층 (효자동)"
기타,유유네,"강원특별자치도 춘천시 성심로47번길 104, 1층 (후평동)"
경양식,모모,"강원특별자치도 춘천시 후석로45번길 35, 1층 좌측상가호 (석사동)"
경양식,아롬,강원특별자치도 춘천시 벌말길 39 (석사동)
한식,뽁당볶음밥춘천점,"강원특별자치도 춘천시 서부대성로 144, 나동 1층 (운교동)"
분식,훌랄라참숯치킨(춘천효자점),"강원특별자치도 춘천시 효평길 43, 1층 102호 (효자동)"
한식,애식주,"강원특별자치도 춘천시 동면 춘천순환로 508, 1층"
기타,현대메밀,"강원특별자치도 춘천시 남춘로5번길 29-1, 1층 (퇴계동)"
기타,스크린그늘집,"강원특별자치도 춘천시 칠전동길 12-6, 1층 (칠전동)"
한식,샤브올데이춘천점,"강원특별자치도 춘천시 춘천로 12, 2층 (퇴계동)"
한식,호텔앤화담,"강원특별자치도 춘천시 효자로 136, B1층 2호 (효자동)"
한식,요리의발견,"강원특별자치도 춘천시 벌말길 61-1, 1층 (석사동)"
한식,만천리가보자토종순대국밥,"강원특별자치도 춘천시 동광길 7, 1층 (후평동)"
한식,밥구정로데오 춘천효자점,"강원특별자치도 춘천시 효제길 13, 1층 (효자동)"
한식,길상이네밥상,"강원특별자치도 춘천시 신동면 김유정로 1417, A동 1층 104호"
식육(숯불구이),비비큐우두점,"강원특별자치도 춘천시 우두1길 101, 1층 114호 (우두동)"
기타,온반,"강원특별자치도 춘천시 효자상길 11, 1층 (효자동)"
일식,쇼카츠,"강원특별자치도 춘천시 방송길 77, 2층 2104호 (온의동, 춘천 센트럴타워 푸르지오)"
식육(숯불구이),춘천견우성한우,강원특별자치도 춘천시 동내면 춘천순환로72번길 33-18
한식,그곳에가면,"강원특별자치도 춘천시 동내면 공지로 76, 1층"
기타,만두야,"강원특별자치도 춘천시 안마산로 107-1, 에스엠프라자 109호 (퇴계동)"
한식,헬로우푸드,"강원특별자치도 춘천시 서부대성로48번길 5-1, 1층 (요선동)"
기타,웅치킨호프,"강원특별자치도 춘천시 퇴계로 52, 1층 (퇴계동)"
분식,돈카춘춘천점,"강원특별자치도 춘천시 서부대성로 161, 1층 (효자동)"
식육(숯불구이),쉐프박스,"강원특별자치도 춘천시 스무숲3길 16, 1층 (석사동)"
기타,홍게대게직판장,"강원특별자치도 춘천시 공지로 256, 1층 101호 (효자동)"
한식,청년피자춘천후평점,"강원특별자치도 춘천시 춘천로282번길 1, 1층 (후평동)"
기타,곱창수월래,"강원특별자치도 춘천시 우두5길 36, 104호 (우두동)"
한식,또순네,"강원특별자치도 춘천시 충열로16번길 14-1 (우두동, 1층)"
호프/통닭,커피톡(coffee-talk),"강원특별자치도 춘천시 애막골길3번길 6, 1층 (석사동)"
한식,원조남부막국수,"강원특별자치도 춘천시 춘천로 56, 1동 (효자동)"
식육(숯불구이),진양원양꼬치,"강원특별자치도 춘천시 애막골길7번길 22, 1층 (석사동)"
기타,꽃이다,"강원특별자치도 춘천시 성심로66번길 9-5, 1층 (효자동)"
한식,결,강원특별자치도 춘천시 후만로 79 (후평동)
한식,한양식,"강원특별자치도 춘천시 옥천길 1, 1층 (중앙로1가)"
호프/통닭,찌웅이네숯불두마리치킨,"강원특별자치도 춘천시 공지로218번길 26, 상가동 103호 (효자동, 효자코아루웰라움)"
한식,숲속외양간,"강원특별자치도 춘천시 동내면 춘천순환로 133, 1층 101호"
기타,헬로베이크샵,"강원특별자치도 춘천시 시청길 28, 1층 (조양동)"
김밥(도시락),본도시락춘천장학점,"강원특별자치도 춘천시 동면 춘천순환로 613, 103호"
기타,하이덕,"강원특별자치도 춘천시 영서로 2352-38, 풍물시장 11동 72호 (온의동)"
한식,봄내닭갈비막국수,"강원특별자치도 춘천시 사우벌길 61, 1층 7, 8, 9, 10, 11, 12호 (사농동)"
한식,스무숲동해곰치,"강원특별자치도 춘천시 스무숲1길 4-9, 1층 (석사동)"
식육(숯불구이),춘천상회,"강원특별자치도 춘천시 백령로 200, 세경아파트 상가동 201호 (후평동)"
기타,금선식당,강원특별자치도 춘천시 명동길29번길 12 (죽림동)
호프/통닭,처갓집양념치킨춘천소양점,"강원특별자치도 춘천시 소양로 186, 1층 (소양로1가)"
기타,고향생고기춘천점,"강원특별자치도 춘천시 서부대성로206번길 19, 1층 (효자동)"
중국식,천하제일뼈짬뽕,"강원특별자치도 춘천시 벌말길 74, 1층 (석사동)"
한식,휴더테이블,강원특별자치도 춘천시 서부대성로44번길 19-1 (요선동)
호프/통닭,자기전,강원특별자치도 춘천시 백령로 19 (효자동)
기타,칠전옛날통닭,"강원특별자치도 춘천시 칠전서길 9, 1층 (칠전동)"
기타,커피통,"강원특별자치도 춘천시 영서로2753번길 18, 2층 (우두동)"
기타,호천당춘천퇴계점,"강원특별자치도 춘천시 남춘로36번길 69, 2층 (퇴계동)"
식육(숯불구이),돼지먹자,"강원특별자치도 춘천시 동내면 거두택지길26번길 9-13, 1층"
기타,빌리비,"강원특별자치도 춘천시 시청길10번길 11, 1층 (조양동)"
기타,티라미수1호점,"강원특별자치도 춘천시 금강로13번길 26, 1,2층 (소양로2가)"
기타,타코페퍼,"강원특별자치도 춘천시 우석로 27, 1층 102호 (석사동)"
기타,경서재,"강원특별자치도 춘천시 약사고개길49번길 10-2, 1층 (약사동)"
한식,한전앞집,"강원특별자치도 춘천시 수풍골길 5, 1층 (후평동)"
호프/통닭,맘스터치춘천메가박스점,"강원특별자치도 춘천시 춘천로17번길 17, 1층 105호 (온의동)"
기타,우두동가보자토종순대국밥,"강원특별자치도 춘천시 사우로 123, 1층 (우두동)"
한식,팔호광장자율식당,"강원특별자치도 춘천시 춘천로 173-1, 1층 (운교동)"
한식,포랑(PHORANG),강원특별자치도 춘천시 동내면 영서로 1860-8
한식,(주)한우기업,"강원특별자치도 춘천시 강원대학길 1, 2동 4층 (효자동)"
호프/통닭,주전부리,"강원특별자치도 춘천시 삭주로 89-8, 에리트아파트 상가동 1층 101호 (후평동)"
기타,분식집에하숙하는붕어빵,"강원특별자치도 춘천시 삭주로 25, 1층 (교동)"
호프/통닭,소양댐치킨,"강원특별자치도 춘천시 신북읍 상천3길 15-5, 1층"
식육(숯불구이),심야화로스무숲점,"강원특별자치도 춘천시 스무숲1길 73, 1층 (석사동)"
식육(숯불구이),우리갈매기살,강원특별자치도 춘천시 삭주로108번길 32 (후평동)
한식,친신마라탕춘천점,"강원특별자치도 춘천시 춘천로204번길 43, 1층 101호 (효자동)"
일식,백돈춘천점,"강원특별자치도 춘천시 남춘로26번길 16, 104호 (퇴계동)"
중국식,흥주선비국밥,"강원특별자치도 춘천시 동면 만천로 67, 1층"
기타,블랑제리331,"강원특별자치도 춘천시 우석로38번길 19-1, 1,2층 (석사동)"
기타,달리는커피춘천석사점,"강원특별자치도 춘천시 우석로 27, 1층 101호 (석사동)"
식육(숯불구이),길모퉁이포차,"강원특별자치도 춘천시 춘천로 311 (후평동, 1층)"
식육(숯불구이),미고토국물닭발,강원특별자치도 춘천시 효자로150번길 10-1 (효자동)
한식,씨씨알비어,강원특별자치도 춘천시 동내면 춘천순환로72번길 44
일식,사거리횟집,"강원특별자치도 춘천시 스포츠타운길 533, 1층 (온의동)"
식육(숯불구이),지리산청정흑돼지,강원특별자치도 춘천시 승지골길13번길 7-1 (퇴계동)
분식,인생건어물맥주춘천한숲시티점,"강원특별자치도 춘천시 안마산로 114, 한광B/D 1층 101호 (퇴계동)"
분식,김밥나라애막골점,"강원특별자치도 춘천시 후석로186번길 9 (석사동, 진흥@상가 106호)"
통닭(치킨),맘스터치우두점,강원특별자치도 춘천시 영서로 2755 (우두동)
한식,동방가든,강원특별자치도 춘천시 남면 박암관천길 524
탕류(보신용),중앙녹각삼계탕,강원특별자치도 춘천시 낙원길 32 (중앙로2가)
한식,고우국밥,강원특별자치도 춘천시 남춘천새길41번길 13-2 (효자동)
식육(숯불구이),사창리순대국,강원특별자치도 춘천시 서부대성로173번길 39-1 (효자동)
식육(숯불구이),88제육춘천점,"강원특별자치도 춘천시 후석로393번길 51, 1층 (후평동)"
한식,한림통닭,강원특별자치도 춘천시 삭주로 지하 89-4 (후평동)
한식,민가생삼겹,강원특별자치도 춘천시 충혼길18번길 18 (온의동)
호프/통닭,타박네,"강원특별자치도 춘천시 삭주로 106, 1동 (후평동)"
통닭(치킨),비비큐치킨온의점,"강원특별자치도 춘천시 스포츠타운길 526, 1층 (온의동)"
한식,원앙닭갈비,강원특별자치도 춘천시 벌말길 94 (석사동)
통닭(치킨),치킨퐁거두점,"강원특별자치도 춘천시 동내면 거두택지길 7, 나동 101호 (초록지붕아파트상가)"
한식,춘천집,강원특별자치도 춘천시 공지로 61-4 (석사동)
한식,팔구푸드,"강원특별자치도 춘천시 성심로 49, 2층 (효자동)"
호프/통닭,가일닭강정&치킨,"강원특별자치도 춘천시 벌말길 95, 1층 (석사동)"
기타,카페96,"강원특별자치도 춘천시 공지로 96, 1층 101호 (석사동)"
기타,주류상회비춘천점,"강원특별자치도 춘천시 방송길 77, 1층 1101호 (온의동, 춘천 센트럴타워 푸르지오)"
기타,돼지꿈,"강원특별자치도 춘천시 신흥길 13, 1층 (우두동)"
기타,화돈가든,"강원특별자치도 춘천시 우묵길78번길 11, 1층 (퇴계동)"
분식,동문,강원특별자치도 춘천시 남산면 남이섬길 1
호프/통닭,수옛날통닭,"강원특별자치도 춘천시 안마산로 107-1, 1층 104호 (퇴계동)"
한식,문어랑,"강원특별자치도 춘천시 애막골길7번길 25, 1층 (석사동)"
한식,양구함흥손냉면,"강원특별자치도 춘천시 스무숲1길 42-5, 1층 (석사동)"
한식,춘광식당,"강원특별자치도 춘천시 동부시장길 8 (운교동, 동부시장 88호)"
한식,흥부왕족발,"강원특별자치도 춘천시 삭주로 189, 1층 (후평동)"
한식,용수골흙두부,강원특별자치도 춘천시 효제길 15 (효자동)
식육(숯불구이),소양강닭갈비막국수,강원특별자치도 춘천시 영서로 2668-14 (소양로1가)
중국식,장원중화요리,강원특별자치도 춘천시 칠전서길 46-51 (칠전동)
한식,금돼지,강원특별자치도 춘천시 서면 박사로 902 (2리)
식육(숯불구이),박대감(우두점),강원특별자치도 춘천시 영서로2753번길 20 (우두동)
한식,정근봉콩나물국밥,강원특별자치도 춘천시 서면 경춘로 1067
식육(숯불구이),주먹생고기,강원특별자치도 춘천시 공지로 452-8 (근화동)
식육(숯불구이),다릿목닭갈비,"강원특별자치도 춘천시 영서로 2668-8, 1.2층 (소양로1가)"
한식,송암빙상장구내매점및식당(outskate),강원특별자치도 춘천시 스포츠타운길 113 (송암동)
호프/통닭,문라이트,"강원특별자치도 춘천시 애막골길3번길 39, 1층 (석사동)"
한식,한점,"강원특별자치도 춘천시 남춘로36번길 46, 1층 (퇴계동)"
탕류(보신용),충남삼계탕박물관점,강원특별자치도 춘천시 우석로 44-1 (석사동)
한식,장할매국밥,"강원특별자치도 춘천시 백령로138번길 52 (효자동, 1층)"
한식,은혜칼국수,강원특별자치도 춘천시 옛경춘로 824 (삼천동)
한식,남문,강원특별자치도 춘천시 남산면 남이섬길 1
한식,래금힐파크,강원특별자치도 춘천시 사북면 지내고탄로 752 (지하)
기타,개미다실,"강원특별자치도 춘천시 중앙로 161, 2층 (근화동)"
기타,봄내포장마차,"강원특별자치도 춘천시 효자로 3, 1층 (퇴계동)"
기타,바우네나주곰탕춘천퇴계점,"강원특별자치도 춘천시 우묵길56번길 20, 1동 1층 (퇴계동)"
한식,하루키를읽으면술집에,"강원특별자치도 춘천시 스무숲1길 8-6, 1층 (석사동)"
한식,오시드래요,"강원특별자치도 춘천시 공지로242번길 25, 1층 (효자동)"
식육(숯불구이),신세계닭갈비,"강원특별자치도 춘천시 영서로2452번길 9, 1층 (근화동)"
한식,은쿡,"강원특별자치도 춘천시 벌말길 47, 1층 (석사동)"
식육(숯불구이),애막골무한대패,강원특별자치도 춘천시 애막골길7번길 17 (석사동)
한식,춘천칠전닭갈비,강원특별자치도 춘천시 경춘로 2045 (칠전동)
식육(숯불구이),청솔한우,"강원특별자치도 춘천시 애막골길3번길 20-1, 1층 (석사동)"
중국식,갓생맥주춘천후평점,"강원특별자치도 춘천시 보안길 77, 1층 가운데상가호 (후평동)"
기타,대관령만두,"강원특별자치도 춘천시 춘천로185번길 12-1, 1층 (운교동)"
경양식,갤러리카페아가,강원특별자치도 춘천시 서면 경춘로 1091
한식,가정식당,강원특별자치도 춘천시 외솔길 20 (석사동)
호프/통닭,썬호프,강원특별자치도 춘천시 남춘로 59 (효자동)
한식,젠틀맨,"강원특별자치도 춘천시 춘주로187번길 14, 1층 (퇴계동)"
탕류(보신용),효자골식당,강원특별자치도 춘천시 새롬공원길9번길 6-5 (석사동)
한식,콩사랑마을,강원특별자치도 춘천시 동내면 거두택지길 65-7
탕류(보신용),황태마을,강원특별자치도 춘천시 충혼길8번길 20-1 (온의동)
중국식,명운반점,"강원특별자치도 춘천시 백령로138번길 50, 지하1~1층 (효자동)"
한식,호호식당,"강원특별자치도 춘천시 퇴계농공로 13 (석사동, 1층)"
한식,모녀식당,"강원특별자치도 춘천시 약사고개길 13 (죽림동, ,11-2,11-4,11-7,11-8)"
분식,김밥나라운교점,"강원특별자치도 춘천시 금강로 93 (운교동, 1층)"
한식,동도통영굴밥,"강원특별자치도 춘천시 공지로 433 (근화동, 1층, 좌측)"
기타,소셜하우스,"강원특별자치도 춘천시 춘천로310번길 70, 1층 (효자동)"
한식,거두뒷고기,"강원특별자치도 춘천시 동내면 춘천순환로 79, 1층"
기타,정성카츠춘천효자점,"강원특별자치도 춘천시 서부대성로 222, 1층 (효자동)"
한식,마당육전막국수,"강원특별자치도 춘천시 남산면 햇골길 1-22, 1층"
기타,명륜진사갈비후평점,"강원특별자치도 춘천시 후석로228번길 3, 1층 (후평동)"
기타,그랑그릴,강원특별자치도 춘천시 남산면 북한강변길 688
기타,보샬레,"강원특별자치도 춘천시 남산면 북한강변길 688, 엘리시안 강촌"
기타,으뜸갈비랑붕어네치킨&대단한요거트춘천온의점,"강원특별자치도 춘천시 영서로 2352-12, 풍물시장 5동 4,5호 (온의동)"
기타,불난집,강원특별자치도 춘천시 백령로 18 (효자동)
한식,강촌사골칼국수,"강원특별자치도 춘천시 남산면 강촌로 60, 1층"
한식,갯벌의진주,"강원특별자치도 춘천시 지석로 74-11, 1층 C03호 (퇴계동)"
한식,계절국수,"강원특별자치도 춘천시 춘천로296번길 9, 1층 (후평동)"
식육(숯불구이),공지천왕갈비,강원특별자치도 춘천시 효자로 5 (퇴계동)
한식,옛골밥집,강원특별자치도 춘천시 남산면 소주고개로 654
식육(숯불구이),피그램,"강원특별자치도 춘천시 우석로79번길 20, 1층 (석사동)"
분식,별난만두&봉평막국수,"강원특별자치도 춘천시 서부대성로 253, 1층 (효자동)"
분식,황금돼지분식,"강원특별자치도 춘천시 공지로 149-1, 1층 (석사동)"
"외국음식전문점(인도,태국등)",히말라야인도요리,"강원특별자치도 춘천시 금강로 42, 2층 (중앙로2가)"
한식,안나수제비,"강원특별자치도 춘천시 충혼길 50, 1층 (온의동)"
기타,오이소,"강원특별자치도 춘천시 남산면 서백길 79-10, 1층"
기타,브라보스크린골프춘천만천점그늘집,"강원특별자치도 춘천시 동면 서부대성로 483, 2층"
기타,공간모음,"강원특별자치도 춘천시 후만로116번길 4, 1층 (후평동)"
기타,호미앤멜로우,"강원특별자치도 춘천시 솟발1길 4-53, 1,2층 (퇴계동)"
경양식,카페주오,"강원특별자치도 춘천시 영서로2756번길 1, 1층 (우두동)"
식육(숯불구이),고기야,강원특별자치도 춘천시 스포츠타운길 536-5 (온의동)
기타,버터하우스,"강원특별자치도 춘천시 새롬공원길5번길 26, 1층 (석사동)"
일식,다이닝원 춘천점,"강원특별자치도 춘천시 공지로 345, 2층 (효자동)"
한식,향원식당,강원특별자치도 춘천시 효석로9번길 9 (효자동)
한식,신닭발,강원특별자치도 춘천시 백령로138번길 59 (효자동)
한식,빙수의집,강원특별자치도 춘천시 서부대성로 245 (효자동)
한식,봄래원(봄이오는정원),"강원특별자치도 춘천시 옥천길 45, 1층 (옥천동)"
한식,"한삼실업(양평해장국,전주생태탕)","강원특별자치도 춘천시 동산면 종자리로 183, 1,2층"
호프/통닭,원타코,"강원특별자치도 춘천시 백령로 137, 1층 102호 (효자동)"
탕류(보신용),농장의집(영양탕),"강원특별자치도 춘천시 동면 서부대성로 446-1, 1층"
횟집,동춘횟집,강원특별자치도 춘천시 서면 삿갓봉길 29
횟집,서울횟집,강원특별자치도 춘천시 서면 삿갓봉길 19
분식,팔호스넥,강원특별자치도 춘천시 춘천로 195 (효자동)
횟집,일미횟집,강원특별자치도 춘천시 서면 삿갓봉길 23
횟집,춘천횟집,강원특별자치도 춘천시 서면 삿갓봉길 20
기타,항아리,"강원특별자치도 춘천시 서면 신매길 3, 1층"
식육(숯불구이),대파솥뚜껑삼겹살,"강원특별자치도 춘천시 보안길 42-1, 1,2층 (후평동)"
식육(숯불구이),수한우정육식당,"강원특별자치도 춘천시 우두1길 49, 1층 (우두동)"
기타,대파촌춘천석사상회점,"강원특별자치도 춘천시 스무숲1길 4-13, 1층 (석사동)"
한식,옹기종기,강원특별자치도 춘천시 남산면 강촌길 42
한식,별장,강원특별자치도 춘천시 서면 삿갓봉길 49
한식,팔미농원,강원특별자치도 춘천시 신동면 설미길 218-21
중국식,북경관,강원특별자치도 춘천시 공지로 426 (근화동)
한식,석사소머리국밥전문점,강원특별자치도 춘천시 효석로77번길 20 (석사동)
한식,육림보쌈,강원특별자치도 춘천시 소전길 33-1 (효자동)
분식,내고향한식부페,"강원특별자치도 춘천시 약사고개길 13 (죽림동, 외4필지(제일종합시장 지하층 3B/L 1호~4호))"
한식,페리카나(국사봉점),"강원특별자치도 춘천시 솟발1길 4-59, 1층 (퇴계동)"
한식,왕언니,"강원특별자치도 춘천시 영서로 2352-24, 풍물시장 11동 77,78호 (온의동)"
기타,쭈꾸미638,"강원특별자치도 춘천시 동내면 순환대로 636, 2동 1층"
한식,다정다맛,"강원특별자치도 춘천시 스포츠타운길 437, 1층 (삼천동)"
기타,불란서홍차,"강원특별자치도 춘천시 두하길 8, 1층 (효자동)"
한식,교촌치킨석사점,"강원특별자치도 춘천시 애막골길11번길 17, 1층 (석사동)"
기타,존버당,"강원특별자치도 춘천시 삭주로70번길 4, 1층 (교동)"
한식,황금코다리춘천삼천점,"강원특별자치도 춘천시 스포츠타운길 432, 1층 103,4,5호 (삼천동)"
한식,백계옥,"강원특별자치도 춘천시 영서로2279번길 19, 1층 (온의동)"
호프/통닭,산모롱이,강원특별자치도 춘천시 춘천로423번길 28 (후평동)
경양식,쟈스민,"강원특별자치도 춘천시 우묵들길 34-1, 1층 (퇴계동)"
한식,충남식당,강원특별자치도 춘천시 공지로242번길 8-2 (효자동)
한식,돈스간스,강원특별자치도 춘천시 충열로16번길 21 (우두동)
탕류(보신용),이현푸드,강원특별자치도 춘천시 후석로45번길 6 (석사동)
김밥(도시락),오늘김밥,"강원특별자치도 춘천시 공지로 267, 1층 (효자동)"
한식,함채,"강원특별자치도 춘천시 지석로 74-11, 퇴계시장형상가 1층 A11,B12호 (퇴계동)"
한식,양반청국장막국수,강원특별자치도 춘천시 신북읍 배후령길 71
경양식,풍기,강원특별자치도 춘천시 춘천로 387 (후평동)
한식,지호한방삼계탕춘천점,강원특별자치도 춘천시 동내면 거두택지길26번길 21
경양식,베이스먼트(Basement),강원특별자치도 춘천시 애막골길7번길 32 (석사동)
한식,해말조개칼국수,강원특별자치도 춘천시 동면 춘천로 553
기타,까페외솔길,"강원특별자치도 춘천시 동내면 외솔길 47, 1층"
한식,한식식당,"강원특별자치도 춘천시 중앙로 136, 6층 (소양로4가)"
식육(숯불구이),한양고깃집춘천후평점,"강원특별자치도 춘천시 후석로326번길 5, 1층 (후평동)"
한식,마포돼지갈비,"강원특별자치도 춘천시 안마산로 217-1 (퇴계동, 한주아파트상가 101~105호)"
한식,약수터붕어찜,강원특별자치도 춘천시 송암길 45 (송암동)
한식,홍콩반점0410강원대점,"강원특별자치도 춘천시 서부대성로 229-1, 2층 (효자동)"
기타,춘천통큰포차,"강원특별자치도 춘천시 승지골길13번길 7-4, 1층 (퇴계동)"
호프/통닭,아궁이,강원특별자치도 춘천시 공지로441번길 10-1 (근화동)
한식,서윤식당,"강원특별자치도 춘천시 춘천로 271, 1층 (후평동)"
기타,러스틱문(rusticmoon),"강원특별자치도 춘천시 남면 충효로 915, 가,나동"
식육(숯불구이),진보닭갈비막국수,"강원특별자치도 춘천시 충혼길8번길 2, 1층 (퇴계동)"
한식,느린마을양조장 남춘천역점,"강원특별자치도 춘천시 춘천로44번길 4, 1층 (퇴계동)"
한식,정일품손두부청국장,"강원특별자치도 춘천시 남춘로5번길 26, 1층 (퇴계동)"
탕류(보신용),백암왕순대(춘천1호점),강원특별자치도 춘천시 동내면 춘천순환로72번길 33-10
한식,신세대닭갈비,강원특별자치도 춘천시 삭주로108번길 6 (후평동)
호프/통닭,물안개식당,강원특별자치도 춘천시 춘천로68번길 12 (효자동)
호프/통닭,할머니순대국,"강원특별자치도 춘천시 삭주로80번길 5-5, 1층 (교동)"
분식,신혜분식,강원특별자치도 춘천시 중앙로 162 (근화동)
한식,춘천왕감자탕,강원특별자치도 춘천시 충열로16번길 27 (우두동)
경양식,식당브아,"강원특별자치도 춘천시 애막골길3번길 14-1, 1층 (석사동)"
한식,마적산손만두,강원특별자치도 춘천시 신북읍 상천3길 56
기타,오브에스프레소바&레브케이크,"강원특별자치도 춘천시 애막골길16번길 19, 1층 (석사동)"
중국식,다복향마라탕,"강원특별자치도 춘천시 서부대성로 247, 1층 (효자동)"
기타,어트러스,"강원특별자치도 춘천시 충열로 137, 1층 (우두동)"
식육(숯불구이),우미관,"강원특별자치도 춘천시 방송길 100, 1층 (온의동)"
"외국음식전문점(인도,태국등)",탕화쿵푸마라탕강원대점,"강원특별자치도 춘천시 백령로138번길 49, 2층 (효자동)"
식육(숯불구이),대왕닭갈비,강원특별자치도 춘천시 후석로393번길 37 (후평동)
일식,은은,강원특별자치도 춘천시 망대길37번길 19 (약사동)
분식,바우옹심이메밀칼국수,강원특별자치도 춘천시 영서로2753번길 8 (우두동)
식육(숯불구이),우돈가,"강원특별자치도 춘천시 동내면 원창고개길 276, 1층"
한식,춘천소바,"강원특별자치도 춘천시 퇴계로 24, 1층 (퇴계동)"
한식,가평애향식당,강원특별자치도 춘천시 칠전서길 42-6 (칠전동)
중국식,만리장성,강원특별자치도 춘천시 신북읍 율문길 72
한식,유포리막국수,강원특별자치도 춘천시 신북읍 맥국2길 123 (외2필지)
기타,데이빗,"강원특별자치도 춘천시 퇴계로 67, 2층 (퇴계동)"
식육(숯불구이),유정명물닭갈비막국수,강원특별자치도 춘천시 신동면 김유정로 1402
식육(숯불구이),귀품찬곽만근숯불갈비(춘천점),강원특별자치도 춘천시 동내면 춘천순환로 65
호프/통닭,하이바춘천퇴계점,"강원특별자치도 춘천시 우묵길78번길 24, 1층 (퇴계동)"
까페,카페124,"강원특별자치도 춘천시 남산면 강촌로 124, 1층"
한식,대구아구찜,강원특별자치도 춘천시 춘천로282번길 4-1 (후평동)
식육(숯불구이),해우숯불갈비,"강원특별자치도 춘천시 보안길 46, 1층 (후평동)"
중국식,도원뚝배기짬뽕,"강원특별자치도 춘천시 시청길12번길 16, 1층 (조양동)"
한식,땡촌닭발애막골점,"강원특별자치도 춘천시 우석로79번길 16-19, 1층 (석사동)"
기타,카페메이트,"강원특별자치도 춘천시 사우로 161, 1층 (우두동)"
한식,옥산포메기매운탕,강원특별자치도 춘천시 영서로 3052 (사농동)
식육(숯불구이),통나무집닭갈비,강원특별자치도 춘천시 신북읍 신샘밭로 763
식육(숯불구이),농가,강원특별자치도 춘천시 신북읍 신샘밭로 622-5
한식,형제잔치이벤트,"강원특별자치도 춘천시 행촌로32번길 13, 1층 (퇴계동)"
식육(숯불구이),도담삼겹,"강원특별자치도 춘천시 동면 춘천로 447, 1층"
탕류(보신용),무봉리토종순대국(춘천신북점),"강원특별자치도 춘천시 신북읍 신북로 30-4, 1층 1호"
한식,쉬리영양해물칼국수춘천점,"강원특별자치도 춘천시 서부대성로43번길 5, 1층 101호 (요선동)"
한식,진탱푸드,"강원특별자치도 춘천시 효자로150번길 23, 1층 (효자동)"
식육(숯불구이),남춘천자매닭갈비,강원특별자치도 춘천시 퇴계로93번길 10-4 (퇴계동)
기타,닭발연구소춘천점,"강원특별자치도 춘천시 소전길 13-2, 1층 (효자동)"
한식,홍익돈까스,강원특별자치도 춘천시 새롬공원길5번길 11 (석사동)
식육(숯불구이),화평장,"강원특별자치도 춘천시 보안길 62, 2층 (후평동)"
한식,금병산통나무집,"강원특별자치도 춘천시 동내면 영서로 1459, A동 1층"
한식,가마솥순대국,"강원특별자치도 춘천시 효자로 11, 1층 (퇴계동)"
분식,덕성식당,"강원특별자치도 춘천시 효석로25번길 18, 1층 (효자동)"
한식,주식회사통나무집철판닭갈비,"강원특별자치도 춘천시 신북읍 신샘밭로 663, 1층"
한식,배터매운탕온의점,"강원특별자치도 춘천시 영서로2279번길 25, 1층 (온의동)"
기타,카페슬로울리,"강원특별자치도 춘천시 춘천로407번길 10, 1층 (후평동)"
한식,국민순대국춘천점,"강원특별자치도 춘천시 효석로9번길 18, 1층 101호 (효자동)"
식육(숯불구이),묵은지한상,"강원특별자치도 춘천시 남춘로56번길 11, 1층 (효자동)"
식육(숯불구이),아재쭈꾸미,"강원특별자치도 춘천시 애막골길11번길 10, 1층 (석사동)"
한식,골목집,"강원특별자치도 춘천시 소양정길 23, 2층 (소양로1가)"
기타,위위하우스,"강원특별자치도 춘천시 동면 도일길 12, 1동 1층"
한식,오리날다,강원특별자치도 춘천시 서면 율장길 17 (1층)
기타,버터볼커피,"강원특별자치도 춘천시 남춘천길 29-1, 1층 (퇴계동)"
한식,토브랜드,"강원특별자치도 춘천시 남산면 큰골길 72, 1층"
한식,청춘실내포차,강원특별자치도 춘천시 춘천로 359 (후평동)
통닭(치킨),남춘천포차,"강원특별자치도 춘천시 퇴계로 54, 외3필지 (퇴계동)"
분식,1단지김밥,"강원특별자치도 춘천시 춘천로310번길 24, 1층 (후평동)"
한식,주당백서,"강원특별자치도 춘천시 보안길 50-1, 1층 가운데상가호 (후평동)"
분식,퍼줌,강원특별자치도 춘천시 충혼길20번길 8 (온의동)
한식,강원푸드,"강원특별자치도 춘천시 동내면 춘천순환로72번길 33-4, 1층"
한식,큰길낙지볶음,"강원특별자치도 춘천시 후석로420번길 7, 2층 A201호 (후평동)"
경양식,카츠도,"강원특별자치도 춘천시 시청길10번길 18, 1층 (조양동)"
한식,아재네구이,"강원특별자치도 춘천시 행촌로 45, 1층 (퇴계동, 좌측상가)"
식육(숯불구이),거두호갈비,강원특별자치도 춘천시 동내면 춘천순환로72번길 33-6
식육(숯불구이),행복한왕족발보쌈,강원특별자치도 춘천시 충열로16번길 31-1 (우두동)
기타,세실리아,"강원특별자치도 춘천시 우석로 22, 1층 (석사동)"
호프/통닭,홍어와탁주,"강원특별자치도 춘천시 후석로45번길 27, 1층 (석사동)"
한식,신촌리김치찌개,"강원특별자치도 춘천시 동내면 동내로 187, 1층"
기타,시나브로,"강원특별자치도 춘천시 만천로199번길 27, 1층 (후평동)"
분식,주식회사영애푸드,"강원특별자치도 춘천시 스포츠타운길 529-15, 2층 204호 (온의동, 보배아파트상가)"
통닭(치킨),비에이치씨치킨강대점,"강원특별자치도 춘천시 공지로242번길 21, 1층 (효자동)"
한식,두부랑동태랑,"강원특별자치도 춘천시 동산면 종자리로 331-22, 주2동 1층"
기타,메타라운지,"강원특별자치도 춘천시 남산면 남이섬길 1, 남이섬 2층"
한식,포항집,"강원특별자치도 춘천시 남춘로36번길 52-5, 1층 (퇴계동)"
기타,이차로,"강원특별자치도 춘천시 신북읍 상천3길 20, 1층"
식육(숯불구이),태평소,"강원특별자치도 춘천시 안마산로 185, 1층 (퇴계동)"
기타,일월육일춘천공지천점,"강원특별자치도 춘천시 수변공원길 11, 3동 1층 104호 (삼천동)"
호프/통닭,구도로통닭 춘천스무숲점,"강원특별자치도 춘천시 스무숲1길 69, 1층 (석사동)"
중국식,봉평고향막국수춘천점,"강원특별자치도 춘천시 동면 소양강로 266, 1층"
한식,태원식당,"강원특별자치도 춘천시 칠전서길 5-14, 1층 (칠전동)"
경양식,아워아워(OUR HOUR),"강원특별자치도 춘천시 남춘로36번길 73, 2층 (퇴계동)"
기타,오아케이크,"강원특별자치도 춘천시 금강로23번길 7, 2층 201호 (소양로3가)"
기타,한여름밤,"강원특별자치도 춘천시 남산면 보매기1길 62-12, 1층"
식육(숯불구이),명성닭갈비,"강원특별자치도 춘천시 승지골길 7-5, 1층 (퇴계동)"
까페,륭도객잔,"강원특별자치도 춘천시 이디오피아길 7, 3층 (근화동)"
식육(숯불구이),춘천양념화로구이,"강원특별자치도 춘천시 춘천로 337, 1층 (후평동)"
식육(숯불구이),W펜션강촌숯불닭갈비,"강원특별자치도 춘천시 남산면 강촌로 143, 1층"
분식,원,"강원특별자치도 춘천시 동부시장길 12-5 (운교동, 1층)"
한식,마내,강원특별자치도 춘천시 자라우길 7-44 (칠전동)
탕류(보신용),한신흑염소,강원특별자치도 춘천시 부평길 5 (후평동)
중국식,이차돌(신사우점),"강원특별자치도 춘천시 충열로 45, 2층 205호 (우두동)"
식육(숯불구이),오리맘,강원특별자치도 춘천시 우묵길60번길 20 (퇴계동)
한식,먹보정식,"강원특별자치도 춘천시 우석로 6, 1층 (석사동)"
기타,레이지타임,"강원특별자치도 춘천시 충혼길 10, 1층 (퇴계동)"
기타,완미족발,강원특별자치도 춘천시 보안길 4-1 (후평동)
식육(숯불구이),쏘스삼겹살,"강원특별자치도 춘천시 퇴계로145번길 15-3, 1층 (퇴계동)"
기타,육칠이 춘천점,"강원특별자치도 춘천시 서부대성로 198, 102호 (효자동)"
한식,소울,강원특별자치도 춘천시 세실로208번길 7-9 (후평동)
한식,두끼떡볶이춘천명동점,"강원특별자치도 춘천시 중앙로67번길 3, 2층 (중앙로2가)"
탕류(보신용),바다해물찜감자탕,강원특별자치도 춘천시 우석로79번길 15-7 (석사동)
한식,솔막국수,강원특별자치도 춘천시 후석로59번길 16-18 (석사동)
식육(숯불구이),원닭갈비,강원특별자치도 춘천시 동내면 세실로 36
기타,본죽&비빔밥 춘천석사에버빌점,"강원특별자치도 춘천시 퇴계농공로 12, 103호 (석사동, 로얄프라자)"
한식,춘천세종호텔,강원특별자치도 춘천시 봉의산길 31 (봉의동)
일식,라온스시,강원특별자치도 춘천시 애막골길11번길 23 (석사동)
경양식,스카이라인라운지(Skyline lounge),"강원특별자치도 춘천시 하중도길 128, 2층 (중도동)"
한식,최고의밥상,"강원특별자치도 춘천시 금강로13번길 22, 1층 (소양로3가)"
식육(숯불구이),팔팔수산,"강원특별자치도 춘천시 안마산로 207, 1층 (퇴계동)"
한식,함지박,강원특별자치도 춘천시 만천로199번길 30 (후평동)
한식,두찜춘천후평점,"강원특별자치도 춘천시 후석로393번길 30-1, 1층 (후평동)"
한식,그린닭갈비,"강원특별자치도 춘천시 서부대성로239번길 29, 1층 (효자동)"
한식,만석식당(강원대점),강원특별자치도 춘천시 백령로138번길 35 (효자동)
호프/통닭,땡구땡구,강원특별자치도 춘천시 후석로 435 (후평동)
기타,엠에스티(MST),"강원특별자치도 춘천시 백령로 165, 1층 (효자동)"
식육(숯불구이),춘천댐촌닭집퇴계남매점,"강원특별자치도 춘천시 우묵길56번길 15, 1층 (퇴계동)"
기타,상미,강원특별자치도 춘천시 명동길 49 (죽림동)
식육(숯불구이),청담물갈비춘천퇴계점,"강원특별자치도 춘천시 남춘로 26, 1층 (퇴계동)"
한식,화가마순대국,"강원특별자치도 춘천시 승지골길13번길 7-6, 1층 (퇴계동)"
기타,베스트프렌즈,"강원특별자치도 춘천시 지석로 80, 춘천시너스카펠라복합빌딩 6층 602호 (퇴계동)"
식육(숯불구이),춘천원조숯불닭갈비,강원특별자치도 춘천시 효자로 9 (퇴계동)
한식,진아하우스,"강원특별자치도 춘천시 금강로 2, 1층 (소양로3가)"
한식,속초식당,강원특별자치도 춘천시 서부대성로44번길 5 (요선동)
한식,올레동태탕,"강원특별자치도 춘천시 스무숲1길 36-3, 1층 (석사동)"
중국식,춘천짬뽕가게,"강원특별자치도 춘천시 스무숲1길 8-4, 1층 (석사동)"
한식,은아상사,강원특별자치도 춘천시 당간지주길 61 (근화동)
기타,뚱땡이버거,"강원특별자치도 춘천시 중앙로 지하 37-1, 다77-다78호 (중앙로1가)"
기타,과일사탕1015,"강원특별자치도 춘천시 지석로 80, 1층 112호 (퇴계동)"
경양식,브릭스페밀리레스토랑(Bricks family restaurant),"강원특별자치도 춘천시 하중도길 128, 2층 (중도동)"
기타,나들목1989강원대점,"강원특별자치도 춘천시 백령로138번길 33, 2층 (효자동)"
식육(숯불구이),숯불구이돼지나루,강원특별자치도 춘천시 동내면 춘천순환로72번길 33-12
한식,한씨네집,"강원특별자치도 춘천시 남산면 강촌문배길 534, 1층"
식육(숯불구이),동물농장,"강원특별자치도 춘천시 남춘로36번길 63 (퇴계동, 1층)"
한식,부일정,강원특별자치도 춘천시 영서로 3053-5 (사농동)
한식,청평미가,"강원특별자치도 춘천시 석사길5번길 34, 1층 (석사동)"
통닭(치킨),맘스터치한림대점,"강원특별자치도 춘천시 성심로 4-1 (교동, (1층))"
한식,홍어짱,"강원특별자치도 춘천시 춘주로195번길 3, 1층 (퇴계동)"
한식,덮담춘천점,"강원특별자치도 춘천시 춘주로147번길 22-4, 1층 (퇴계동)"
한식,쉼바위식당,"강원특별자치도 춘천시 남산면 홍천강변길 48, 1층"
호프/통닭,감투봉,강원특별자치도 춘천시 남산면 홍천강변길 34-3
호프/통닭,강빛노을,강원특별자치도 춘천시 서면 경춘로 660
한식,보리뜰,"강원특별자치도 춘천시 후석로379번길 55, 1층 (후평동)"
일식,마루참치,"강원특별자치도 춘천시 행촌로 42 (퇴계동, 1층)"
분식,마타네식당,"강원특별자치도 춘천시 백령로138번길 47, 3동 지하1층 (효자동)"
한식,산여울,"강원특별자치도 춘천시 신흥길 14, 1층 (우두동)"
한식,대관령토종순대국,강원특별자치도 춘천시 신동면 경춘로 1846
한식,곰실보리밥집,강원특별자치도 춘천시 동내면 동내로 164
호프/통닭,김삿갓,강원특별자치도 춘천시 남산면 강촌로 68-1 (2리)
한식,가마솥순대국(애막골점),강원특별자치도 춘천시 애막골길7번길 21 (석사동)
한식,나 온,강원특별자치도 춘천시 칠전동2길 16-11 (칠전동)
기타,배달5삼겹푸드,"강원특별자치도 춘천시 효석로89번길 19, 1층 (석사동)"
기타,커피니남춘천역점,"강원특별자치도 춘천시 우묵길 24, 1,2층 (퇴계동)"
분식,보영이네해물칼국수직영점,"강원특별자치도 춘천시 동면 만천로143번길 58, 2층"
기타,바다수퍼해물천하조개구이찜춘천점,"강원특별자치도 춘천시 수변공원길 25-1, 1층 (삼천동)"
중국식,돌담집짬뽕,"강원특별자치도 춘천시 보안길 50-2, 지하1층 (후평동)"
한식,가우숲,"강원특별자치도 춘천시 새청말길 43, 1층 (우두동)"
분식,33떡볶이후평점,강원특별자치도 춘천시 후석로326번길 11 (후평동)
분식,심가당,"강원특별자치도 춘천시 춘천로 216, 1층 (효자동)"
한식,쉐프푸드시스템,"강원특별자치도 춘천시 벌말길 27, 1층 좌측호 (석사동)"
한식,푸드요리연구소,"강원특별자치도 춘천시 벌말길 27, 1층 우측호 (석사동)"
한식,훈이네김치찜,"강원특별자치도 춘천시 퇴계로69번길 3, 1층 (퇴계동)"
한식,새들의천국,강원특별자치도 춘천시 서면 툇골길 550-14 (2리)
한식,둥이반점,"강원특별자치도 춘천시 동내면 순환대로 664, 1층"
탕류(보신용),칠전돼지내장국밥,"강원특별자치도 춘천시 칠전서길 34, 1층 103호 (칠전동)"
식육(숯불구이),숙성고기육칠이춘천퇴계점,"강원특별자치도 춘천시 스무숲1길 18, 1층 (석사동)"
한식,풍년삼겹살,강원특별자치도 춘천시 춘천로 341 (후평동)
한식,소양강양어장,강원특별자치도 춘천시 동면 소양강로 675 (외1필지)
분식,박스푸드,"강원특별자치도 춘천시 춘천로 164-1, 1층 (운교동)"
한식,부산아지매국밥 춘천석사점,"강원특별자치도 춘천시 후석로45번길 22, 1층 (석사동)"
한식,강촌IC식당,"강원특별자치도 춘천시 남면 소주고개로 67, 1층"
기타,맛보리,"강원특별자치도 춘천시 남춘로5번길 10-1, 1층 (퇴계동)"
기타,빅스타피자춘천우두,"강원특별자치도 춘천시 우두1길 87, 1층 105호 (우두동)"
호프/통닭,사계,강원특별자치도 춘천시 후석로228번길 7 (후평동)
호프/통닭,림스치킨(만천점),"강원특별자치도 춘천시 만천로 231, 1층 (후평동)"
기타,미성카츠,"강원특별자치도 춘천시 삭주로 47, 1,2층 (교동)"
한식,쉼어묵그리고한잔술,"강원특별자치도 춘천시 서부대성로44번길 17, 1층 (요선동)"
식육(숯불구이),인생역전,"강원특별자치도 춘천시 영서로 2352-12, 10동 57,58호 (온의동, 풍물시장)"
호프/통닭,내린천,강원특별자치도 춘천시 벌말길 70 (석사동)
분식,봄내치킨앤떡볶이,"강원특별자치도 춘천시 퇴계로 220-17, 103호 (석사동, 퇴계주공3차@상가)"
호프/통닭,간이역(부영점),"강원특별자치도 춘천시 동내면 거두택지길 24, 103호"
분식,김밥나라(우두점),"강원특별자치도 춘천시 영서로 2761 (우두동, 1층)"
한식,어쩌다농부,"강원특별자치도 춘천시 중앙로77번길 35, 1층 (죽림동)"
기타,남춘천호반닭갈비,"강원특별자치도 춘천시 충혼길5번길 5, 1층 (퇴계동)"
한식,포대인대구막창,강원특별자치도 춘천시 보안길 21 (후평동)
한식,황토주막,"강원특별자치도 춘천시 백령로75번길 2 (효자동, 외1필지.1층)"
분식,신전떡볶이춘천명동점,"강원특별자치도 춘천시 시청길10번길 6 (조양동, 1층)"
호프/통닭,다인,강원특별자치도 춘천시 후석로393번길 40 (후평동)
한식,참불쭈(참살이불쭈꾸미),강원특별자치도 춘천시 동면 만천로 28
기타,든든,"강원특별자치도 춘천시 애막골길3번길 18-1, 1층 (석사동)"
분식,백일칼국수춘천본점,"강원특별자치도 춘천시 남춘로5번길 17, 1층 (퇴계동)"
통닭(치킨),돈치킨우두점,"강원특별자치도 춘천시 영서로 2754, 1층 (우두동)"
식육(숯불구이),금병산숯불철판닭갈비,강원특별자치도 춘천시 신동면 금병의숙길 6 (1리)
기타,메가엠지씨커피춘천봄내초점,"강원특별자치도 춘천시 퇴계로 217, 1층 전면 우측상가호 (석사동)"
기타,와사비,"강원특별자치도 춘천시 우석로 40, 1층 (석사동)"
한식,정식당,강원특별자치도 춘천시 칠전서길 52-1 (칠전동)
탕류(보신용),우두골기사식당,강원특별자치도 춘천시 동내면 영서로 1747 (3리)
기타,대박이네막창거두리점,"강원특별자치도 춘천시 동내면 거두택지길 41-11, 1층"
통닭(치킨),모꼬지,"강원특별자치도 춘천시 벌말길 83, 1층 (석사동)"
식육(숯불구이),119닭갈비,"강원특별자치도 춘천시 남춘로36번길 51, 1층 (퇴계동)"
한식,우일토종닭,강원특별자치도 춘천시 동산면 영서로 835
한식,재왕무한리필양꼬치훠궈,강원특별자치도 춘천시 후석로186번길 10-1 (석사동)
한식,우촌칡냉면,강원특별자치도 춘천시 남춘로5번길 13-2 (퇴계동)
한식,가마골소머리곰탕,"강원특별자치도 춘천시 동내면 학곡서1길 7, 1층"
한식,모친식당,강원특별자치도 춘천시 중앙로77번길 12-1 (죽림동)
한식,풍천장어숯불구이,강원특별자치도 춘천시 후석로 371 (후평동)
기타,이삭토스트강원대점,강원특별자치도 춘천시 서부대성로 211 (효자동)
까페,어스17(Earth17),"강원특별자치도 춘천시 신북읍 신샘밭로 766, 1,2층"
한식,보글보글하우스,"강원특별자치도 춘천시 서부대성로63번길 7-1, 지하1층 (옥천동)"
한식,청춘화로무한리필,"강원특별자치도 춘천시 스무숲4길 9, 1층 (석사동)"
한식,삼악산닭갈비,강원특별자치도 춘천시 서면 경춘로 679-5
식육(숯불구이),거두냉삼집,강원특별자치도 춘천시 동내면 거두택지길14번길 15 (1층)
식육(숯불구이),진족,강원특별자치도 춘천시 동내면 춘천순환로72번길 43
식육(숯불구이),명동우미닭갈비,"강원특별자치도 춘천시 영서로 2345, 1층 (온의동)"
한식,명품흑염소,"강원특별자치도 춘천시 동면 춘천순환로 867, 1층"
기타,도그도그,"강원특별자치도 춘천시 우두1길 157, HY프라자 4층 (우두동)"
한식,본죽엔비빔밥춘천우두택지점,"강원특별자치도 춘천시 우두1길 157, HY프라자 104호 (우두동)"
한식,언니네토스트,"강원특별자치도 춘천시 공단로 52, 1층 (후평동)"
기타,폴라리스,"강원특별자치도 춘천시 서부대성로 86, 1층 (조양동)"
한식,구이본색,"강원특별자치도 춘천시 동내면 외솔길 45, 1층"
호프/통닭,가마치통닭만천점,강원특별자치도 춘천시 동면 만천로143번길 58
중국식,미노루,강원특별자치도 춘천시 동내면 춘천순환로72번길 16
식육(숯불구이),청강어탕손수제비,강원특별자치도 춘천시 신북읍 신샘밭로 712 (외1필지)
식육(숯불구이),원조숯불닭불고기집,"강원특별자치도 춘천시 낙원길 28-4, 1,2층 (중앙로2가)"
통닭(치킨),썬더치킨만천점,강원특별자치도 춘천시 동면 만천로143번길 54
분식,김밥이선생,"강원특별자치도 춘천시 백령로 4, 1층 103호 (효자동)"
한식,마왕족발후평점,"강원특별자치도 춘천시 부안길 28, 1층 (후평동)"
식육(숯불구이),또보기목장,"강원특별자치도 춘천시 새롬공원길5번길 25 (석사동, 1층)"
분식,우리할매떡볶이춘천점,"강원특별자치도 춘천시 서부대성로 232, 1층 (효자동)"
한식,열매,"강원특별자치도 춘천시 벌말길 72, 1층 (석사동)"
식육(숯불구이),학곡사거리막국수닭갈비,"강원특별자치도 춘천시 동내면 영서로 1801, 1, 2, 3동 1층"
한식,춘천왕감자탕,강원특별자치도 춘천시 동내면 춘천순환로72번길 40
한식,비노,"강원특별자치도 춘천시 우석로79번길 16-20 (석사동, 1층)"
중국식,화산마라탕,"강원특별자치도 춘천시 삭주로 74, 2층 (교동)"
기타,세이(Say),"강원특별자치도 춘천시 후석로66번길 41, 1층 (석사동)"
기타,강촌해장국,"강원특별자치도 춘천시 남산면 강촌로 67, 1층"
기타,미돈,"강원특별자치도 춘천시 행촌로 34, 1층 102호 (퇴계동)"
기타,생삼겹구루요선점,"강원특별자치도 춘천시 서부대성로43번길 3, 1층 (요선동)"
통닭(치킨),CHO O.K치킨(후평점),"강원특별자치도 춘천시 춘천로 288 (후평동, 1층 왼쪽)"
일식,오월학교,"강원특별자치도 춘천시 서면 납실길 160, 1층"
기타,둥베이양꼬치왕냉면,"강원특별자치도 춘천시 영서로 2305, 1층 (온의동)"
탕류(보신용),둥지흑염소,강원특별자치도 춘천시 춘주로193번길 4 (퇴계동)
한식,봄봄,강원특별자치도 춘천시 신동면 금병의숙1길 55
한식,도지골등나무집,강원특별자치도 춘천시 신북읍 상천3길 2
한식,풀내음,"강원특별자치도 춘천시 영서로 2352-12, 13동 102,103층 (온의동)"
한식,어화담,강원특별자치도 춘천시 동내면 외솔길19번길 49-16
한식,주문진게먹고회먹고,강원특별자치도 춘천시 스무숲길 30 (석사동)
경양식,한림광장,"강원특별자치도 춘천시 성심로 12, 1층 (교동)"
호프/통닭,치맥한잔,"강원특별자치도 춘천시 춘천로213번길 27-2, 1층 (교동)"
한식,상호네돼지갈비닭갈비,"강원특별자치도 춘천시 우묵들길 7, 1층 (퇴계동)"
한식,와플칸 한림대점,강원특별자치도 춘천시 삭주로 64 (교동)
식육(숯불구이),태산갈비,"강원특별자치도 춘천시 승지골길13번길 7-7, 1층 (퇴계동)"
한식,남춘천오색찬란숯불닭갈비,강원특별자치도 춘천시 남춘로36번길 57 (퇴계동)
한식,학곡다슬기장칼국수,강원특별자치도 춘천시 우묵길70번길 26 (퇴계동)
식육(숯불구이),토속밥상,강원특별자치도 춘천시 남산면 강촌로 365
중국식,상하이,"강원특별자치도 춘천시 동면 춘천로449번길 24, 1층"
중국식,드래곤웍스(Dragonwoks),"강원특별자치도 춘천시 춘천로204번길 49, 1층 (효자동)"
기타,책방달방,"강원특별자치도 춘천시 향교뒷길 6-1, 지하1층 (교동)"
기타,더니어,"강원특별자치도 춘천시 만천로239번길 19, 1층 (후평동)"
한식,온정닭갈비,"강원특별자치도 춘천시 스무숲1길 32-3, 1층 (석사동)"
한식,신남큰집,"강원특별자치도 춘천시 방송길 77, 지하1층 B109호 (온의동, 춘천 센트럴타워 푸르지오)"
탕류(보신용),거진명품코다리네,강원특별자치도 춘천시 퇴계로145번길 15-7 (퇴계동)
중국식,하오하오,"강원특별자치도 춘천시 후석로 14, 1층 (석사동)"
중국식,도원뚝배기짬뽕퇴계점,"강원특별자치도 춘천시 솟발1길 4-69, 1층 (퇴계동)"
한식,정족리동치미막국수,"강원특별자치도 춘천시 신동면 김유정로 1772, 1층"
식육(숯불구이),탯골자연화로오리,강원특별자치도 춘천시 서면 툇골길 182
호프/통닭,투다리(뜨란채점),"강원특별자치도 춘천시 스무숲1길 4-2, 1층 (석사동)"
식육(숯불구이),숯구촌,강원특별자치도 춘천시 동면 만천로143번길 58
분식,육회왕자연어공주장학점,"강원특별자치도 춘천시 동면 춘천로449번길 20-3, 1층"
한식,정선달,"강원특별자치도 춘천시 우묵길56번길 8, 1층 (퇴계동)"
분식,남춘천꼬마김밥,"강원특별자치도 춘천시 춘주로 90, 1층 (온의동)"
한식,로드힐스쉼터,강원특별자치도 춘천시 동산면 종자리로 148-16
기타,만천식당,강원특별자치도 춘천시 동면 만천로143번길 54
호프/통닭,용천옛날통닭퇴계점,"강원특별자치도 춘천시 김유정로 1885 (퇴계동, 중앙하이츠빌딩 (101호))"
한식,놀부뚝배기,강원특별자치도 춘천시 신북읍 율문3길 12
기타,두리기갈매기살,"강원특별자치도 춘천시 스무숲1길 42, 1층 (석사동)"
한식,마음이머무는곳,"강원특별자치도 춘천시 공지로 367, 지하1층 24,25호 (효자동, 남부시장)"
기타,코이부,"강원특별자치도 춘천시 서부대성로 225-1, 1층 (효자동)"
기타,크래프트한스춘천시청점,"강원특별자치도 춘천시 옥천길 9, 2,3층 (중앙로1가)"
한식,신흥왕족발,강원특별자치도 춘천시 세실로 220 (후평동)
한식,장인족발608,"강원특별자치도 춘천시 퇴계로 97, 1층 104호 (퇴계동)"
한식,춘천길낙지,강원특별자치도 춘천시 우묵길 52 (퇴계동)
한식,제천황기명태(춘천점),"강원특별자치도 춘천시 승지골길 7-3, 1층 (퇴계동)"
분식,하마집,"강원특별자치도 춘천시 후석로369번길 2, 1층 (후평동)"
한식,로드힐스스타트2,강원특별자치도 춘천시 동산면 종자리로 148-16
식육(숯불구이),예맥촌,"강원특별자치도 춘천시 보안길 3-1, 1층 (후평동)"
한식,대감족발꼬꼬닭발,"강원특별자치도 춘천시 우석로 22-1, 1층 (석사동)"
한식,행복한두부,강원특별자치도 춘천시 둥지길 4 (효자동)
통닭(치킨),처갓집양념치킨부안점,강원특별자치도 춘천시 보안길 42 (후평동)
한식,약사불고기,강원특별자치도 춘천시 퇴계로145번길 11-8 (퇴계동)
일식,스시마니아,"강원특별자치도 춘천시 국사봉길 12, 1층 5호 (퇴계동)"
한식,오월애만두전골,"강원특별자치도 춘천시 후석로258번길 18, 1층 (후평동)"
일식,스시요혼,"강원특별자치도 춘천시 중앙로67번길 18, 2동 2112,2113호 (죽림동, 브라운상가)"
기타,로드힐스스타트1,강원특별자치도 춘천시 동산면 종자리로 148-16
분식,우람식당,강원특별자치도 춘천시 춘천로68번길 10 (효자동)
기타,033다이닝(Dining),"강원특별자치도 춘천시 소양고개길 45, 1층 (요선동)"
한식,쥐눈이콩나물밥2호점,"강원특별자치도 춘천시 충혼길34번길 11, 1층 (온의동)"
분식,송가네김밥국시,"강원특별자치도 춘천시 칠전서길 45, 상가동 1층 104호 (칠전동, 부영아파트)"
경양식,블랙스테이크춘천점,"강원특별자치도 춘천시 칠전동2길 16-13, 1층 (칠전동)"
분식,어반벨리(Urban Belly),"강원특별자치도 춘천시 서부대성로 219-1, 1층 (효자동)"
한식,베이스캠프,"강원특별자치도 춘천시 이디오피아길 19, 1층 (근화동, 허브하우스보트장)"
기타,빈체로(Vincero),강원특별자치도 춘천시 애막골길20번길 19 (석사동)
한식,온스트릿,"강원특별자치도 춘천시 퇴계로 129-8, 1층 102호 (퇴계동)"
경양식,어라운드키친,강원특별자치도 춘천시 동면 만천로 114-3
식육(숯불구이),구이터숯불갈비,"강원특별자치도 춘천시 동내면 거두택지길14번길 9-1, 1층"
한식,소양댐산채바우,강원특별자치도 춘천시 신북읍 느치골길 2
기타,예원참숯닭갈비,"강원특별자치도 춘천시 마내길 31 (온의동, 1층)"
한식,맛있는날,"강원특별자치도 춘천시 애막골길11번길 12, 1층 (석사동)"
호프/통닭,옛날통닭(운교점),"강원특별자치도 춘천시 춘천로 171, 1층 (운교동)"
식육(숯불구이),만천리 한우마을 밥집,"강원특별자치도 춘천시 후석로420번길 7, 1층 B108호 (후평동)"
기타,오돼지국밥,"강원특별자치도 춘천시 효자로92번길 2, 1층 (효자동)"
기타,지나오다,강원특별자치도 춘천시 공지로252번길 30 (효자동)
기타,피플스클럽,"강원특별자치도 춘천시 우석로67번길 12, 1층 (석사동)"
식육(숯불구이),오필승닭발남춘천점,강원특별자치도 춘천시 퇴계로93번길 12 (퇴계동)
까페,커피레시피,강원특별자치도 춘천시 동내면 거두택지길 57
호프/통닭,자담치킨약사명동점,"강원특별자치도 춘천시 근화길15번길 23, 1층 (근화동)"
까페,예부룩,"강원특별자치도 춘천시 공지로 153, 2층 (석사동)"
한식,한어울,강원특별자치도 춘천시 옥천길 35 (옥천동)
한식,꿀벌식당,강원특별자치도 춘천시 동부시장길 8 (운교동)
통닭(치킨),페리카나(터미널점),"강원특별자치도 춘천시 공지로 458 (근화동, 1층)"
한식,별당막국수,"강원특별자치도 춘천시 춘천로81번길 15, 1층 (약사동)"
한식,누구나홀딱반한닭춘천후평점,"강원특별자치도 춘천시 후석로326번길 9, 1층 (후평동)"
호프/통닭,동내맥주,"강원특별자치도 춘천시 동내면 춘천순환로72번길 39, 1층"
식육(숯불구이),이송금할머니의춘천중앙닭갈비,강원특별자치도 춘천시 금강로62번길 13-5 (조양동)
중국식,대화관명동점,강원특별자치도 춘천시 금강로62번길 15 (조양동)
호프/통닭,벤처하우스,강원특별자치도 춘천시 서부대성로44번길 20-2 (요선동)
호프/통닭,어라운드치킨(요선점),강원특별자치도 춘천시 서부대성로44번길 13 (요선동)
식육(숯불구이),곱돌생삼겹살,"강원특별자치도 춘천시 백령로138번길 55, 1,2층 (효자동)"
분식,착한원규토스트앤떡볶기앤,"강원특별자치도 춘천시 서부대성로 164, 1층 (효자동)"
기타,불티나,"강원특별자치도 춘천시 영서로 2352-32, 풍물시장 상가10동 1층 1015,1016호 (온의동)"
한식,감자탕,강원특별자치도 춘천시 부평길8번길 1 (후평동)
한식,청보리밭,"강원특별자치도 춘천시 신동면 금병의숙길 14, 1층"
식육(숯불구이),돌담,강원특별자치도 춘천시 송암길 25-3 (송암동)
한식,여우고개막국수,강원특별자치도 춘천시 신샘밭로 258 (신동)
호프/통닭,노랑통닭춘천효자점,"강원특별자치도 춘천시 백령로 81, 1층 (효자동)"
한식,월송영양탕추어탕,강원특별자치도 춘천시 효석로 33 (효자동)
기타,하얼빈양꼬치,강원특별자치도 춘천시 춘천로 335 (후평동)
기타,미소야춘천석사점,"강원특별자치도 춘천시 퇴계농공로 22, 1층 101호 (석사동)"
기타,메이샤1990,"강원특별자치도 춘천시 춘천로151번길 19, 1층 (운교동)"
한식,춘천야식,"강원특별자치도 춘천시 춘천로146번길 18, 1층 (운교동)"
기타,로드힐스지씨점,강원특별자치도 춘천시 동산면 종자리로 148-16
횟집,호반횟집,강원특별자치도 춘천시 서면 삿갓봉길 45
기타,서리맥주,"강원특별자치도 춘천시 보안길 20, 1층 (후평동)"
한식,오가네식당,"강원특별자치도 춘천시 동내면 고은길 3, 1층"
한식,거두리해물짬뽕,"강원특별자치도 춘천시 동내면 거두택지길4번길 19, 1층"
한식,이팝펍스크린,"강원특별자치도 춘천시 동내면 거두길 125-23, 1층"
기타,돼지한마리우두점,"강원특별자치도 춘천시 사우3길 33-14, 1층 (사농동)"
뷔페식,소소한밥상,"강원특별자치도 춘천시 중앙로 138, 지하1층 (소양로4가)"
한식,고을노적,강원특별자치도 춘천시 남면 충효로 1358
호프/통닭,팜트리,"강원특별자치도 춘천시 남춘로26번길 12, 1층 (퇴계동)"
식육(숯불구이),큰집장대박본점,"강원특별자치도 춘천시 춘천로410번길 19, 1층 (후평동)"
기타,소근소근,"강원특별자치도 춘천시 소양정길 4, 1층 (소양로1가)"
기타,슬로우데이(slowday),강원특별자치도 춘천시 신북읍 배후령1길 70
한식,신바람낙지,"강원특별자치도 춘천시 공지로 57-2, 1층 (석사동)"
기타,피자스쿨춘천한림대점,"강원특별자치도 춘천시 삭주로 71, 1층 (교동)"
한식,가라와라국물닭발춘천퇴계점,"강원특별자치도 춘천시 퇴계로105번길 5, 1층 (퇴계동)"
한식,토속촌,"강원특별자치도 춘천시 신북읍 금광길 158, 1층"
한식,솔개미닭갈비,강원특별자치도 춘천시 영서로2753번길 16 (우두동)
한식,샤브마니아메가박스점,"강원특별자치도 춘천시 춘천로17번길 17, 106호, 107호, 108호 (온의동)"
경양식,돈카미,"강원특별자치도 춘천시 춘천로17번길 17, 뉴타운 1층 103호 (온의동)"
한식,춘계면옥,강원특별자치도 춘천시 충열로16번길 16 (우두동)
호프/통닭,광판팔뚝김밥교대점,"강원특별자치도 춘천시 공지로 111, 상가동 1층 105호 (석사동, 석사신우아파트)"
한식,미다미,"강원특별자치도 춘천시 동면 후만로 180, 1층"
뷔페식,미래컨벤션웨딩홀,"강원특별자치도 춘천시 퇴계로 118 (퇴계동, 미래타워 2,3,4층)"
탕류(보신용),함지박2호점,강원특별자치도 춘천시 효제길 11 (효자동)
중국식,동보성,"강원특별자치도 춘천시 보안길 124, 1층 (후평동)"
식육(숯불구이),정예육정육식당,"강원특별자치도 춘천시 동면 만천로 68, 1층"
분식,채채김밥,"강원특별자치도 춘천시 춘천로 305, 1층 우측호 (후평동)"
한식,은혜네해물칼국수,강원특별자치도 춘천시 공지로297번길 7 (효자동)
탕류(보신용),남춘역영양탕,강원특별자치도 춘천시 춘주로201번길 16 (퇴계동)
식육(숯불구이),먹쇠,강원특별자치도 춘천시 행촌로32번길 5-21 (퇴계동)
한식,삼교리동치미막국수(춘천점),"강원특별자치도 춘천시 동면 춘천순환로 822, 1층"
통닭(치킨),또래오래춘천강북점,"강원특별자치도 춘천시 새청말길 26, 상가동 1층 102호 (우두동, 강변코아루아파트)"
중국식,일박이일,"강원특별자치도 춘천시 효자문길 33 (효자동, 1층)"
일식,마코토프리미엄,"강원특별자치도 춘천시 안마산로 169-4, 2층 (퇴계동)"
한식,돼지부속구이전문점,강원특별자치도 춘천시 춘천로 308 (후평동)
식육(숯불구이),오필승닭발 우두점,"강원특별자치도 춘천시 충열로16번길 20, 1층 (우두동)"
기타,포케올데이 춘천점,"강원특별자치도 춘천시 방송길 77, 지하층 B123호 (온의동, 춘천 센트럴타워 푸르지오)"
한식,천일정막국수.닭갈비,"강원특별자치도 춘천시 충혼길 12-4, 1층 (퇴계동)"
한식,온'S푸드,"강원특별자치도 춘천시 백령로 148-1, 1층 (효자동)"
한식,서진푸드,"강원특별자치도 춘천시 춘천로 375, 1층 3,4호 (후평동)"
통닭(치킨),꼬꼬나라,강원특별자치도 춘천시 영서로 3152 (신동)
기타,피자래빗,"강원특별자치도 춘천시 서면 박사로 233, 1동 지하2층"
한식,화계닭갈비,"강원특별자치도 춘천시 신북읍 신샘밭로 721, 1,2동"
횟집,사거리횟집R,"강원특별자치도 춘천시 후석로 22, 남부새마을금고석사지점 6층 (석사동)"
한식,샌드위치일상춘천점,"강원특별자치도 춘천시 서부대성로 67, 101호 (옥천동)"
식육(숯불구이),장어왔소(계백),강원특별자치도 춘천시 동면 만천로 82
한식,치엔롱,"강원특별자치도 춘천시 서면 월송길 381-19, 1층"
호프/통닭,비에이치씨(bhc)춘천소양점,"강원특별자치도 춘천시 금강로 25, 1층 우측호 (소양로3가)"
한식,가마골인삼순대,강원특별자치도 춘천시 효석로89번길 29-1 (석사동)
한식,황제원돼지갈비스무숲점,"강원특별자치도 춘천시 스무숲길 38, 1층 (석사동)"
기타,르몽라셰(Le Montrachet),강원특별자치도 춘천시 공지로 384-9 (약사동)
기타,꽈베르마망,"강원특별자치도 춘천시 신북읍 신샘밭로 638-4, 1층"
한식,카페라펠리즈(Cafe La Feliz),"강원특별자치도 춘천시 강창골길 14, 지하1층 (삼천동)"
경양식,테이스트원,"강원특별자치도 춘천시 동내면 거두택지길 93-11, 1층"
일식,누보,"강원특별자치도 춘천시 퇴계로 13, 3층 (퇴계동)"
식육(숯불구이),한별관,"강원특별자치도 춘천시 우묵길78번길 26, 1층 (퇴계동)"
식육(숯불구이),황제치킨,"강원특별자치도 춘천시 삭주로128번길 20, 1층 (후평동)"
한식,유정국밥,"강원특별자치도 춘천시 신동면 풍류1길 1, 1층"
한식,서부맛집능이해천탕,"강원특별자치도 춘천시 서부대성로 12, 지하1층 (소양로2가, 서부시장지하)"
한식,홍골솔밭집,강원특별자치도 춘천시 서면 신숭겸로 272-93
한식,강원일보구내식당,강원특별자치도 춘천시 중앙로 23 (중앙로1가)
경양식,더(The)다정한밥상플러스(Plus),"강원특별자치도 춘천시 동내면 춘천순환로 131, 2층"
식육(숯불구이),비와별닭갈비본점,"강원특별자치도 춘천시 스무숲길 5 (석사동, 1,2층)"
한식,광주리,강원특별자치도 춘천시 서면 박사로 923
기타,정통매운갈비찜,"강원특별자치도 춘천시 공지로 349, 1층 1호 (효자동)"
호프/통닭,블랙펄,"강원특별자치도 춘천시 안마산로 217-1, 한주아파트 상가동 2층 204호 (퇴계동)"
분식,따봉마라탕,"강원특별자치도 춘천시 퇴계농공로 11, 스타플러스빌딩 1층 102호 (석사동)"
뷔페식,에스엠이벤트회관,"강원특별자치도 춘천시 동면 방죽길 28-26, 1층"
뷔페식,애슐리퀸즈춘천점,"강원특별자치도 춘천시 금강로 68-9, 미도파아파트 지하1층 (조양동)"
한식,먹보갈비,강원특별자치도 춘천시 애막골길7번길 17-1 (석사동)
한식,숯토리춘천애막골점,강원특별자치도 춘천시 우석로79번길 16-6 (석사동)
한식,동역,"강원특별자치도 춘천시 남춘로36번길 81, 1층 (퇴계동)"
경양식,시키묵자,"강원특별자치도 춘천시 후석로45번길 21, 1층 좌측상가호 (석사동)"
기타,용길이네국밥집춘천1호점,강원특별자치도 춘천시 우석로79번길 16-23 (석사동)
호프/통닭,보보스,강원특별자치도 춘천시 춘천로 313-1 (후평동)
기타,메이카드,"강원특별자치도 춘천시 복골길6번길 21, 1층 (후평동)"
한식,맛깔나는집,"강원특별자치도 춘천시 동광길 11, 1동 (후평동)"
한식,팬더하우스,"강원특별자치도 춘천시 명동길 50, 1층 (중앙로3가)"
한식,가야갈매기,강원특별자치도 춘천시 춘천로138번길 29 (운교동)
일식,회사랑,"강원특별자치도 춘천시 스무숲3길 6, 1층 (석사동)"
기타,금박힐링센터,"강원특별자치도 춘천시 춘천로296번길 4, 2층 (후평동)"
기타,탐앤탐스레스토랑,"강원특별자치도 춘천시 동면 소양강로 718, 2층"
분식,담칼국수,"강원특별자치도 춘천시 영서로 3050, 1층 (사농동)"
경양식,29페이지,"강원특별자치도 춘천시 둥지길 18-9, 1,2층 (효자동)"
한식,본죽앤비빔밥춘천후평점,"강원특별자치도 춘천시 후석로 252, 1층 (후평동)"
중국식,도원뚝짬,강원특별자치도 춘천시 동내면 거두택지길 65-9
한식,족발야시장우두점,"강원특별자치도 춘천시 우두6길 19, A동 1층 (우두동)"
기타,문배마을신가네,"강원특별자치도 춘천시 남산면 강촌문배길 485-5, 1층"
호프/통닭,청사초롱,"강원특별자치도 춘천시 우석로85번길 20-16, 1층 (석사동)"
식육(숯불구이),동산에머문정(情),강원특별자치도 춘천시 후석로45번길 5 (석사동)
한식,남원돌판오징어,강원특별자치도 춘천시 동면 춘천순환로 428
식육(숯불구이),돼지한마리본점,"강원특별자치도 춘천시 솟발1길 4-73, 1층 (퇴계동)"
식육(숯불구이),작은집,강원특별자치도 춘천시 삭주로 189 (후평동)
식육(숯불구이),퇴골오리,강원특별자치도 춘천시 스무숲1길 4-7 (석사동)
한식,봄내예찬,"강원특별자치도 춘천시 동면 삭주로 243, 1층"
기타,카페789,"강원특별자치도 춘천시 동면 삭주로 224-7, 1층"
분식,대영옥돼지곰탕,"강원특별자치도 춘천시 낙원길 27, 1층 (낙원동)"
식육(숯불구이),황소닭갈비,강원특별자치도 춘천시 안마산로 26 (온의동)
한식,대암감자탕한림대점,강원특별자치도 춘천시 삭주로 67 (교동)
한식,꽃피는산골,강원특별자치도 춘천시 송암길 17-8 (송암동)
한식,명봉닭갈비막국수,강원특별자치도 춘천시 동면 금촌로 273
기타,설빙춘천점,"강원특별자치도 춘천시 중앙로67번길 18, 2층 (죽림동, 브라운상가1동 1201호)"
식육(숯불구이),인생건어물춘천점,강원특별자치도 춘천시 동내면 거두택지길 16-1
한식,춘천날아라닭갈비,강원특별자치도 춘천시 동내면 외솔길19번길 80-40
식육(숯불구이),달맞이,강원특별자치도 춘천시 우석로67번길 13 (석사동)
식육(숯불구이),일송닭갈비막국수,강원특별자치도 춘천시 신북읍 신샘밭로 664
호프/통닭,이모네포차,강원특별자치도 춘천시 대양당길 1 (후평동)
식육(숯불구이),오필승닭발(요선터널점),"강원특별자치도 춘천시 서부대성로44번길 17-1, 1층 (요선동)"
기타,춘천언덕숯불닭갈비,"강원특별자치도 춘천시 낙원길 46-1, 1층 (중앙로2가)"
한식,현대뚝배기,강원특별자치도 춘천시 후석로455번길 55-3 (후평동)
까페,협동조합빅샌,"강원특별자치도 춘천시 봉의산길22번길 29, 1층 (옥천동)"
까페,고마리,강원특별자치도 춘천시 우묵길 73 (퇴계동)
분식,김밥의달인,"강원특별자치도 춘천시 중앙로 78, 1층 (중앙로2가)"
한식,불백,강원특별자치도 춘천시 퇴계로145번길 11-10 (퇴계동)
한식,아침해칼국수,강원특별자치도 춘천시 영서로 3037 (사농동)
식육(숯불구이),점순네닭갈비,강원특별자치도 춘천시 신동면 풍류길 27 (나동.1층)
분식,윤가네바지락칼국수,"강원특별자치도 춘천시 중앙로 지하 35-2, 다열53,54호 (중앙로1가, 춘천지하쇼핑몰)"
한식,황골나루,강원특별자치도 춘천시 남면 충효로 1240
통닭(치킨),동내기사식당,강원특별자치도 춘천시 동내면 영서로 1793 (3리)
호프/통닭,용천옛날통닭후평점,"강원특별자치도 춘천시 후석로326번길 13, 102,103호 (후평동, 현대2차아파트상가)"
식육(숯불구이),우레카,"강원특별자치도 춘천시 남춘로5번길 18-6, 1층 (퇴계동)"
식육(숯불구이),장미공원화로숯불구이,강원특별자치도 춘천시 영서로 2550 (근화동)
식육(숯불구이),봉운장,강원특별자치도 춘천시 소양고개길 26 (소양로3가)
한식,히로(hiro),강원특별자치도 춘천시 낙원길 47-2 (낙원동)
한식,공원미가,"강원특별자치도 춘천시 석사길5번길 19, 1층 (석사동)"
호프/통닭,꾸브라꼬숯불치킨,"강원특별자치도 춘천시 후석로 265, 1층 (후평동)"
한식,채가네순대국,"강원특별자치도 춘천시 서부대성로 130, 1층 우측호 (운교동)"
식육(숯불구이),통통도야지,"강원특별자치도 춘천시 안마산로 169-10, 1층 (퇴계동)"
기타,세레니티강촌CC스타트하우스,"강원특별자치도 춘천시 남면 소주고개로 145-14, 세레니티강촌CC 지하1층"
기타,세레니티강촌CC클럽하우스,"강원특별자치도 춘천시 남면 소주고개로 145-14, 세레니티강촌CC"
식육(숯불구이),족발야시장(후평점),"강원특별자치도 춘천시 보안길 77, 1층 101호 (후평동)"
한식,주영이네,강원특별자치도 춘천시 효자로 147 (효자동)
기타,라이키,"강원특별자치도 춘천시 삭주로 33, 1층 (교동)"
식육(숯불구이),마마루스,"강원특별자치도 춘천시 동내면 거두길 276-19, 1층"
식육(숯불구이),신일닭갈비,"강원특별자치도 춘천시 안마산로 169-2, J동 1층 (퇴계동)"
식육(숯불구이),산골닭갈비,강원특별자치도 춘천시 남산면 강촌로 57
한식,해두리치킨후평점,강원특별자치도 춘천시 보안길 60 (후평동)
까페,프로방스,"강원특별자치도 춘천시 보안길 21 (후평동, 2층)"
통닭(치킨),파닭에파무쳐(춘천1호점),강원특별자치도 춘천시 성심로 32 (교동)
중국식,뽕뽕황짬뽕이야,강원특별자치도 춘천시 후석로455번길 53-1 (후평동)
식육(숯불구이),제주옥탑춘천스무숲점,강원특별자치도 춘천시 스무숲1길 38-13 (석사동)
식육(숯불구이),가장맛있는족발,"강원특별자치도 춘천시 동내면 춘천순환로 66, 1층"
호프/통닭,취해,"강원특별자치도 춘천시 보안길 22, 지하1층 (후평동)"
탕류(보신용),배터식당,"강원특별자치도 춘천시 당간지주길 83, 1층 (소양로1가)"
호프/통닭,예인,강원특별자치도 춘천시 남산면 강촌로 30
식육(숯불구이),오필승닭발근화점,강원특별자치도 춘천시 공지로441번길 7 (근화동)
한식,메바우명가춘천막국수,"강원특별자치도 춘천시 당간지주길 76, 1층 (근화동)"
호프/통닭,슈퍼스타,"강원특별자치도 춘천시 서부대성로 227, 지하층 (효자동)"
호프/통닭,태양통닭,"강원특별자치도 춘천시 효제길 3, 2동 1층 (효자동)"
한식,윤일닭갈비,"강원특별자치도 춘천시 효석로 31-1, 1층 (효자동)"
기타,양지뜨락,"강원특별자치도 춘천시 동면 만천양지길 114, 1층"
기타,리퍼블릭,"강원특별자치도 춘천시 동면 춘천순환로 330, 1층"
기타,하루,"강원특별자치도 춘천시 춘천로146번길 8, 1층 (운교동)"
기타,소소오뎅,"강원특별자치도 춘천시 우두1길 79, 1층 (우두동)"
기타,팔호냉삼집거두리점,"강원특별자치도 춘천시 동내면 거두택지길14번길 7, 1층"
호프/통닭,영계치킨 춘천점,"강원특별자치도 춘천시 효평길 97, 1층 (후평동)"
호프/통닭,미스타빈,강원특별자치도 춘천시 애막골길7번길 26-1 (석사동)
한식,광천순대,강원특별자치도 춘천시 동내면 춘천순환로72번길 40-1
통닭(치킨),불타는통닭,"강원특별자치도 춘천시 행촌로 54, 1층 (퇴계동)"
중국식,중원,강원특별자치도 춘천시 동내면 외솔길 49-5
식육(숯불구이),거두정춘천거두리본점,강원특별자치도 춘천시 동내면 춘천순환로 114
중국식,중화촌,"강원특별자치도 춘천시 신북읍 상천3길 32, 1층"
분식,남춘천분식,"강원특별자치도 춘천시 우묵길 26, 1층 (퇴계동)"
호프/통닭,약사천,강원특별자치도 춘천시 약사고개길50번길 4 (약사동)
식육(숯불구이),생삼겹구루,강원특별자치도 춘천시 동내면 춘천순환로94번길 25
횟집,성대수산,"강원특별자치도 춘천시 영서로 2800, 1층 (우두동)"
패밀리레스트랑,(유)아웃백스테이크하우스코리아 춘천점,"강원특별자치도 춘천시 후석로 120, 2층 (석사동)"
호프/통닭,순이네,강원특별자치도 춘천시 우석로79번길 11-4 (석사동)
호프/통닭,교촌치킨퇴계2호점,"강원특별자치도 춘천시 안마산로 199, 1층 110.111호 (퇴계동)"
호프/통닭,코끼리백령골,"강원특별자치도 춘천시 서부대성로 207-1, 지하1층 (효자동)"
호프/통닭,어우러지,강원특별자치도 춘천시 서부대성로 247 (효자동)
한식,원메밀막국수,강원특별자치도 춘천시 춘천로 197 (효자동)
한식,갈비가코앞에,강원특별자치도 춘천시 퇴계로 207-1 (석사동)
탕류(보신용),정자나루,강원특별자치도 춘천시 남산면 한치로 120
분식,큐브트리,"강원특별자치도 춘천시 금강로 76-1, 2층 (조양동)"
기타,루트나인,"강원특별자치도 춘천시 중앙로67번길 13, 지하1층 (조양동)"
일식,전천후횟집,"강원특별자치도 춘천시 우석로79번길 16-21, 1층 (석사동)"
한식,뱃터매운탕,"강원특별자치도 춘천시 영서로 3219, 1층 (신동)"
기타,모리,강원특별자치도 춘천시 효자문길 20 (효자동)
식육(숯불구이),항아리정육식당스무숲점,"강원특별자치도 춘천시 스무숲1길 8-5, 1층 (석사동)"
한식,연화각,"강원특별자치도 춘천시 충혼길52번길 20-23, 1층 (온의동)"
기타,바다가 내손아귀,"강원특별자치도 춘천시 스무숲1길 8-8, 1층 (석사동)"
기타,카페 빈티지,강원특별자치도 춘천시 서면 월송길 661
식육(숯불구이),샵고래,"강원특별자치도 춘천시 백령로 139, 2,3층 (효자동)"
기타,컴포즈커피춘천장학점,"강원특별자치도 춘천시 동면 춘천로449번길 30-1, 1층 102호"
기타,수미상회,"강원특별자치도 춘천시 안마산로 217-1, 한주아파트 상가동 1층 111호 (퇴계동)"
한식,bhc애막골점,"강원특별자치도 춘천시 애막골길3번길 34, 1층 (석사동)"
한식,마당,"강원특별자치도 춘천시 스무숲1길 4-6, 1층 (석사동)"
통닭(치킨),자담치킨(강대점),"강원특별자치도 춘천시 백령로 5, 1층 (효자동)"
한식,강바람식당,강원특별자치도 춘천시 남산면 북한강변길 910-26 (2리)
한식,담온,"강원특별자치도 춘천시 벌말길 62, 1층 (석사동)"
분식,왕만두,"강원특별자치도 춘천시 지석로 80, 2층 271호 (퇴계동, 춘천시너스카펠라복합빌딩)"
기타,미사옥춘천엔타,"강원특별자치도 춘천시 후석로 120, 2층 213호 (석사동)"
식육(숯불구이),한양고깃집춘천한숲시티점,"강원특별자치도 춘천시 안마산로 107-1, 1층 101~103호 (퇴계동)"
한식,정직화벌집삼겹(춘천강원대점),"강원특별자치도 춘천시 서부대성로 167, 1층 (효자동)"
기타,소확행피자춘천광장점,"강원특별자치도 춘천시 전원안길 11-1, 1층 (교동)"
기타,한양마차,"강원특별자치도 춘천시 중앙로 170, 1층 (근화동)"
호프/통닭,남이섬포시즌,강원특별자치도 춘천시 남산면 방하로 487
중국식,려,강원특별자치도 춘천시 동면 순환대로 1154-64
식육(숯불구이),강촌역닭갈비,강원특별자치도 춘천시 남산면 강촌구곡길 54
분식,"(주)이마트춘천점(튀김류,오리엔탈)","강원특별자치도 춘천시 경춘로 2353, 이마트 (온의동)"
한식,아무거나,강원특별자치도 춘천시 벌말길 64 (석사동)
경양식,라라돈까스랜드,강원특별자치도 춘천시 충혼길18번길 10 (퇴계동)
한식,명성식당,"강원특별자치도 춘천시 영서로 2352-12, 풍물시장 5동 1층 8,9호 (온의동)"
한식,춘천옥수한방코다리,강원특별자치도 춘천시 공지로347번길 8 (효자동)
호프/통닭,고목,강원특별자치도 춘천시 남산면 남이섬길 1
호프/통닭,석사왕막걸리,강원특별자치도 춘천시 후석로59번길 16-14 (석사동)
분식,갱스터떡볶이 춘천점,"강원특별자치도 춘천시 동면 춘천로449번길 12, 1층"
한식,(주)이마트춘천점(밥류),"강원특별자치도 춘천시 경춘로 2353, 이마트 (온의동)"
횟집,"(주)이마트춘천점(회,스시코너)","강원특별자치도 춘천시 경춘로 2353, 이마트 (온의동)"
한식,(주)이마트춘천점(구이류),"강원특별자치도 춘천시 경춘로 2353, 이마트 (온의동)"
분식,호로롱김밥,"강원특별자치도 춘천시 백령로 163, 1층 (효자동)"
통닭(치킨),설맥(석사점),"강원특별자치도 춘천시 퇴계로 244, 퇴계(4)주공아파트 상가동 1층 101호 (석사동)"
호프/통닭,연이네만두,강원특별자치도 춘천시 우석로67번길 10 (석사동)
호프/통닭,60계치킨강원춘천강대온의점,"강원특별자치도 춘천시 방송길 77, 1층 1115, 1135호 (온의동, 춘천 센트럴타워 푸르지오)"
호프/통닭,치킨엔,"강원특별자치도 춘천시 스무숲1길 77, 1층 (석사동)"
한식,오늘,"강원특별자치도 춘천시 후석로 415-1, 1층 (후평동)"
"외국음식전문점(인도,태국등)",다오베트남쌀국수,"강원특별자치도 춘천시 중앙로68번길 7, 1층 (낙원동)"
한식,모정푸드,"강원특별자치도 춘천시 충열로16번길 21-20, 1층 (우두동)"
한식,명랑닭갈비,"강원특별자치도 춘천시 금강로62번길 9-1, 2층 (조양동)"
식육(숯불구이),종가염소요리,"강원특별자치도 춘천시 남춘로1번길 26, 1층 (퇴계동)"
한식,유우동,강원특별자치도 춘천시 백령로 127 (효자동)
한식,오복족발타임,"강원특별자치도 춘천시 동부시장길 8 (운교동, 동부시장 82호)"
한식,진수성찬,강원특별자치도 춘천시 후석로45번길 7 (석사동)
기타,바이오카페,"강원특별자치도 춘천시 소양강로 32, BIO-2동 1층 (후평동)"
중국식,차이나객잔,"강원특별자치도 춘천시 칠전서길 38-10, 1층 (칠전동)"
호프/통닭,2피자1치킨상회,"강원특별자치도 춘천시 효석로67번길 20, 1층 (석사동)"
식육(숯불구이),뚝방집,"강원특별자치도 춘천시 신흥길5번길 8-8, 1층 (우두동)"
한식,춘천소바,"강원특별자치도 춘천시 사우로 170-1, 1층 (우두동)"
식육(숯불구이),쭈꾸미한판,"강원특별자치도 춘천시 보안길 59, 1층 (후평동)"
한식,유쾌한연어씨,"강원특별자치도 춘천시 중앙로68번길 12 (낙원동, 춘천관광호텔 1층)"
한식,모퉁이식당,강원특별자치도 춘천시 우석로79번길 11-4 (석사동)
한식,송가네진국닭곰탕,"강원특별자치도 춘천시 춘주로193번길 9, 1층 (퇴계동)"
한식,기쁨이네,"강원특별자치도 춘천시 춘천로296번길 14, 1층 (후평동)"
복어취급,장안집,강원특별자치도 춘천시 서부대성로 104 (조양동)
한식,삼겹천하,강원특별자치도 춘천시 애막골길11번길 18-1 (석사동)
한식,춘천옹심이,"강원특별자치도 춘천시 당간지주길 69 (근화동, 1층)"
한식,신전떡볶이퇴계석사점,"강원특별자치도 춘천시 지석로 75 (석사동, 프라임빌딩 108호)"
기타,노아,"강원특별자치도 춘천시 후만로116번길 34, 1층 (후평동)"
한식,동이맛집,"강원특별자치도 춘천시 스무숲1길 42-6, 1층 (석사동)"
호프/통닭,치킨플러스창촌점,강원특별자치도 춘천시 남산면 한치로 114 (우측)
한식,춘천스카이워크닭갈비막국수,"강원특별자치도 춘천시 영서로 2668-20, 1층 (소양로1가)"
기타,엘로시오,"강원특별자치도 춘천시 칠전동2길 16-19, 1층 (칠전동)"
한식,산채마을,강원특별자치도 춘천시 서면 영서로 3865
한식,능골엄나무토종닭,강원특별자치도 춘천시 서면 경춘로 657-18
한식,호원식당,"강원특별자치도 춘천시 남산면 북한강변길 346, 1층"
식육(숯불구이),킴스닭꼬치,"강원특별자치도 춘천시 후석로 445-2, 1층 (후평동)"
중국식,고구려반점,"강원특별자치도 춘천시 동면 춘천순환로 551, 1층"
통닭(치킨),멕시카나치킨(석사점),강원특별자치도 춘천시 벌말길 105 (석사동)
탕류(보신용),우촌해장국,강원특별자치도 춘천시 영서로 3152 (신동)
한식,황소닭갈비본점,"강원특별자치도 춘천시 안마산로 34-16, 1층 (온의동)"
한식,용앤몽,"강원특별자치도 춘천시 석사길 11, 1층 (석사동, 우측)"
식육(숯불구이),누구나홀딱반한닭 춘천거두점,강원특별자치도 춘천시 동내면 거두택지길 28-1
식육(숯불구이),웍선생,"강원특별자치도 춘천시 후석로462번길 96, 1,2층 (후평동)"
한식,엉터리무한대패춘천점,"강원특별자치도 춘천시 백령로 144 (효자동, ,21-3,63-52(3동))"
한식,한국농어촌공사구내식당,"강원특별자치도 춘천시 사우4길 18, 4층 (우두동, 외1필지)"
한식,썬더치킨애막골점,"강원특별자치도 춘천시 우석로63번길 13, 1층 (석사동)"
한식,방림메밀막국수춘천직영점,"강원특별자치도 춘천시 신샘밭로 226-1, 1층 (신동)"
기타,와이어드커피,"강원특별자치도 춘천시 동내면 순환대로 632, 1층"
식육(숯불구이),춘천농민한우신북점,"강원특별자치도 춘천시 신북읍 신샘밭로 360, 1,2층"
한식,소돈화로,"강원특별자치도 춘천시 행촌로 52, 1층 (퇴계동)"
경양식,퍼블릭초콜래토리(Public Chocolatory),강원특별자치도 춘천시 새롬공원길 15 (석사동)
식육(숯불구이),우리한우,"강원특별자치도 춘천시 칠전동1길 5-8, 1층 (칠전동)"
기타,육경,"강원특별자치도 춘천시 춘주로147번길 13-1, 1층 (퇴계동)"
한식,청평골우리집,강원특별자치도 춘천시 북산면 오봉산길 697
한식,춘하추동,강원특별자치도 춘천시 북산면 오봉산길 697
한식,서정생태탕,"강원특별자치도 춘천시 승지골길13번길 7-4, 1층 (퇴계동)"
식육(숯불구이),술속의밤애막골점,강원특별자치도 춘천시 애막골길11번길 21 (석사동)
중국식,마평루,강원특별자치도 춘천시 사북면 원평길 35
한식,장산골,강원특별자치도 춘천시 서면 박사로 1226-4 (3리)
기타,가미닭갈비,강원특별자치도 춘천시 춘주로187번길 6-1 (퇴계동)
기타,이디야커피춘천순환로DI점,"강원특별자치도 춘천시 동면 춘천순환로 817, 1층"
한식,의암닭갈비,강원특별자치도 춘천시 서면 경춘로 1517-5 (2리)
호프/통닭,bhc온의점,"강원특별자치도 춘천시 스포츠타운길 524, 1층 102호 (온의동)"
기타,남경막국수 가족3,"강원특별자치도 춘천시 신북읍 신샘밭로 702, 2층"
한식,우리순대국,강원특별자치도 춘천시 후석로45번길 15 (석사동)
한식,고탄막국수,강원특별자치도 춘천시 사북면 춘화로 495-2
식육(숯불구이),낭만춘천숯불닭갈비,강원특별자치도 춘천시 낙원길 50 (중앙로2가)
한식,엄마네집칼국수,"강원특별자치도 춘천시 영서로 2352-48, 풍물시장 13동 106호 (온의동)"
기타,트레비어(춘천거두리점),강원특별자치도 춘천시 동내면 거두택지길 63
식육(숯불구이),준섭이네닭갈비,"강원특별자치도 춘천시 신동면 김유정로 1407, 1층"
한식,태봉골막국수,강원특별자치도 춘천시 서면 박사로 771
기타,번쩍피자춘천점,"강원특별자치도 춘천시 백령로 113, 1층 (효자동)"
횟집,박사촌,강원특별자치도 춘천시 서면 삿갓봉길 42
식육(숯불구이),춘천왕족발,"강원특별자치도 춘천시 남춘로36번길 56, 1층 (퇴계동)"
식육(숯불구이),족발야시장&무청감자탕,"강원특별자치도 춘천시 김유정로 1897, 2층 (퇴계동)"
한식,두찜퇴계점,"강원특별자치도 춘천시 춘주로201번길 17, 1층 (퇴계동)"
한식,팔미리손맛낚시터,"강원특별자치도 춘천시 신동면 경춘로 1817, 2층"
한식,홍마라탕양꼬치,"강원특별자치도 춘천시 충혼길20번길 13, 1층 (온의동)"
식육(숯불구이),우성닭갈비본점,강원특별자치도 춘천시 동면 만천양지길 87
기타,카츠탄탄춘천점,"강원특별자치도 춘천시 안마산로 110, 2동 B1층 102호 (퇴계동)"
한식,만천만두국 막국수,"강원특별자치도 춘천시 동면 만천로 187-7, 1층"
통닭(치킨),별미쌈대패,강원특별자치도 춘천시 안마산로 203 (퇴계동)
기타,748커피앤코(coffee&co),강원특별자치도 춘천시 애막골길 19 (석사동)
한식,함부자집,"강원특별자치도 춘천시 춘주로92번길 13 (온의동, 1층)"
기타,신북농협한우프라자,"강원특별자치도 춘천시 동면 춘천순환로 901, 2층 (신북농업협동조합내)"
한식,만나칡냉면,강원특별자치도 춘천시 춘천로44번길 10 (퇴계동)
한식,개코네풍천장어,강원특별자치도 춘천시 보안길 12 (후평동)
한식,샘밭막국수,강원특별자치도 춘천시 신북읍 신샘밭로 644
기타,임가네,"강원특별자치도 춘천시 새롬공원길 25, 1층 (석사동)"
횟집,송암골평창송어춘천점,"강원특별자치도 춘천시 공지로 345, 2층 (효자동, 수협바다마트내)"
식육(숯불구이),대청봉,강원특별자치도 춘천시 금강로62번길 14-1 (조양동)
한식,청정골수로집,강원특별자치도 춘천시 우묵들길 29 (퇴계동)
한식,일산감자탕,강원특별자치도 춘천시 우묵길74번길 20 (퇴계동)
한식,실비식당,"강원특별자치도 춘천시 동부시장길 8, 상가동 90호, 91호 (운교동, 동부시장현대아파트)"
한식,삼악산등선폭포에있는등선집,"강원특별자치도 춘천시 서면 경춘로 1401-21, 1층"
한식,신흥막국수,강원특별자치도 춘천시 상마을1길 36 (퇴계동)
한식,본설렁탕춘천명동점,"강원특별자치도 춘천시 아침길 3, 1층 (조양동)"
기타,수참치,"강원특별자치도 춘천시 우석로79번길 16-26, 1층 (석사동)"
기타,강촌닭갈비삼겹살집,"강원특별자치도 춘천시 남산면 강촌로 113, 1층"
한식,고신,"강원특별자치도 춘천시 공지로 248, 1층 (효자동)"
기타,선미식당,"강원특별자치도 춘천시 성심로47번길 104, 1층 (후평동)"
기타,동네맥주집,"강원특별자치도 춘천시 행촌로 37-1, 1층 (퇴계동)"
기타,행복한마라탕,"강원특별자치도 춘천시 공지로 108, 1층 (석사동)"
기타,전상철갈비탕집,"강원특별자치도 춘천시 스무숲1길 8-10, 1층 (석사동)"
중국식,신짱깨집,"강원특별자치도 춘천시 춘천순환로 46, 1층 (석사동)"
식육(숯불구이),소담송하앤드더나인피크,"강원특별자치도 춘천시 동면 춘천순환로 868, 1~2층"
분식,국수나무춘천장학점,"강원특별자치도 춘천시 동면 춘천로 451-1, 1층"
횟집,희락,"강원특별자치도 춘천시 우석로85번길 20-11, 1층 (석사동)"
분식,33떡볶이앤꼬마김밥온의점,"강원특별자치도 춘천시 스포츠타운길 533, 1층 101호 (온의동)"
한식,만천리상회,"강원특별자치도 춘천시 동면 금베이길 50, 1층"
기타,핸드썸메이드커피로스터스,"강원특별자치도 춘천시 새청말길 23, 103호 (우두동)"
일식,스시니쿠,"강원특별자치도 춘천시 명동길 28, 1층 (중앙로2가)"
한식,춘천숯불동글갈비,"강원특별자치도 춘천시 서부대성로44번길 12-2, 1,2층 (요선동)"
한식,큰맘할매순대국춘천후평점,"강원특별자치도 춘천시 후만로 69, 1층 (후평동)"
기타,까멜리아,"강원특별자치도 춘천시 보안길 36, 상가2동 101호 (후평동, 우미린뉴시티)"
기타,툇골550,강원특별자치도 춘천시 서면 툇골길 550-60
중국식,청궁,"강원특별자치도 춘천시 동내면 동내로 58, 1층"
식육(숯불구이),황토영광장어,강원특별자치도 춘천시 벌말길 100 (석사동)
경양식,솔담경양,"강원특별자치도 춘천시 동내면 사래울1길 92, 1층"
횟집,동해어장,"강원특별자치도 춘천시 우묵길78번길 7, 1층 (퇴계동)"
식육(숯불구이),달빛마당,"강원특별자치도 춘천시 동면 순환대로 1156-20, 지하1~1층"
분식,송촌꼬마김밥,"강원특별자치도 춘천시 스포츠타운길 458, 춘천파크자이 1층 101호 (삼천동)"
한식,돈떵어리,"강원특별자치도 춘천시 동면 사우로 226, 1층"
기타,모퉁이,"강원특별자치도 춘천시 동내면 외솔길19번길 49-28, 1층 101호"
한식,짱구네,"강원특별자치도 춘천시 후석로228번길 47, 상가동 1층 104호 (후평동)"
일식,하루가와스시,"강원특별자치도 춘천시 성심로47번길 93-4, 1층 (후평동)"
호프/통닭,미화네떡볶이,"강원특별자치도 춘천시 서부대성로206번길 15, 1층 (효자동)"
중국식,대동관,"강원특별자치도 춘천시 동면 소양강로 182, 1층"
중국식,동현각,"강원특별자치도 춘천시 영서로 3152, 2층 (신동)"
탕류(보신용),삼우매운탕,강원특별자치도 춘천시 신북읍 율문3길 15
호프/통닭,가마치후평트루엘점,"강원특별자치도 춘천시 백령로 215, 상가2동 1층 102호 (후평동, 춘천일성트루엘더퍼스트아파트)"
호프/통닭,푸라닭춘천신사우점,"강원특별자치도 춘천시 충열로16번길 5-9, 1층 (우두동)"
호프/통닭,비비큐춘천효자점,강원특별자치도 춘천시 백령로 171-1 (효자동)
기타,한량,"강원특별자치도 춘천시 약사고개길46번길 14-16, 2층 (약사동)"
한식,우두소머리국밥,강원특별자치도 춘천시 충열로 258 (우두동)
식육(숯불구이),촌집닭갈비,강원특별자치도 춘천시 남산면 강촌로 68
호프/통닭,메밀치킨,"강원특별자치도 춘천시 동면 후석로326번길 94, 춘천만천엘에이치아파트 상가동 1층 101호"
기타,최가네진순두부,"강원특별자치도 춘천시 남산면 강촌로 327, 1층"
한식,가리미김밥온의점,강원특별자치도 춘천시 영서로2279번길 13 (온의동)
한식,믿을신푸드,"강원특별자치도 춘천시 후석로45번길 22, 1층 (석사동)"
기타,알베로,"강원특별자치도 춘천시 안마산로 169-3, 101호 (퇴계동)"
한식,은혜식당,"강원특별자치도 춘천시 신북읍 신북로 32, 1층"
분식,킹플,"강원특별자치도 춘천시 약사고개길 13, 제일백화점 3층 (죽림동)"
식육(숯불구이),궁채석갈비춘천점,"강원특별자치도 춘천시 후석로 68-1, 2층 (석사동)"
한식,삼포흑염소,강원특별자치도 춘천시 신동면 삼포길 59 (1층)
경양식,오구피자명동점,"강원특별자치도 춘천시 서부대성로44번길 1, 1층 (요선동)"
호프/통닭,자담치킨퇴계한숲점,"강원특별자치도 춘천시 안마산로 131, 한숲시티상가 C동 1층 103호 (퇴계동)"
횟집,맛있는전집,강원특별자치도 춘천시 애막골길3번길 36 (석사동)
까페,플라워카페,강원특별자치도 춘천시 약사고개길 50 (약사동)
한식,재희네,강원특별자치도 춘천시 춘주로187번길 12-1 (퇴계동)
한식,여로부대찌개,강원특별자치도 춘천시 공지로 120-1 (석사동)
분식,품은김밥,"강원특별자치도 춘천시 후석로 68-1, 1층 (석사동)"
한식,별채식당,강원특별자치도 춘천시 삭주로 75 (교동)
탕류(보신용),푸주옥,강원특별자치도 춘천시 우묵들길 37 (퇴계동)
한식,토종암돼지구이,강원특별자치도 춘천시 우묵길 60 (퇴계동)
기타,섬향기,"강원특별자치도 춘천시 남산면 남이섬길 1, 1층 (남이섬내)"
기타,청춘봄봄,"강원특별자치도 춘천시 남춘로 33-1, 1층 (퇴계동)"
호프/통닭,밀두레,"강원특별자치도 춘천시 당간지주길 71-15, 1층 (근화동)"
한식,바다속풍경,"강원특별자치도 춘천시 효자로 119, 1층 (효자동)"
식육(숯불구이),파파닭(숯불)갈비,"강원특별자치도 춘천시 남면 소주고개로 62, 1층"
한식,삼색칼국수,"강원특별자치도 춘천시 벌말길 65-1, 1층 (석사동)"
기타,샘필드,"강원특별자치도 춘천시 신북읍 신샘밭로 646, 1,2층"
한식,수정초,"강원특별자치도 춘천시 충열로16번길 21-6, 1층 (우두동)"
분식,요선동국수옹심이,"강원특별자치도 춘천시 서부대성로44번길 22-1, 1층 좌측상가호 (요선동)"
기타,간이역(퇴계골목역점),"강원특별자치도 춘천시 행촌로32번길 10, 1층 (퇴계동)"
분식,준이네분식,"강원특별자치도 춘천시 후석로186번길 6, 1층 (석사동)"
한식,초가해물찜,"강원특별자치도 춘천시 보안길 95-1 (후평동, 1층)"
식육(숯불구이),달콤한삼겹살,"강원특별자치도 춘천시 퇴계로93번길 8, 1층 101,102호 (퇴계동)"
호프/통닭,석사치킨엔호프,강원특별자치도 춘천시 벌말길 99 (석사동)
한식,옥이네 풍물메밀부침,"강원특별자치도 춘천시 영서로 2352-25, 풍물시장 상가3동 133호 (온의동)"
한식,우담촌,"강원특별자치도 춘천시 안마산로 169-4, 1층 (퇴계동)"
한식,신서방부대찌개,"강원특별자치도 춘천시 영서로 2841-1, 1층 (사농동)"
분식,추억의꼬마김밥,"강원특별자치도 춘천시 금강로 67, 1층 (조양동)"
분식,살루드,"강원특별자치도 춘천시 세실로208번길 7-18, 1층 (후평동)"
한식,뚝배기마을,"강원특별자치도 춘천시 중앙로 5 (중앙로1가, 지하상가 다-49,50호)"
통닭(치킨),꼬꼬비어,강원특별자치도 춘천시 퇴계로77번길 1 (퇴계동)
한식,동부곱창,강원특별자치도 춘천시 춘천로185번길 10 (운교동)
기타,핸디우디,"강원특별자치도 춘천시 동면 춘천순환로 340-20, 1층"
한식,주연네주점,"강원특별자치도 춘천시 서부대성로 144, 1층 (운교동)"
한식,만나순대국,"강원특별자치도 춘천시 동면 만천로 191, 1층"
식육(숯불구이),황대박숯불구이,"강원특별자치도 춘천시 사우벌길 21, 1층 (사농동)"
식육(숯불구이),미소와,강원특별자치도 춘천시 보안길 59 (후평동)
한식,일품칼국수,"강원특별자치도 춘천시 동면 만천로 64, 1층"
한식,육림객잔,강원특별자치도 춘천시 서부대성로 207 (효자동)
식육(숯불구이),소림생고기,"강원특별자치도 춘천시 성심로 49, 1층 (효자동)"
한식,홍두깨장칼국수,"강원특별자치도 춘천시 춘주로147번길 12-4, 1층 (퇴계동)"
한식,향원외갓집손두부,강원특별자치도 춘천시 동면 세실로317번길 3
한식,가리미김밥거두점,강원특별자치도 춘천시 동내면 공지로 70-57
경양식,바우하우스,"강원특별자치도 춘천시 서부대성로43번길 20, 1층 (요선동)"
탕류(보신용),유가네감자탕,"강원특별자치도 춘천시 소양고개길 54, 1층 (요선동)"
한식,백년족발요선점,"강원특별자치도 춘천시 서부대성로 22-1, 1~2층 (소양로2가)"
기타,빽다방춘천명동점,"강원특별자치도 춘천시 중앙로67번길 18, 브라운상가1동 1105호 (죽림동)"
중국식,장은짬뽕,"강원특별자치도 춘천시 동면 춘천로449번길 16-4, 101호"
한식,반달곰,"강원특별자치도 춘천시 후석로 425-1, 1층 (후평동)"
한식,꿀단지,"강원특별자치도 춘천시 동면 춘천로449번길 24-5, 1층"
호프/통닭,푸라닭춘천석사점,강원특별자치도 춘천시 우석로67번길 17 (석사동)
한식,고바우부대찌개,"강원특별자치도 춘천시 삭주로 80 (교동, (지하1층))"
분식,김밥분식,"강원특별자치도 춘천시 후만로 87-1 (후평동, 1층)"
식육(숯불구이),초안마루,"강원특별자치도 춘천시 보안길 22, 1층 (후평동)"
기타,더킹(THE KING),"강원특별자치도 춘천시 중앙로 193, 더잭슨나인스호텔 1층 A102~106호 (근화동)"
식육(숯불구이),딱조아92막창,"강원특별자치도 춘천시 효자로 18, 1층 (퇴계동)"
식육(숯불구이),강원한우타운,"강원특별자치도 춘천시 지석로 11, 별관동 3층 (퇴계동, 춘천축산농협하이록한우타운)"
식육(숯불구이),황제돼지갈비,강원특별자치도 춘천시 동내면 춘천순환로72번길 42
분식,역전당구클럽&푸드,"강원특별자치도 춘천시 우묵길56번길 20, 2층 (퇴계동)"
기타,발바닥애견카페,강원특별자치도 춘천시 동내면 거두길 26
식육(숯불구이),마적산닭갈비,"강원특별자치도 춘천시 미나리길 7-3, 1층 (퇴계동)"
한식,세레니티강촌CC직원식당,"강원특별자치도 춘천시 남면 소주고개로 145-14, 세레니티강촌CC 지하1층"
호프/통닭,후평옛날통닭,"강원특별자치도 춘천시 보안길 36, 상가3동 1층 102호 (후평동, 우미린뉴시티)"
한식,모두의밥상,"강원특별자치도 춘천시 후석로 427-4, 1층 (후평동)"
기타,소풍앤리조트,"강원특별자치도 춘천시 동산면 윗성골길 38-2, 1층"
기타,왓더버거춘천후평점,"강원특별자치도 춘천시 후석로326번길 12, 1층 102호 (후평동)"
호프/통닭,참참치킨호프춘천본점,"강원특별자치도 춘천시 우석로85번길 19-2, 1층 (석사동)"
중국식,식신마라,"강원특별자치도 춘천시 동면 춘천로449번길 26-6, 1층"
기타,차이웍,"강원특별자치도 춘천시 동면 만천로143번길 54, 103호"
호프/통닭,치치,강원특별자치도 춘천시 애막골길11번길 27 (석사동)
호프/통닭,슬기둥,강원특별자치도 춘천시 신북읍 신샘밭로 450
한식,다리골추어탕,강원특별자치도 춘천시 신북읍 신샘밭로 580-8
기타,퇴계집김치말이찜,"강원특별자치도 춘천시 춘주로187번길 20-6, 1층 (퇴계동)"
기타,파이어메이플캠핑장,"강원특별자치도 춘천시 남산면 홍천강변길 476, 1층"
기타,북달달,"강원특별자치도 춘천시 칠전동길 23, 1층 (칠전동)"
분식,주안이네왕만두칠전점,"강원특별자치도 춘천시 칠전서길 5-4, 1층 (칠전동)"
호프/통닭,교촌치킨춘천시청점,"강원특별자치도 춘천시 금강로 24, 1층 (소양로3가)"
기타,크래프트한스온의점,"강원특별자치도 춘천시 춘천로17번길 31, 2층 201호 (온의동, 더스위트캐슬)"
기타,신깡통뒷고기춘천강원대점,강원특별자치도 춘천시 백령로138번길 18 (효자동)
식육(숯불구이),봉수닭갈비,"강원특별자치도 춘천시 서부대성로227번길 3-1, 1층 (효자동)"
한식,서울녹각삼계탕,강원특별자치도 춘천시 효석로 29 (효자동)
기타,에그2000춘천점,"강원특별자치도 춘천시 서부대성로 38, 한신휴플러스아파트상가 1층 101호 (요선동)"
기타,동하관온의점,"강원특별자치도 춘천시 춘천로17번길 31, 1층 101호 (온의동)"
기타,훗(Hoot),"강원특별자치도 춘천시 명동길 51-1, 1층 (죽림동)"
기타,권바우부대찌개,"강원특별자치도 춘천시 보안길 8, 1층 (후평동)"
한식,둥근닭갈비막국수닭보쌈,"강원특별자치도 춘천시 동내면 춘천순환로72번길 54, 1층"
한식,솔향기,"강원특별자치도 춘천시 동산면 종자리로 97-15, 1층"
한식,우리콩손두부,"강원특별자치도 춘천시 동내면 춘천순환로72번길 52, 1층"
기타,라비에벨듄스코스대식당,"강원특별자치도 춘천시 동산면 종자리로 436, 라비에벨 컨트리클럽"
한식,청미래닭갈비,강원특별자치도 춘천시 백령로138번길 53 (효자동)
기타,라비에벨듄스코스14T그늘집식당,"강원특별자치도 춘천시 동산면 종자리로 436, 라비에벨 컨트리클럽"
분식,카페19,"강원특별자치도 춘천시 동내면 거두택지길44번길 7-12, 1층"
김밥(도시락),돼지집,"강원특별자치도 춘천시 춘천로 173, 1층 (운교동)"
기타,라비에벨듄스코스4T그늘집식당,"강원특별자치도 춘천시 동산면 종자리로 436, 라비에벨 컨트리클럽"
분식,순이네분식,"강원특별자치도 춘천시 춘천로296번길 6, 1층 (후평동)"
기타,수옛날통닭한림대점,강원특별자치도 춘천시 삭주로 104 (후평동)
한식,오늘도고기국밥&감자탕,"강원특별자치도 춘천시 남춘천길 12, 1층 (퇴계동)"
일식,산천수산송어회,강원특별자치도 춘천시 신북읍 샘뜨락1길 46 (1리)
식육(숯불구이),왕촌,강원특별자치도 춘천시 신북읍 상천3길 6
탕류(보신용),옛날집,"강원특별자치도 춘천시 충열로 264-4, 1층 (우두동)"
식육(숯불구이),소울림,"강원특별자치도 춘천시 스포츠타운길 344, 1층 (삼천동)"
냉면집,속초회냉면,"강원특별자치도 춘천시 춘천로138번길 13, 1층 (운교동)"
호프/통닭,강대맥주창고,강원특별자치도 춘천시 백령로138번길 35 (효자동)
냉면집,남춘천면옥,"강원특별자치도 춘천시 남산면 김유정로 427-36, 1층"
식육(숯불구이),뚜레,"강원특별자치도 춘천시 동내면 순환대로 643, 가동 1,2층"
한식,생선명가거북명태,"강원특별자치도 춘천시 동내면 거두택지길26번길 9-14, 1층"
식육(숯불구이),김여사네등갈비찜,"강원특별자치도 춘천시 전원길 41-1, 1층 (효자동)"
한식,쫄면주는삼겹본능춘천점,"강원특별자치도 춘천시 둥지길 34, 1층 (효자동)"
한식,동궁찜닭,강원특별자치도 춘천시 스포츠타운길 441-1 (삼천동)
경양식,델모니코스,"강원특별자치도 춘천시 동면 순환대로 1154-106, 1~2층"
경양식,감,"강원특별자치도 춘천시 후석로344번길 27-13, 1층 (후평동)"
호프/통닭,빨강풍차,"강원특별자치도 춘천시 승지골길13번길 7-2 (퇴계동, 1층)"
한식,우물정,강원특별자치도 춘천시 영서로 3016 (사농동)
한식,황씨보쌈,강원특별자치도 춘천시 우석로79번길 16-16 (석사동)
기타,롭앤로비나(LOB&ROBINA),"강원특별자치도 춘천시 동내면 외솔길19번길 80-32, 3층 301호"
일식,마구로참치,"강원특별자치도 춘천시 후석로 326 (후평동, 엠타워빌딩 306호)"
한식,일보식당,강원특별자치도 춘천시 소양고개길 29 (요선동)
중국식,안동반점,"강원특별자치도 춘천시 중앙로 168-1, 1층 (근화동)"
식육(숯불구이),소양강처녀닭갈비막국수,강원특별자치도 춘천시 영서로 2666 (근화동)
분식,미가쭈꾸미,"강원특별자치도 춘천시 애막골길20번길 3, 1층 (석사동)"
기타,본죽(온의점),"강원특별자치도 춘천시 영서로 2313 (온의동, 1층)"
식육(숯불구이),우리집한우,"강원특별자치도 춘천시 동내면 춘천순환로 133, 1층 103,104,105호"
중국식,짬뽕전문점(일환식당),"강원특별자치도 춘천시 영서로2269번길 3, 1층 (퇴계동)"
한식,베어크리크춘천식당,"강원특별자치도 춘천시 신동면 김유정로 730, 1층"
기타,풀문(Full Moon),"강원특별자치도 춘천시 효자로 136, 2층 (효자동)"
중국식,오필승닭발한림대점,"강원특별자치도 춘천시 성심로 4, 1층 (교동)"
식육(숯불구이),공지천왕갈비(애막골점),강원특별자치도 춘천시 애막골길11번길 16 (석사동)
한식,솥뚜껑감자탕,강원특별자치도 춘천시 춘천로44번길 12 (퇴계동)
한식,해밀,"강원특별자치도 춘천시 성심로47번길 62, 1층 (후평동)"
한식,오미리,"강원특별자치도 춘천시 남춘로26번길 14, 1층 (퇴계동)"
한식,영진푸드,강원특별자치도 춘천시 서부대성로 207-2 (효자동)
기타,휴카페,"강원특별자치도 춘천시 남면 충효로 1121, 1층"
경양식,플랩잭팬트리춘천점,"강원특별자치도 춘천시 동내면 거두택지길 93-16, 1층"
호프/통닭,딩고치킨,"강원특별자치도 춘천시 스무숲1길 36-10, 1층 101호 (석사동)"
기타,들꽃,"강원특별자치도 춘천시 효석로9번길 9, 2층 (효자동)"
기타,뚝배기양평해장국 춘천효자점,"강원특별자치도 춘천시 공지로 254, 1층 (효자동)"
기타,두가지딜리버리,"강원특별자치도 춘천시 춘주로91번길 12, 1층 (온의동)"
한식,골목손팥칼국수,"강원특별자치도 춘천시 수풍골길13번길 11-1, 1층 (후평동)"
기타,황금코다리춘천점,"강원특별자치도 춘천시 동면 춘천순환로 709, 2동 1층"
기타,디에스푸드(DS FOOD),"강원특별자치도 춘천시 서부대성로 182-1, 1층 (효자동)"
기타,춘젤라또,"강원특별자치도 춘천시 후석로 304, 1층 106호 (후평동)"
분식,블루 핫,"강원특별자치도 춘천시 신북읍 배후령길 4, 다동 1층"
기타,더조은명가손만두우두점,"강원특별자치도 춘천시 우두1길 100, 116동 115호 (우두동)"
기타,우정가,"강원특별자치도 춘천시 삭주로 94, 동보빌리지 2층 5호 (후평동)"
중국식,요리마을,강원특별자치도 춘천시 동산면 조양길 288
한식,청솔닭갈비,"강원특별자치도 춘천시 안마산로 17 (온의동, 1층)"
한식,두꺼비돼지갈비,강원특별자치도 춘천시 퇴계로146번길 12-10 (퇴계동)
기타,구가네찹쌀탕수육,"강원특별자치도 춘천시 퇴계로145번길 7-11, 1층 (퇴계동)"
기타,바텐더(Bar 10 Der),"강원특별자치도 춘천시 애막골길11번길 2, 1층 (석사동)"
기타,소양가든,"강원특별자치도 춘천시 사우5길 29, 1층 (사농동)"
기타,샤브마니아춘천우두점,"강원특별자치도 춘천시 충열로 153, 2동 1층 (우두동)"
호프/통닭,러스틱컴포트,"강원특별자치도 춘천시 후석로186번길 24-1, 1층 (석사동)"
기타,피자피크춘천점,"강원특별자치도 춘천시 춘천로 254, 1층 (효자동)"
일식,외곽,"강원특별자치도 춘천시 후만로 11, 1층 (효자동)"
호프/통닭,체르니,강원특별자치도 춘천시 춘천로185번길 16-8 (운교동)
한식,꿈드림,"강원특별자치도 춘천시 보안길 5-1, 1층 (후평동)"
한식,닭바우닭갈비,강원특별자치도 춘천시 동내면 거두택지길14번길 2
한식,엠브로돈까스춘천거두점,"강원특별자치도 춘천시 동내면 거두택지길4번길 11, 1층"
한식,담백헌,"강원특별자치도 춘천시 영서로2279번길 25, 1층 (온의동)"
한식,"달구네제육쌈밥,생삼겹","강원특별자치도 춘천시 남면 소주고개로 28, 2층"
한식,밥한그룻정두그릇,"강원특별자치도 춘천시 영서로2452번길 9, 2층 (근화동)"
김밥(도시락),정을담다,"강원특별자치도 춘천시 지석로 85, 1층 104호 (석사동, 강남프라자)"
뷔페식,쿠우쿠우춘천점,"강원특별자치도 춘천시 지석로 80, 지하1층 (퇴계동, 시너스카펠라복합빌딩)"
기타,춘천본가닭갈비,"강원특별자치도 춘천시 금강로62번길 13, 2층 (조양동)"
횟집,우리송어양식장횟집,"강원특별자치도 춘천시 우묵길60번길 26, 1층 (퇴계동)"
한식,골목손두부,강원특별자치도 춘천시 공지로439번길 16-4 (근화동)
식육(숯불구이),참맛,"강원특별자치도 춘천시 충열로16번길 4-1 (우두동, 1층)"
한식,만석식당,"강원특별자치도 춘천시 충열로 70, 1층 (우두동)"
한식,솜다리,"강원특별자치도 춘천시 영서로2753번길 12, 2층 (우두동)"
중국식,백리향,"강원특별자치도 춘천시 신흥길5번길 8-2 (우두동, 1층)"
한식,원조닭똥집,강원특별자치도 춘천시 영서로2756번길 2 (우두동)
한식,샤브향,강원특별자치도 춘천시 동내면 외솔길19번길 64-8
한식,퇴골가든,"강원특별자치도 춘천시 서면 툇골길 353, 1층"
한식,만나돈가스,"강원특별자치도 춘천시 백령로 29, 1층 (효자동)"
한식,러블리숑숑,"강원특별자치도 춘천시 칠전서길 46-63, 1층 (칠전동)"
기타,고향산천,"강원특별자치도 춘천시 후석로379번길 12, 1층 (후평동)"
기타,타코로후평점,"강원특별자치도 춘천시 보안길 19, 2층 (후평동)"
기타,더벤티롯데마트춘천점,"강원특별자치도 춘천시 방송길 84, 롯데마트 1층 (온의동)"
기타,카페자작,"강원특별자치도 춘천시 벌말길 52, 1층 (석사동)"
한식,남촌가든,강원특별자치도 춘천시 남면 충효로 799-34
식육(숯불구이),용권네한우곱창,"강원특별자치도 춘천시 후석로 431, 1층 (후평동)"
횟집,행복반점,강원특별자치도 춘천시 백령로 63 (효자동)
탕류(보신용),안주가춘천애막골점,강원특별자치도 춘천시 애막골길11번길 31 (석사동)
복어취급,충무복집,강원특별자치도 춘천시 동면 소양강로 320
식육(숯불구이),장수소꼬리,강원특별자치도 춘천시 퇴계로93번길 4-7 (퇴계동)
한식,중국집,강원특별자치도 춘천시 동내면 외솔길19번길 56-17
기타,카페하루,"강원특별자치도 춘천시 공지로 314, 1층 (효자동)"
일식,육주,"강원특별자치도 춘천시 우묵들길 5, 2층 (퇴계동)"
한식,광수생각,"강원특별자치도 춘천시 옛경춘로 808, 1층 (삼천동)"
분식,혜리네스넥,강원특별자치도 춘천시 우석로85번길 20-5 (석사동)
탕류(보신용),원조흑염소탕집,강원특별자치도 춘천시 중앙로190번길 41 (근화동)
기타,옐로스톤,"강원특별자치도 춘천시 애막골길3번길 28-1, 1층 (석사동)"
한식,화락바베큐치킨 춘천퇴계점,"강원특별자치도 춘천시 퇴계로 142, 1층 (퇴계동)"
중국식,동산반점,"강원특별자치도 춘천시 동산면 영서로 416-5, 1층"
기타,풍경1961,"강원특별자치도 춘천시 방송길7번길 10, 1층 (중앙로3가)"
식육(숯불구이),한우야,"강원특별자치도 춘천시 안마산로 213, 1층 125호 (퇴계동)"
일식,바다상회,"강원특별자치도 춘천시 동내면 춘천순환로72번길 34-9, 1층"
한식,청춘보쌈,"강원특별자치도 춘천시 서부대성로 232, 1층 (효자동)"
한식,청평해장국,강원특별자치도 춘천시 영서로2753번길 4 (우두동)
식육(숯불구이),춘천농민한우우두점,강원특별자치도 춘천시 충열로 90 (우두동)
한식,자유공간,"강원특별자치도 춘천시 삭주로 136, 1층 103호 (후평동)"
호프/통닭,궁중해물칼국수,강원특별자치도 춘천시 영서로 3053-38 (사농동)
식육(숯불구이),송이네곱창,"강원특별자치도 춘천시 우묵길78번길 20, 1층 5호 (퇴계동)"
식육(숯불구이),명륜춘천소양로점,"강원특별자치도 춘천시 소양로 124, 1층 (소양로2가)"
기타,홀인원,"강원특별자치도 춘천시 옛경춘로 549, 지하1층 (칠전동)"
한식,백년장칼국수,"강원특별자치도 춘천시 동면 만천로143번길 48, 1층 102호"
한식,육회장인,"강원특별자치도 춘천시 효자로 93-1, 1층 (효자동)"
횟집,여울,"강원특별자치도 춘천시 벌말길 62, 1층 (석사동)"
통닭(치킨),또래오래 장학후평점,강원특별자치도 춘천시 삭주로205번길 2 (후평동)
식육(숯불구이),강촌159닭갈비,강원특별자치도 춘천시 남산면 강촌로 159
한식,더기운,강원특별자치도 춘천시 동내면 거두길 18
한식,종로식당,"강원특별자치도 춘천시 아침길 3 (조양동, 지하)"
한식,원터,"강원특별자치도 춘천시 칠전서길 24-3, 1층 (칠전동)"
중국식,강촌명가짬뽕,강원특별자치도 춘천시 남산면 강촌로 80
호프/통닭,호프타임,"강원특별자치도 춘천시 서부대성로 140-1 (운교동, 1층)"
한식,배달연구소,강원특별자치도 춘천시 세실로208번길 7-9 (후평동)
호프/통닭,잭슨빌,강원특별자치도 춘천시 금강로62번길 8 (조양동)
한식,별미얼큰순대국,강원특별자치도 춘천시 동내면 거두택지길 65-3
식육(숯불구이),동대문곱창,강원특별자치도 춘천시 서부대성로48번길 21-1 (요선동)
중국식,창촌반점,강원특별자치도 춘천시 남산면 한치로 86
식육(숯불구이),해온닭갈비,강원특별자치도 춘천시 영서로2279번길 24 (온의동)
한식,굴봉산쉼터,강원특별자치도 춘천시 남산면 서백길 200
한식,약사촌닭갈비,강원특별자치도 춘천시 영서로2279번길 24 (온의동)
일식,바다애참치,"강원특별자치도 춘천시 퇴계로145번길 11-2 (퇴계동, 1층)"
한식,천하풍천민물장어,"강원특별자치도 춘천시 퇴계로77번길 7-16, 1,2층 (퇴계동)"
호프/통닭,불닭발땡초동대문엽기떡볶이춘천강남점,"강원특별자치도 춘천시 영서로 2319 (온의동, 금호@상가 102호)"
김밥(도시락),김밥나라칠전점,"강원특별자치도 춘천시 칠전서길 28-1, 1층 (칠전동)"
호프/통닭,호프앤유,"강원특별자치도 춘천시 영서로2756번길 7, 1층 (우두동)"
기타,륭림닭발1호점,"강원특별자치도 춘천시 서부대성로 212, 3동 1층 (효자동)"
뷔페식,이안테케이터링,"강원특별자치도 춘천시 영서로 2153, 1층 104호 (퇴계동)"
한식,미가동치미막국수,"강원특별자치도 춘천시 돌담길 7, 1층 (효자동)"
한식,동춘당샤브샤브칼국수강촌IC점,"강원특별자치도 춘천시 남면 소주고개로 17-11, 1동 1층"
호프/통닭,레드닥스후평점,"강원특별자치도 춘천시 동광길 12, 1층 (후평동)"
횟집,골목횟집,"강원특별자치도 춘천시 우두3길 13, 1층 (우두동)"
분식,1995아이씨푸드(IC푸드),"강원특별자치도 춘천시 서부대성로44번길 5-2, 1층 (요선동)"
기타,비엔아이미니바(B&I미니바),"강원특별자치도 춘천시 소양강로 10, 2층 203호 (후평동)"
경양식,소문난의정부부대찌개춘천시청점,"강원특별자치도 춘천시 시청길10번길 8, 2층 (조양동)"
호프/통닭,간이역효자역점,"강원특별자치도 춘천시 효자로 87, 2동 1층 (효자동)"
한식,강촌명물탕,강원특별자치도 춘천시 남산면 소주고개로 660-2
경양식,대청마루 춘천점,"강원특별자치도 춘천시 충열로20번길 16 (우두동, 1~2층)"
경양식,돈카돈까(퇴계점),"강원특별자치도 춘천시 퇴계농공로 20, 201호 (석사동, 종로타워)"
한식,니쿠야,"강원특별자치도 춘천시 보안길 25, 1층 (후평동)"
횟집,우주종합어시장,"강원특별자치도 춘천시 춘천로 209, 강원인재개발원 1층 (효자동)"
한식,행복한밥상,"강원특별자치도 춘천시 행촌로32번길 5-5, 지하1층 (퇴계동)"
탕류(보신용),수누리감자탕(춘천점),"강원특별자치도 춘천시 우석로 4, 1층 (석사동)"
통닭(치킨),맛고을통닭,강원특별자치도 춘천시 벌말길 49 (석사동)
일식,이자카야하나,"강원특별자치도 춘천시 보안길 62, 3층 (후평동)"
한식,샘골,"강원특별자치도 춘천시 서면 방동샘골길 35, 1층"
한식,들꽃가든남춘천,강원특별자치도 춘천시 남산면 김유정로 303
기타,카페뜰,"강원특별자치도 춘천시 신동면 김유정로 1720, 1층"
호프/통닭,이서방양념치킨,"강원특별자치도 춘천시 행촌로 14, 상가동 1층 104호 (퇴계동, 현대2차아파트)"
한식,강촌솥뚜껑만난닭엘리시안점,"강원특별자치도 춘천시 남산면 강촌로 395, 1층"
탕류(보신용),길성식당,강원특별자치도 춘천시 명동길29번길 8-7 (죽림동)
한식,터널생고기,강원특별자치도 춘천시 중앙로 28-5 (요선동)
한식,한가네놀랄만두국수,"강원특별자치도 춘천시 춘천로310번길 23, 1층 (후평동)"
한식,길손기사식당,"강원특별자치도 춘천시 공지로 677, 1층 (근화동)"
기타,니뽕내뽕춘천명동점,"강원특별자치도 춘천시 중앙로67번길 18, 2층 2214호 (죽림동, 브라운상가2동)"
횟집,용전횟집,"강원특별자치도 춘천시 서면 삿갓봉길 35, 1층"
호프/통닭,비비큐치킨춘천퇴계점,"강원특별자치도 춘천시 행촌로 59, 1층 (퇴계동)"
한식,예스동태랑(YES!동태랑),"강원특별자치도 춘천시 동면 소양강로 366, 1층"
식육(숯불구이),뜰마루,강원특별자치도 춘천시 남산면 김유정로 1
중국식,기륜각,강원특별자치도 춘천시 서부대성로239번길 29 (효자동)
식육(숯불구이),춘천유명닭갈비,강원특별자치도 춘천시 애막골길11번길 18 (석사동)
한식,향토마을,강원특별자치도 춘천시 후석로59번길 14-22 (석사동)
횟집,좋은초밥,"강원특별자치도 춘천시 후만로 3, 1층 우측상가호 (효자동)"
한식,진사골,"강원특별자치도 춘천시 동내면 춘천순환로 106-6, 1층"
기타,볶덖방,"강원특별자치도 춘천시 후석로393번길 30, 1층 (후평동)"
한식,황토집,"강원특별자치도 춘천시 벌말길 54-1, 1층 (석사동)"
기타,알프하우스,"강원특별자치도 춘천시 남산면 북한강변길 688, 엘리시안 강촌"
한식,굽네치킨온의퇴계점,"강원특별자치도 춘천시 터미널길 18 (온의동, 1층)"
횟집,반마리 닭국수,강원특별자치도 춘천시 애막골길7번길 26 (석사동)
통닭(치킨),원주맛통닭,강원특별자치도 춘천시 효자로 124 (효자동)
분식,은이네,"강원특별자치도 춘천시 백령로 212, 1층 102호 (후평동)"
한식,청화,"강원특별자치도 춘천시 동내면 외솔길19번길 49-14, 1층"
분식,보름달타코야끼,"강원특별자치도 춘천시 서부대성로48번길 4-4, 1층 (요선동)"
한식,강산식당,"강원특별자치도 춘천시 약사고개길 13, 제일백화점 지하1층 14블럭1~8호 (죽림동)"
경양식,래우니(Reawoony),"강원특별자치도 춘천시 애막골길7번길 20-1, 좌측상가호 (석사동)"
기타,모카옌1878,"강원특별자치도 춘천시 중앙로 116, 1층 (소양로4가)"
한식,룡의부활,"강원특별자치도 춘천시 삭주로70번길 26, 1층 (교동)"
기타,미스터봉,"강원특별자치도 춘천시 명동길 3 (조양동, 2층)"
식육(숯불구이),선이네삼다돈,"강원특별자치도 춘천시 공원4길 20-1, 1층 (퇴계동)"
한식,일산식당,강원특별자치도 춘천시 서부대성로44번길 9 (요선동)
기타,와이파이전,강원특별자치도 춘천시 동내면 거두택지길 32 (104호)
기타,주식회사 더존비즈온,"강원특별자치도 춘천시 남산면 버들1길 130, 1층"
분식,옛맛스넥,강원특별자치도 춘천시 명동길 51-2 (죽림동)
탕류(보신용),자미왕갈비해장국,"강원특별자치도 춘천시 스무숲2길 5, 1층 (석사동)"
경양식,그레이존,"강원특별자치도 춘천시 애막골길16번길 16-7, 1층 102호 (석사동)"
한식,전주콩나물국밥장학점,"강원특별자치도 춘천시 동면 춘천로 451, 1층 101.102호"
분식,오복만두,강원특별자치도 춘천시 춘주로 87 (온의동)
한식,삼시세끼,"강원특별자치도 춘천시 춘천로68번길 20, 1층 (효자동)"
까페,강촌리 이백이십육-육(226-6),강원특별자치도 춘천시 남산면 강촌로 57
기타,데일리,"강원특별자치도 춘천시 퇴계로 220-16, 현대아파트 상가동 201호 (석사동)"
한식,우두밥,"강원특별자치도 춘천시 신흥길5번길 5, 1층 (우두동)"
중국식,장호덕손만두,"강원특별자치도 춘천시 후석로 346, 1층 (후평동)"
기타,셰프의연어,"강원특별자치도 춘천시 보안길 23, 1층 (후평동)"
분식,고향스넥,강원특별자치도 춘천시 봉의산길22번길 30-3 (교동)
기타,반게반게,"강원특별자치도 춘천시 스포츠타운길 442, 1층 (삼천동)"
기타,골목횟집,"강원특별자치도 춘천시 춘천로 344-1, 1,2층 (후평동)"
기타,보라시골,"강원특별자치도 춘천시 서면 샛말길 293, 1층"
기타,느린밀,"강원특별자치도 춘천시 동내면 춘천순환로94번길 52, 1,2층"
기타,송비카페,"강원특별자치도 춘천시 약사길 8-2, 1층 103,104호 (약사동)"
기타,커피나인아이엠씨,"강원특별자치도 춘천시 동면 순환대로 1154-112, 1, 2층"
경양식,춘천파스타필라프양식더키친,"강원특별자치도 춘천시 안마산로 110, 지하1층 (퇴계동)"
탕류(보신용),어쩌다감자탕,"강원특별자치도 춘천시 퇴계로145번길 15-5, 1층 (퇴계동)"
한식,모두의부엌 춘천,"강원특별자치도 춘천시 동부시장길 8, 77, 78호 (운교동, 동부시장현대아파트)"
기타,휴게소춘천점,"강원특별자치도 춘천시 서부대성로205번길 4, 1층 (효자동)"
탕류(보신용),나능이능이버섯백숙우두점,"강원특별자치도 춘천시 우두로 147, 1층 (우두동)"
한식,지암산장,강원특별자치도 춘천시 사북면 화악지암1길 151
식육(숯불구이),도깨비밥상,"강원특별자치도 춘천시 두하길 17, 102호 (효자동)"
통닭(치킨),더치킨버켓,"강원특별자치도 춘천시 국사봉길 12, 1호 (퇴계동)"
까페,바바블랙쉽,강원특별자치도 춘천시 퇴계로93번길 20-14 (퇴계동)
중국식,청년반점후평점,강원특별자치도 춘천시 부평길 5 (후평동)
한식,낭만국시,강원특별자치도 춘천시 명동길29번길 3 (죽림동)
한식,비에이치씨치킨춘천동산점,"강원특별자치도 춘천시 동산면 영서로 415, 1층"
일식,유하,"강원특별자치도 춘천시 중앙로67번길 18, 4동 4107호 (죽림동, 브라운가)"
한식,온의주택,"강원특별자치도 춘천시 춘주로92번길 10, 1층 좌측상가호 (온의동)"
한식,자옥이네,"강원특별자치도 춘천시 소양로 184-1, 1층 1호 (소양로1가)"
한식,갯벌의조개춘천장학점,"강원특별자치도 춘천시 동면 춘천로449번길 30-2, 101,102호"
한식,오월학교새둥지,"강원특별자치도 춘천시 약사고개길50번길 10-1, 1층 (약사동)"
한식,호수식당,강원특별자치도 춘천시 북산면 오봉산길 658
한식,요선수다방,강원특별자치도 춘천시 서부대성로48번길 20 (요선동)
한식,산모퉁이,강원특별자치도 춘천시 동면 지내길 123
까페,믹스,"강원특별자치도 춘천시 우묵길56번길 20 (퇴계동, 2층)"
한식,귀한족발,강원특별자치도 춘천시 충열로20번길 8 (우두동)
까페,어반스트릿컨템포러리,강원특별자치도 춘천시 동내면 거두택지길 65-1
기타,춘천장어직판장,"강원특별자치도 춘천시 동면 춘천순환로 432, 1층"
분식,꽃님이분식,"강원특별자치도 춘천시 백령로 188, 1층 2호 (후평동)"
분식,기대만족춘천점,"강원특별자치도 춘천시 서부대성로 225, 1층 (효자동)"
한식,돈가스와우동,"강원특별자치도 춘천시 남산면 한치로 92, 1층"
중국식,개골짬뽕,"강원특별자치도 춘천시 서부대성로 120, 1층 (운교동)"
기타,61,"강원특별자치도 춘천시 남춘로61번길 6, 1층 (효자동)"
식육(숯불구이),애니닭갈비,"강원특별자치도 춘천시 서면 박사로 863, 1,2층"
한식,삼광식당,"강원특별자치도 춘천시 효명길 5, 102호 (효자동)"
탕류(보신용),마산집,강원특별자치도 춘천시 동면 후만로 170
호프/통닭,자담치킨후평점,"강원특별자치도 춘천시 춘천로 270, 1층 (후평동)"
분식,긱스피자춘천점,"강원특별자치도 춘천시 효제길 13, 1층 (효자동)"
한식,방가네소고기국밥춘천퇴계점,"강원특별자치도 춘천시 춘주로187번길 9, 1층 (퇴계동)"
한식,팔도막국수,"강원특별자치도 춘천시 동면 후만로 143, 1층"
식육(숯불구이),은영이네,"강원특별자치도 춘천시 효석로67번길 18, 1층 좌측호 (석사동)"
한식,식감,"강원특별자치도 춘천시 남산면 충효로 108, 1층"
기타,제이제이식당,"강원특별자치도 춘천시 서부대성로 221, 2층 (효자동)"
호프/통닭,지젤,"강원특별자치도 춘천시 백령로138번길 25, 1,2층 (효자동)"
기타,춘천로81,"강원특별자치도 춘천시 춘천로81번길 13-1, 1층 (약사동)"
기타,센트럴,"강원특별자치도 춘천시 공지로 448-1, 3층 (근화동)"
식육(숯불구이),명동일번지닭갈비,"강원특별자치도 춘천시 금강로62번길 7 (조양동, 외8필지)"
한식,소양강다슬기전문점,강원특별자치도 춘천시 시청길12번길 17-5 (조양동)
호프/통닭,이쁜이 소주방,"강원특별자치도 춘천시 효자로 142, 2동 (효자동)"
한식,이모네칼국수,"강원특별자치도 춘천시 스무숲1길 4-18, 1층 (석사동)"
한식,얌샘김밥춘천하이테크타워점,"강원특별자치도 춘천시 후석로420번길 7, 춘천하이테크타워 A동 1층 105, 106호 (후평동)"
한식,옛날시골밥상,"강원특별자치도 춘천시 후만로116번길 8, 1층 (후평동)"
기타,샵샵,"강원특별자치도 춘천시 중앙로67번길 18, 3동 1층 3102호 (죽림동, 브라운가)"
기타,몬스터오리,"강원특별자치도 춘천시 약사고개길 13, 제일백화점,14동 4,5호, 15동 10호 (죽림동)"
기타,블루몽크,"강원특별자치도 춘천시 서부대성로43번길 21, 2층 (봉의동)"
한식,학곡다슬기장칼국수,"강원특별자치도 춘천시 동내면 거두택지길26번길 32-1, 1층"
한식,윤실식당,"강원특별자치도 춘천시 근화길15번길 23, 1층 101호 (근화동)"
기타,예와생스튜디오카페,강원특별자치도 춘천시 동면 가산로 186-5
한식,거두리박대감,"강원특별자치도 춘천시 동내면 춘천순환로72번길 41, 1층"
한식,서민막국수춘천점,"강원특별자치도 춘천시 우두1길 63, 1층 (우두동)"
한식,순수푸드딜리버리,"강원특별자치도 춘천시 춘천로204번길 56, 1층 (효자동)"
한식,올미옻닭집,"강원특별자치도 춘천시 신동로 64-22, 1층 (신동)"
기타,나비야,강원특별자치도 춘천시 서면 툇골길 15
중국식,금두수제훈둔,"강원특별자치도 춘천시 백령로 53-1, 1층 101호 (효자동)"
식육(숯불구이),한잔해,강원특별자치도 춘천시 동내면 거두택지길4번길 11-19
기타,롤링파스타춘천명동점,"강원특별자치도 춘천시 명동길 2-1, 2층 (중앙로2가)"
분식,우두마차,"강원특별자치도 춘천시 충열로 20, 1층 102호 (우두동)"
일식,하에르화랑,"강원특별자치도 춘천시 동내면 거두택지길4번길 11-15, 1층"
기타,최가네해장국본점,"강원특별자치도 춘천시 영서로 2668-16, 1층 (소양로1가)"
중국식,해물화짬뽕,"강원특별자치도 춘천시 춘천로 287, 1층 (후평동)"
식육(숯불구이),동대문곱창,"강원특별자치도 춘천시 춘천로296번길 15, 1층 좌측상가호 (후평동)"
기타,카페롭(LOB),"강원특별자치도 춘천시 남면 소주고개로 181-14, 1,2층"
기타,일신온열찜질카페,"강원특별자치도 춘천시 영서로 2793, 2층 (우두동, 두미르마을)"
한식,큰손양대창곱창구이,"강원특별자치도 춘천시 스무숲1길 74, 1층 (석사동)"
한식,전주오리집,강원특별자치도 춘천시 서면 툇골길 232-7
기타,마실자리,"강원특별자치도 춘천시 동내면 거두택지길 8-1, 1층"
식육(숯불구이),화신매운갈비찜,강원특별자치도 춘천시 동내면 거두택지길14번길 5
한식,칠전부대찌개,강원특별자치도 춘천시 칠전동길 35 (칠전동)
한식,조부자매운순대가춘천점,"강원특별자치도 춘천시 솟발1길 4-75, 103호 (퇴계동)"
한식,광장집,"강원특별자치도 춘천시 서부대성로 122, 1층 (운교동)"
호프/통닭,포대인대구막창,"강원특별자치도 춘천시 우두6길 5, 105호 (우두동)"
기타,토끼굴뮤직타운,"강원특별자치도 춘천시 효자로 146, 4층 (효자동)"
기타,명륜진사갈비거두사거리점,"강원특별자치도 춘천시 동내면 춘천순환로 61, 1층"
통닭(치킨),이경규돈치킨(거두점),강원특별자치도 춘천시 동내면 춘천순환로72번길 38
한식,곰소젓갈밥상,"강원특별자치도 춘천시 닥나무길 17, 1층 (효자동)"
중국식,초원가거두리점,"강원특별자치도 춘천시 동내면 거두택지길 39, 2층"
식육(숯불구이),왁자지껄뒷고기집,"강원특별자치도 춘천시 후석로 281-1, 1층 (후평동)"
분식,후떡볶이,"강원특별자치도 춘천시 서부대성로 239, 1층 (효자동)"
탕류(보신용),김가네왕갈비탕,"강원특별자치도 춘천시 남산면 서백길 79-6, 1층"
한식,찬수보쌈,강원특별자치도 춘천시 영서로 2313 (온의동)
식육(숯불구이),유미닭갈비,강원특별자치도 춘천시 금강로62번길 12 (조양동)
분식,장모집,강원특별자치도 춘천시 영서로 2352-20 (온의동)
기타,피제이,"강원특별자치도 춘천시 후석로45번길 33, 지하1층 (석사동)"
한식,온기력장어,"강원특별자치도 춘천시 신동면 김유정로 1622, 1층"
기타,비어하우스,"강원특별자치도 춘천시 후석로46번길 7, 1층 우측상가호 (석사동)"
한식,청해생선전문점,강원특별자치도 춘천시 동면 만천로 147-1
분식,딜리버리프렌즈,"강원특별자치도 춘천시 삭주로 32, 1층 (교동)"
중국식,손차이,"강원특별자치도 춘천시 퇴계농공로 20, 종로타워 1층 106호 (석사동)"
한식,주식회사이찬,"강원특별자치도 춘천시 동면 소양강로 409, 1층"
호프/통닭,호반기사식당,강원특별자치도 춘천시 우묵길70번길 7 (퇴계동)
한식,효자누룽지백숙,"강원특별자치도 춘천시 효자문길19번길 1-2, 1층 (효자동)"
기타,태양부양꼬치거두직영점,"강원특별자치도 춘천시 동내면 춘천순환로116번길 7, 1층"
기타,쿠잉(Cafe cooing),"강원특별자치도 춘천시 칠전서길 13, 1층 (칠전동)"
기타,국밥참맛있는집춘천퇴계점,"강원특별자치도 춘천시 춘주로187번길 9, 1층 (퇴계동)"
분식,오니김밥,"강원특별자치도 춘천시 충혼길34번길 9, 1층 (온의동)"
한식,산골콩손두부,강원특별자치도 춘천시 동면 만천로143번길 54
일식,황금어장,"강원특별자치도 춘천시 애막골길11번길 31-1, 1층 (석사동)"
한식,맷돌막국수,"강원특별자치도 춘천시 칠전동1길 6, 1층 (칠전동)"
한식,소담한줄,"강원특별자치도 춘천시 충열로 18, 1층 (우두동)"
한식,딜리버리춘천점,"강원특별자치도 춘천시 성심로 5, 1층 (교동)"
기타,네이처푸드테라스,"강원특별자치도 춘천시 남산면 충효로 437, 1층"
기타,부추집본가,"강원특별자치도 춘천시 후석로 284, 1층 (후평동)"
중국식,천미향,"강원특별자치도 춘천시 사우로 113-15, 1층 (우두동)"
기타,해성장어,"강원특별자치도 춘천시 남산면 강촌구곡길 218, 1층"
식육(숯불구이),고기왕김육즙,"강원특별자치도 춘천시 남춘로5번길 16, 1층 (퇴계동)"
한식,성심식당,강원특별자치도 춘천시 남춘로 57 (효자동)
한식,마을집,강원특별자치도 춘천시 성심로 64 (효자동)
한식,강촌해장국후평점,"강원특별자치도 춘천시 후석로462번길 81, 1층 (후평동)"
기타,피자꾼춘천점,"강원특별자치도 춘천시 후석로 269-1, 1층 (후평동)"
기타,카페올리브,"강원특별자치도 춘천시 효자로 72-1, 1층 (효자동, 성무빌)"
기타,분덕스,"강원특별자치도 춘천시 남산면 충효로 94, 1층"
한식,김가네가마솥순대국,"강원특별자치도 춘천시 남산면 한치로 106, 1층"
호프/통닭,운교동호프,강원특별자치도 춘천시 동부시장길 8-4 (운교동)
분식,해바라기,"강원특별자치도 춘천시 전원길 1, 1층 (운교동)"
탕류(보신용),복대복소한마리곰탕,"강원특별자치도 춘천시 신북읍 신샘밭로 388-5, 1층"
식육(숯불구이),다릿골소나무,"강원특별자치도 춘천시 우석로79번길 4-1 (석사동, 1층 좌측)"
중국식,마라쿵푸,"강원특별자치도 춘천시 방송길 100, 2층 (온의동)"
식육(숯불구이),봉봉닭갈비막국수,"강원특별자치도 춘천시 동내면 거두택지길4번길 9, 1층"
분식,아리랑떡볶이,강원특별자치도 춘천시 후석로46번길 20 (석사동)
식육(숯불구이),원조중앙닭갈비,강원특별자치도 춘천시 남산면 강촌로 112
경양식,진스키친,"강원특별자치도 춘천시 삭주로 55-1, 1층 (교동)"
기타,핵밥 춘천 장학점,"강원특별자치도 춘천시 동면 춘천로449번길 16-2, 1층"
기타,카페WLCM,"강원특별자치도 춘천시 공지로 255, 1층 (효자동)"
한식,임사부국밥&냉면,"강원특별자치도 춘천시 영서로 2918, 현대아파트 207호 (사농동)"
기타,꼬꼬닭발,"강원특별자치도 춘천시 사우로 46, 1층 우측호 (사농동)"
식육(숯불구이),앞마당숯불갈비,"강원특별자치도 춘천시 효자로14번길 12-20, 1층 (퇴계동)"
한식,백령밥집,"강원특별자치도 춘천시 백령로 180, 1층 가운데상가호 (후평동)"
분식,봉실스넥2,"강원특별자치도 춘천시 서부대성로239번길 8, 3동 (효자동)"
통닭(치킨),맥시칸양념치킨신북점,강원특별자치도 춘천시 신북읍 율문3길 25 (1리)
한식,한우마을,강원특별자치도 춘천시 동면 만천로 173
호프/통닭,포차이태원,"강원특별자치도 춘천시 보안길 12-1 (후평동, 1층)"
김밥(도시락),김밥천국,강원특별자치도 춘천시 춘천로 191 (운교동)
기타,펍앤바449st,"강원특별자치도 춘천시 동면 춘천로449번길 14, 1층"
식육(숯불구이),돈돈,"강원특별자치도 춘천시 남춘천길 31, 1층 (퇴계동)"
중국식,라사천,"강원특별자치도 춘천시 효자로 115, 1층 (효자동)"
한식,세경옛날순대국,"강원특별자치도 춘천시 삭주로 125, 1동 (후평동)"
호프/통닭,화톳불,강원특별자치도 춘천시 세실로192번길 6 (후평동)
중국식,신해물뚝배기짬뽕,"강원특별자치도 춘천시 춘천로 414-1, 1층 (후평동)"
한식,요리가,"강원특별자치도 춘천시 서부대성로 12, 지하1층 48호 (소양로2가, 신동아아파트)"
기타,백일칼국수춘천우두점,"강원특별자치도 춘천시 충열로7번길 24, 1층 (우두동)"
기타,인올아웃커피,"강원특별자치도 춘천시 신북읍 신샘밭로 859, 지하 1층"
기타,베이크베니,"강원특별자치도 춘천시 춘주로147번길 9, 1층 (퇴계동)"
식육(숯불구이),춘천냉면(금계),강원특별자치도 춘천시 우석로 19-1 (석사동)
한식,봄내가든,강원특별자치도 춘천시 서면 덕두원길 16-3
경양식,엠브로돈까스춘천후평점,"강원특별자치도 춘천시 보안길 51, 1층 (후평동)"
한식,솔솥춘천점,"강원특별자치도 춘천시 퇴계로 47, 1층 101호 (퇴계동)"
식육(숯불구이),꼬들집,"강원특별자치도 춘천시 국사봉길 12, 1층 (퇴계동)"
한식,광식,"강원특별자치도 춘천시 퇴계로93번길 8, 1층 (퇴계동)"
기타,해두리치킨 명동점,"강원특별자치도 춘천시 서부대성로 38, 111동 1층 102호 (요선동, 한신아파트상가)"
한식,옻나무집,"강원특별자치도 춘천시 동산면 새술막길 684, 1층"
한식,평천식당,"강원특별자치도 춘천시 남산면 서백길 36, 1층"
기타,아글라오네마,"강원특별자치도 춘천시 춘천로282번길 15, 1층 (후평동)"
한식,양지말,"강원특별자치도 춘천시 서면 방동2길 90, 가동, 나동 1층"
한식,촌닭집,"강원특별자치도 춘천시 동면 춘천순환로 840, 1층"
통닭(치킨),교촌치킨신사우동점,"강원특별자치도 춘천시 영서로 2767, 1층 (우두동)"
기타,우드바이브스와히어리,"강원특별자치도 춘천시 신동면 풍류1길 88, 1층"
한식,이음유통,"강원특별자치도 춘천시 삭주로 124, 1층 101호 (후평동)"
한식,콩쥐네순두부,"강원특별자치도 춘천시 성심로47번길 59-4, 1동 (후평동)"
기타,육회바른연어춘천한숲시티점,"강원특별자치도 춘천시 안마산로 113, e편한세상 춘천 한숲시티 상가비동 1층 B2-106호 (퇴계동)"
한식,반마리닭국수(후평점),"강원특별자치도 춘천시 후석로 374, 1층 (후평동)"
기타,따봉곱창순대,"강원특별자치도 춘천시 공지로 111, 1층 107호 (석사동, 석사신우아파트)"
한식,임부택감자탕해장국,"강원특별자치도 춘천시 충열로16번길 8, 1층 (우두동)"
기타,카페프리비아(cafe PRIVIA),강원특별자치도 춘천시 효자로 147 (효자동)
한식,황가네생선나라,"강원특별자치도 춘천시 동면 금촌로 394, 1층"
분식,김투더밥(김 to the 밥),"강원특별자치도 춘천시 퇴계로93번길 8, 1층 107호 (퇴계동)"
한식,우이락춘천후평점,"강원특별자치도 춘천시 후석로 273, 1층 (후평동)"
한식,시간속의자유,강원특별자치도 춘천시 중앙로 182 (근화동)
중국식,동춘관,강원특별자치도 춘천시 춘천로282번길 4 (후평동)
한식,꿀돼지김치찌개,"강원특별자치도 춘천시 동내면 거두택지길14번길 33, 1층"
한식,엄마손맛,"강원특별자치도 춘천시 춘천로185번길 6-6, 1층 (운교동)"
한식,산골감자탕,"강원특별자치도 춘천시 퇴계공단길 49-7, J동 (퇴계동)"
한식,아침밥상,강원특별자치도 춘천시 후석로393번길 27-1 (후평동)
한식,스프링베일리조트,"강원특별자치도 춘천시 동면 금베이길 93-27, 1층"
한식,황골막국수,강원특별자치도 춘천시 백령로 217-16 (후평동)
한식,이가네맛집,강원특별자치도 춘천시 후만로116번길 9 (후평동)
호프/통닭,수옛날통닭우두점,"강원특별자치도 춘천시 영서로 2775, 1층 (우두동)"
일식,연미당,"강원특별자치도 춘천시 동내면 외솔길19번길 69, 1층 102호"
한식,낙원한우,"강원특별자치도 춘천시 서부대성로 122, 1층 (운교동)"
한식,아바이순대국,강원특별자치도 춘천시 삭주로 82 (교동)
한식,강촌토종닭갈비,강원특별자치도 춘천시 남산면 강촌로 97
통닭(치킨),비에이치씨춘천퇴계사랑점,"강원특별자치도 춘천시 행촌로 28, 1층 (퇴계동)"
한식,율문리(후평동2호점),강원특별자치도 춘천시 신북읍 율문길 54
한식,북촌손만두춘천한림대점,"강원특별자치도 춘천시 삭주로 100, 1층 (후평동)"
기타,원(ONE),강원특별자치도 춘천시 백령로138번길 17 (효자동)
한식,로칼춘천점,"강원특별자치도 춘천시 효자로150번길 23, 1층 (효자동)"
기타,콩스키친,"강원특별자치도 춘천시 춘천로185번길 15, 1층 (운교동)"
중국식,마라깨비마라탕&마라샹궈춘천점,"강원특별자치도 춘천시 서부대성로 178, 1층 (효자동)"
한식,백종원의원조쌈밥집춘천석사점,강원특별자치도 춘천시 퇴계농공로 14 (석사동)
탕류(보신용),욜로미미사양꼬치냉면,강원특별자치도 춘천시 동내면 춘천순환로72번길 52-1
기타,라토피아(La Topia),"강원특별자치도 춘천시 영서로 2571, B,D동 1층 (근화동)"
기타,해피다이너,"강원특별자치도 춘천시 신북읍 율문길 62, 1층"
식육(숯불구이),서산할매묵은지김치찜춘천점,"강원특별자치도 춘천시 행촌로32번길 5-24, 1층 (퇴계동)"
한식,정족리곤드레밥집,"강원특별자치도 춘천시 신동면 정족길 215, 1층"
기타,바오밥나무는그리움이래,"강원특별자치도 춘천시 서부대성로44번길 10-22, 1층 우측호 (요선동)"
한식,꾸석지돌판한우온의점,"강원특별자치도 춘천시 영서로 2333, 1층 (온의동)"
기타,감동피자춘천명동점,"강원특별자치도 춘천시 중앙로77번길 33, 1층 (죽림동)"
기타,따끈상회,"강원특별자치도 춘천시 후석로 120, A동 1층 (석사동)"
한식,티하우스블름,"강원특별자치도 춘천시 후석로441번길 6, 1층 (후평동)"
분식,불닭발동대문엽기떡볶이석사점,"강원특별자치도 춘천시 퇴계농공로 11, 2층 203호 (석사동, 스타플러스빌딩)"
식육(숯불구이),나눔화로숯불구이,강원특별자치도 춘천시 춘천로114번길 51 (효자동)
"외국음식전문점(인도,태국등)",우즈만UZMAN,"강원특별자치도 춘천시 효제길37번길 3, 1층 (효자동)"
경양식,아재돈까스우두점,"강원특별자치도 춘천시 충열로67번길 11, 1층 (우두동)"
기타,태평소우두점,"강원특별자치도 춘천시 마장길 71-8, 1층 (사농동)"
한식,우이락춘천퇴계점,"강원특별자치도 춘천시 효자로 10, 1층 (퇴계동)"
기타,콘파티,"강원특별자치도 춘천시 춘천로310번길 26, 1층 (후평동)"
경양식,덕수파스타춘천퇴계점,강원특별자치도 춘천시 안마산로 112-5 (퇴계동)
중국식,지중해,"강원특별자치도 춘천시 동면 가산로 93, 1층"
식육(숯불구이),종가숯불닭갈비,"강원특별자치도 춘천시 충혼길8번길 2, 2동 1층 우측상가호 (퇴계동)"
분식,토종한우곱창,강원특별자치도 춘천시 중앙로107번길 13 (중앙로3가)
분식,원조짱구,"강원특별자치도 춘천시 안마산로 207, 1층 (퇴계동)"
탕류(보신용),호반한우소갈비살,"강원특별자치도 춘천시 남춘로36번길 69, 1층 (퇴계동)"
한식,정현도토리임자탕,강원특별자치도 춘천시 동내면 거두택지길26번길 3
한식,해신탕능이마을,"강원특별자치도 춘천시 영서로 2508, 1층 (근화동)"
식육(숯불구이),거두리가보자순대국,강원특별자치도 춘천시 동내면 춘천순환로94번길 25
기타,언니네뒷고기,"강원특별자치도 춘천시 보안길 71, 1층 (후평동)"
기타,깻잎두마리치킨,"강원특별자치도 춘천시 삭주로193번길 1, 1층 (후평동)"
기타,도스마스강대점,"강원특별자치도 춘천시 백령로25번길 2, 1층 (효자동)"
중국식,청년반점,"강원특별자치도 춘천시 행촌로 55-2, 1층 (퇴계동)"
횟집,활어당거두점,"강원특별자치도 춘천시 동내면 춘천순환로 118, 1층"
기타,플로리나(Florina),"강원특별자치도 춘천시 부안길6번길 33, 1층 (후평동)"
한식,원유통슈퍼키친퇴계점,"강원특별자치도 춘천시 춘주로 162, 상가동 1층 106호 (퇴계동, 퇴계현대1차아파트)"
한식,진주밥상,"강원특별자치도 춘천시 삭주로80번길 4, 1층 (교동)"
한식,전주식콩나물국밥시루향기,강원특별자치도 춘천시 동내면 영서로 1769
식육(숯불구이),봄내족발,강원특별자치도 춘천시 공지로431번길 7 (근화동)
식육(숯불구이),학곡리막국수닭갈비,"강원특별자치도 춘천시 공지로 29, 1층 (석사동)"
한식,조부자순대국(강대점),강원특별자치도 춘천시 서부대성로227번길 4 (효자동)
까페,산타아나,"강원특별자치도 춘천시 동내면 거두택지길 46, 1층"
통닭(치킨),맘스터치강촌점,"강원특별자치도 춘천시 남산면 강촌로 82, 1층"
분식,불닭발땡초동대문엽기떡볶이춘천후평점,"강원특별자치도 춘천시 춘천로 305, 1층 좌측상가호 (후평동)"
기타,강가,"강원특별자치도 춘천시 영서로2753번길 18, 1층 (우두동)"
기타,천하치킨,"강원특별자치도 춘천시 서부대성로 12, 1층 128호 (소양로2가, 신동아아파트)"
한식,킹왕짱쪽갈비,"강원특별자치도 춘천시 동내면 거두택지길4번길 11-16, 1층"
기타,스마일커피,"강원특별자치도 춘천시 공지로 603-10, 1층,2층 (근화동)"
한식,그랑셰프(클럽하우스),강원특별자치도 춘천시 남산면 북한강변길 688
한식,그늘집(레이크스타트하우스),강원특별자치도 춘천시 남산면 북한강변길 688
한식,풍년식당,"강원특별자치도 춘천시 새롬공원길 21-1, 1층 (석사동)"
한식,탑골가든,강원특별자치도 춘천시 남산면 김유정로 427-12
중국식,도원뚝배기짬뽕,강원특별자치도 춘천시 남산면 강촌로 128
호프/통닭,타임,"강원특별자치도 춘천시 후석로 263 (후평동, 2층)"
한식,미나네,강원특별자치도 춘천시 춘천로310번길 35 (후평동)
통닭(치킨),림스치킨춘천1호점,강원특별자치도 춘천시 후석로 251-1 (후평동)
한식,정가네,"강원특별자치도 춘천시 동내면 동내로 284-3, 1층"
한식,골목해장국,강원특별자치도 춘천시 후석로326번길 11-7 (후평동)
한식,돼지두마리,강원특별자치도 춘천시 대양당길 5 (후평동)
한식,평화불고기,강원특별자치도 춘천시 보안길 50 (후평동)
횟집,마지막회,"강원특별자치도 춘천시 동내면 거두택지길26번길 9-12, 1층"
기타,퇴계로93,강원특별자치도 춘천시 퇴계로93번길 4-5 (퇴계동)
기타,피맥하우스춘천점,강원특별자치도 춘천시 우묵길70번길 21 (퇴계동)
한식,고향엄마네손맛,"강원특별자치도 춘천시 전원길 1, 1층 (운교동)"
기타,진가네왕족발,"강원특별자치도 춘천시 춘천로138번길 29-1, 1층 (운교동)"
기타,훈연고기,"강원특별자치도 춘천시 춘천로281번길 1, 1층 (후평동)"
호프/통닭,기영이 숯불두마리치킨 춘천퇴계점,"강원특별자치도 춘천시 승지골길16번길 50, 퇴계8단지주공아파트상가 1층 102호 (퇴계동)"
기타,넘버25호텔남춘천점,"강원특별자치도 춘천시 효석로9번길 17, 1층 (효자동)"
한식,라스트춘선춘천점,"강원특별자치도 춘천시 보안길 19, 2층 202호 (후평동)"
한식,아줌마숯불갈비,"강원특별자치도 춘천시 춘천로 311, 1동 1층 (후평동)"
한식,국시집,"강원특별자치도 춘천시 명동길29번길 4-26, 1층 (죽림동)"
분식,충무김밥나라,"강원특별자치도 춘천시 터미널길 16 (온의동, 1층)"
기타,한상가득거두점,"강원특별자치도 춘천시 동내면 거두택지길26번길 18, 1층"
한식,산골손칼국수,강원특별자치도 춘천시 효석로77번길 15 (석사동)
한식,만점,"강원특별자치도 춘천시 퇴계로93번길 20-29, 1층 (퇴계동)"
기타,카페오픈,"강원특별자치도 춘천시 중앙로 36-1, 1층 (요선동)"
한식,봉의소뼈해장국,"강원특별자치도 춘천시 후석로 367-1, 1층 (후평동)"
중국식,골드차이나,"강원특별자치도 춘천시 퇴계로145번길 3-4, 1층 (퇴계동)"
분식,낭만국시별관2호점,"강원특별자치도 춘천시 명동길29번길 2-1, 1층 (죽림동)"
기타,향온테라스,"강원특별자치도 춘천시 사북면 솔바우길 142-17, 1층"
한식,울산생아구찜,"강원특별자치도 춘천시 스무숲4길 14, 1층 (석사동)"
한식,담청,"강원특별자치도 춘천시 동내면 거두길 22, 1층"
한식,이창훈가마솥곰탕,"강원특별자치도 춘천시 옛경춘로 471, 1층 (칠전동)"
한식,부원작은별관,"강원특별자치도 춘천시 김유정로 1852-5, 1층 (퇴계동)"
기타,보니타샌드위치,"강원특별자치도 춘천시 전원길 28, 1층 (효자동)"
한식,참맛부흥닭갈비,강원특별자치도 춘천시 백령로138번길 13 (효자동)
한식,야화혼술바춘천점,"강원특별자치도 춘천시 보안길 20, 1층 (후평동)"
식육(숯불구이),고대장고기식단춘천점,"강원특별자치도 춘천시 후석로250번길 23, 1층 (후평동)"
기타,인터스텔라일마래,"강원특별자치도 춘천시 남면 소주고개로 236-23, 주1동 지하1층"
김밥(도시락),코끼리김밥,"강원특별자치도 춘천시 후석로46번길 23, 1층 (석사동)"
횟집,회양횟집셋째네,"강원특별자치도 춘천시 김유정로 1852-35, 1층 전면우측호 (퇴계동)"
기타,커피홀의암스카이워크점,"강원특별자치도 춘천시 옛경춘로 253-22, 1, 2층 (칠전동)"
한식,춘월집,"강원특별자치도 춘천시 방송길36번길 20, 1호 (근화동)"
한식,서부보리밥,"강원특별자치도 춘천시 금강로13번길 30, 1층 (소양로2가)"
한식,마운틴,강원특별자치도 춘천시 동산면 새술막길 438
한식,맛있는생선요리집,"강원특별자치도 춘천시 보안길 41, 1층 (후평동)"
한식,진초방,강원특별자치도 춘천시 영서로 2847-6 (사농동)
통닭(치킨),멕시칸치킨만천점,강원특별자치도 춘천시 동광길 10 (후평동)
한식,토우빈대떡,"강원특별자치도 춘천시 후석로 361, 1층 (후평동)"
한식,사유식당,"강원특별자치도 춘천시 서부대성로 87, 2층 (조양동)"
한식,9우미닭갈비,강원특별자치도 춘천시 삭주로 116 (후평동)
중국식,중화요리 궁,강원특별자치도 춘천시 충열로 70-1 (우두동)
한식,시민닭갈비,강원특별자치도 춘천시 벌말길 92 (석사동)
한식,소양강숯불오리,강원특별자치도 춘천시 효명길 7-2 (효자동)
중국식,룽타우,"강원특별자치도 춘천시 효제길 1, 1층 (효자동)"
한식,오봉식당,강원특별자치도 춘천시 북산면 오봉산길 697
한식,소양강휴게소,"강원특별자치도 춘천시 북산면 신샘밭로 1152, 1~2층"
통닭(치킨),노랑통닭후평점,"강원특별자치도 춘천시 후석로326번길 13, 101호 (후평동, 현대2차상가)"
한식,공심원,"강원특별자치도 춘천시 남산면 남이섬길 1, 2층"
식육(숯불구이),고드래미족발,강원특별자치도 춘천시 안마산로 207 (퇴계동)
호프/통닭,투다리강대점,강원특별자치도 춘천시 서부대성로239번길 19 (효자동)
식육(숯불구이),봉수닭갈비2층,"강원특별자치도 춘천시 서부대성로227번길 3-1, 2층 (효자동)"
한식,금대골,"강원특별자치도 춘천시 동면 금촌로 250-1, 1층"
호프/통닭,맘스터치춘천석사CGV점,"강원특별자치도 춘천시 퇴계농공로 22, 102호 (석사동)"
기타,다락방,"강원특별자치도 춘천시 서부대성로 221-1, 3층 (효자동)"
한식,신아리랑,"강원특별자치도 춘천시 춘천로309번길 9, 1층 (후평동)"
한식,시골보리밥,강원특별자치도 춘천시 신북읍 율문길 65
한식,곱곱창구이,강원특별자치도 춘천시 동내면 거두택지길26번길 20
한식,충북집,"강원특별자치도 춘천시 명동길29번길 5-5, 1층 (죽림동)"
한식,우미닭갈비본점,강원특별자치도 춘천시 금강로62번길 4 (조양동)
식육(숯불구이),원조숯불닭불고기집,"강원특별자치도 춘천시 중앙로 78 (중앙로2가, 1층)"
한식,조부자매운순대가퇴계점,강원특별자치도 춘천시 우묵길70번길 7 (퇴계동)
기타,마라홀릭마라탕퇴계석사점,"강원특별자치도 춘천시 퇴계농공로 22, 112호 (석사동, 프라임타워 )"
한식,산촌흑염소,"강원특별자치도 춘천시 스무숲1길 8-1, 1층 (석사동)"
한식,굴마을춘천강남점,"강원특별자치도 춘천시 충혼길18번길 11 (온의동, 1층)"
중국식,롱타우객잔,"강원특별자치도 춘천시 후석로 11-4, 1, 2동 1층 (석사동)"
한식,이모네식당,"강원특별자치도 춘천시 소양로171번길 6-6, 1층 (소양로2가)"
한식,싸다아구찜앤탕,강원특별자치도 춘천시 우석로 18 (석사동)
한식,조부자매운순대가CGV점,"강원특별자치도 춘천시 퇴계농공로 9, 104호 (석사동, 넥서스프라자)"
한식,김유정역닭갈비,"강원특별자치도 춘천시 신동면 김유정로 1421, 나동"
까페,닥터빈스,강원특별자치도 춘천시 서면 박사로 976
횟집,해돋이,강원특별자치도 춘천시 후석로 370 (후평동)
한식,도원강,강원특별자치도 춘천시 남춘로36번길 71 (퇴계동)
한식,머슴빱,강원특별자치도 춘천시 우두상리1길 29 (우두동)
한식,쭌이네생모듬구이,강원특별자치도 춘천시 우석로79번길 16-10 (석사동)
한식,레이크,강원특별자치도 춘천시 동산면 새술막길 438
분식,우리동네돈까스,"강원특별자치도 춘천시 동내면 거두택지길4번길 17, 1층"
기타,헬로데일리그린,"강원특별자치도 춘천시 낙원길33번길 2, 1층 (낙원동)"
통닭(치킨),오마이치킨(우두점),"강원특별자치도 춘천시 충열로 10-7 (우두동, 1층,우측)"
한식,박만배아리랑보쌈 춘천거두점,강원특별자치도 춘천시 동내면 거두택지길 65-5
분식,신전떡볶이후평점,강원특별자치도 춘천시 후석로326번길 12 (후평동)
한식,토속순대국,강원특별자치도 춘천시 남산면 한치로 97
식육(숯불구이),고기마을,강원특별자치도 춘천시 동면 춘천로 587
한식,남부해장국,"강원특별자치도 춘천시 퇴계로 12, 1층 (퇴계동)"
기타,커피첼리비파파,"강원특별자치도 춘천시 영서로2753번길 8, 2층 (우두동)"
한식,주전자,"강원특별자치도 춘천시 스무숲1길 67-1, 1층 (석사동)"
기타,춘천두레소비자생활협동조합,"강원특별자치도 춘천시 동내면 공지로 70-61, 1층"
한식,정무네두부,강원특별자치도 춘천시 동면 연산골길 34
한식,강촌막국수,강원특별자치도 춘천시 남산면 강촌로 62-1
한식,실비집,"강원특별자치도 춘천시 사북면 영서로 4751, 1층"
한식,대정식당,강원특별자치도 춘천시 사북면 영서로 4755
중국식,천미향,강원특별자치도 춘천시 동부시장길 11 (운교동)
한식,맛띠아피자,강원특별자치도 춘천시 신북읍 상천3길 6
한식,가보자순대국,강원특별자치도 춘천시 신북읍 신샘밭로 359-8
한식,우리해장국,"강원특별자치도 춘천시 우석로 43, 1층 (석사동)"
기타,스노우가든,강원특별자치도 춘천시 남산면 북한강변길 688-79
한식,라데나골프클럽3,강원특별자치도 춘천시 신동면 칠전동길 72
기타,강가에닭갈비(강가에포차),"강원특별자치도 춘천시 남산면 방하로 1166-3, 1층"
기타,장호덕 손만두,"강원특별자치도 춘천시 남춘천새길 6, 101호 (퇴계동)"
한식,고려산장,강원특별자치도 춘천시 북산면 오봉산길 697
한식,백암토종순대,"강원특별자치도 춘천시 우두1길 21, 1층 102호 (우두동)"
분식,늘푸른분식,강원특별자치도 춘천시 춘천로256번길 14 (효자동)
한식,옹장골관광농원,강원특별자치도 춘천시 남면 소주고개로 213-106
호프/통닭,호야네,강원특별자치도 춘천시 보안길 15 (후평동)
한식,순삭곱창춘천점,"강원특별자치도 춘천시 퇴계로 249, 1층 105-3호 (석사동)"
한식,원주추어탕,"강원특별자치도 춘천시 충혼길8번길 9, 1층 (퇴계동)"
한식,길모퉁이,강원특별자치도 춘천시 공지로439번길 2 (근화동)
한식,글로리아,"강원특별자치도 춘천시 후석로393번길 52-1, 1층 (후평동)"
한식,달콤한삼겹살온의점,"강원특별자치도 춘천시 스포츠타운길 496, 지하1층 B101,102호 (온의동)"
한식,처음처럼벼리네,"강원특별자치도 춘천시 서면 삿갓봉길 102, 1층"
기타,고니아커피(GONIA COFFEE),강원특별자치도 춘천시 동내면 춘천순환로72번길 34
식육(숯불구이),일미흑염소,"강원특별자치도 춘천시 남산면 보매기길 22-51, 1층"
한식,밥짓는마을,"강원특별자치도 춘천시 중앙로 63-1, 2층 (중앙로2가)"
한식,오너스골프클럽티하우스투,강원특별자치도 춘천시 남산면 동촌로 667 (6동 지상1)
한식,오너스골프클럽기사식당,강원특별자치도 춘천시 남산면 동촌로 667 (4동 지상1)
한식,오너스골프클럽티하우스원,강원특별자치도 춘천시 남산면 동촌로 667 (5동 지상1)
분식,짱만두,강원특별자치도 춘천시 퇴계로 140-1 (퇴계동)
한식,한장금요리교실,"강원특별자치도 춘천시 국사봉길 102-3, 1층 (퇴계동)"
한식,우레골황가네,강원특별자치도 춘천시 사북면 우레골길 104-22
한식,낙원갈비집춘천시청점,"강원특별자치도 춘천시 중앙로27번길 9-3, 2층 (옥천동)"
한식,풍물옹심이칼국수(후평점),"강원특별자치도 춘천시 춘천로 344, 1층 (후평동)"
한식,향촌식당,강원특별자치도 춘천시 충열로 20 (우두동)
호프/통닭,기영이숯불두마리치킨춘천후평점,"강원특별자치도 춘천시 백령로 215, 상가2동 1층 101호 (후평동, 춘천일성트루엘더퍼스트아파트)"
호프/통닭,또봉이통닭거두점,"강원특별자치도 춘천시 동내면 거두택지길4번길 11-20, 1층"
기타,그래도좋아회(본점),"강원특별자치도 춘천시 춘천로 258, 1층 (후평동)"
식육(숯불구이),황제돼지갈비만천점,"강원특별자치도 춘천시 동면 만군길 12, 1층"
기타,어반스트릿,"강원특별자치도 춘천시 동면 춘천로449번길 15, 1층"
분식,먹고먹고떡볶이,"강원특별자치도 춘천시 안마산로 199, 1층 103호 (퇴계동)"
한식,누나네식당,"강원특별자치도 춘천시 남산면 강촌로 335-2, 1층"
호프/통닭,BHC춘천동광오거리점,"강원특별자치도 춘천시 춘천로 359, 1층 (후평동)"
기타,투썸플레이스춘천사농점(2),"강원특별자치도 춘천시 영서로 2938, 1층 (사농동)"
횟집,골목횟집,"강원특별자치도 춘천시 충열로16번길 21-11, 1층 (우두동)"
한식,천진동석사점,"강원특별자치도 춘천시 벌말길 81, 1층 (석사동)"
식육(숯불구이),춘천명종닭갈비&교동면옥,"강원특별자치도 춘천시 동면 도일길 56, 1,2층"
기타,녹색시간,"강원특별자치도 춘천시 낙원길33번길 4-3, 1층 (낙원동)"
"외국음식전문점(인도,태국등)",77닭강정,"강원특별자치도 춘천시 중앙로77번길 10-1, 1층 (죽림동)"
중국식,야,"강원특별자치도 춘천시 백령로138번길 26, 2층 (효자동)"
일식,스시니쿠후평점,강원특별자치도 춘천시 후석로 298-1 (후평동)
한식,통통닭발,"강원특별자치도 춘천시 우석로79번길 15-8, 1층 (석사동)"
한식,짜글이미식회춘천점,"강원특별자치도 춘천시 춘천로204번길 60, 2층 (효자동)"
한식,보안삼거리집,"강원특별자치도 춘천시 후석로 342, 나동 (후평동)"
한식,솥뚜껑감자탕,강원특별자치도 춘천시 수풍골길 10 (후평동)
식육(숯불구이),최가네왕족발,"강원특별자치도 춘천시 효평길 101, 1층 (후평동)"
한식,백제추어탕,강원특별자치도 춘천시 행촌로 55-6 (퇴계동)
식육(숯불구이),정모가자숯불갈비,"강원특별자치도 춘천시 춘천로 172-1, 1층 (운교동)"
한식,본마실누룽지삼계탕춘천점,강원특별자치도 춘천시 춘천로 401 (후평동)
한식,장대박,강원특별자치도 춘천시 춘천로426번길 19 (후평동)
식육(숯불구이),79대포춘천강원대점,"강원특별자치도 춘천시 서부대성로239번길 3, 1층 (효자동)"
한식,감자바위,강원특별자치도 춘천시 보안길 17 (후평동)
한식,부안막국수,강원특별자치도 춘천시 후석로344번길 7 (후평동)
한식,태양부양꼬치,"강원특별자치도 춘천시 지석로 89, 105,106,107호 (석사동, 더퍼스트빌딩)"
한식,우미닭갈비막국수,강원특별자치도 춘천시 안마산로 7 (온의동)
한식,엄마찬스,"강원특별자치도 춘천시 동면 춘천로449번길 15-4, 1층 101호"
한식,민가,"강원특별자치도 춘천시 남춘천길 3, 1층 (퇴계동)"
한식,우리형닭갈비,"강원특별자치도 춘천시 칠전서길 42-18, 1층 (칠전동)"
